annotation_id	typeOfAnalysis	p_times	ranking
hsa05200	Target_Hypergeom	0.935	3.0
hsa05202	Target_Hypergeom	0.865	20.0
hsa04151	Target_Hypergeom	0.807	23.0
hsa05205	Target_Hypergeom	0.853	23.0
hsa05166	Target_Hypergeom	0.771	25.0
hsa04933	Target_Hypergeom	0.767	27.0
hsa05219	Target_Hypergeom	0.738	28.0
hsa05215	Target_Hypergeom	0.786	30.5
hsa05222	Target_Hypergeom	0.754	31.0
hsa05163	Target_Hypergeom	0.763	32.0
hsa05417	Target_Hypergeom	0.737	33.0
hsa04218	Target_Hypergeom	0.767	34.0
hsa05202	TFs_Hypergeom	0.258	34.0
hsa05161	Target_Hypergeom	0.735	34.0
hsa05200	TFs_Hypergeom	0.211	35.0
hsa01522	Target_Hypergeom	0.767	36.0
hsa04066	Target_Hypergeom	0.76	36.0
hsa05210	Target_Hypergeom	0.771	37.25
hsa05212	Target_Hypergeom	0.738	37.5
hsa05220	Target_Hypergeom	0.753	37.5
hsa05167	Target_Hypergeom	0.732	38.0
hsa05169	Target_Hypergeom	0.701	38.0
hsa05225	Target_Hypergeom	0.772	40.0
hsa04630	Target_Hypergeom	0.662	41.0
hsa05226	Target_Hypergeom	0.742	42.0
hsa04115	Target_Hypergeom	0.68	42.0
hsa05418	Target_Hypergeom	0.682	44.0
hsa04510	Target_Hypergeom	0.748	44.0
hsa05206	Target_Hypergeom	0.72	48.5
hsa05224	Target_Hypergeom	0.709	49.0
hsa04068	Target_Hypergeom	0.69	50.0
hsa05165	Target_Hypergeom	0.688	50.0
hsa05223	Target_Hypergeom	0.704	50.0
hsa05162	Target_Hypergeom	0.622	51.0
hsa04010	Target_Hypergeom	0.678	53.5
hsa05213	Target_Hypergeom	0.718	54.0
hsa05218	Target_Hypergeom	0.679	54.0
hsa04210	Target_Hypergeom	0.617	57.0
hsa05160	Target_Hypergeom	0.603	59.0
hsa05216	Target_Hypergeom	0.682	59.0
hsa05203	Target_Hypergeom	0.65	60.0
hsa04110	Target_Hypergeom	0.658	60.0
hsa05221	Target_Hypergeom	0.67	60.25
hsa05214	Target_Hypergeom	0.642	62.0
hsa05142	Target_Hypergeom	0.554	65.0
hsa04659	Target_Hypergeom	0.574	65.0
hsa01521	Target_Hypergeom	0.611	65.0
hsa04928	Target_Hypergeom	0.66	66.0
hsa05131	Target_Hypergeom	0.654	67.0
hsa04390	Target_Hypergeom	0.675	68.0
hsa04668	Target_Hypergeom	0.556	68.0
hsa04934	Target_Hypergeom	0.602	70.0
hsa05140	Target_Hypergeom	0.538	71.0
hsa01524	Target_Hypergeom	0.556	71.0
hsa05207	Target_Hypergeom	0.6	71.0
hsa04380	Target_Hypergeom	0.539	72.0
hsa05135	Target_Hypergeom	0.564	73.25
hsa05145	Target_Hypergeom	0.535	75.0
hsa05321	Target_Hypergeom	0.523	77.0
hsa04657	Target_Hypergeom	0.507	80.0
hsa04917	Target_Hypergeom	0.535	80.75
hsa04015	Target_Hypergeom	0.535	84.0
hsa04625	Target_Hypergeom	0.507	84.0
hsa04520	Target_Hypergeom	0.549	85.0
hsa04810	Target_NonCentral	0.118	86.0
hsa04310	Target_Hypergeom	0.525	87.5
hsa04919	Target_Hypergeom	0.509	88.0
hsa04915	Target_Hypergeom	0.497	88.75
hsa04921	Target_Hypergeom	0.487	89.0
hsa04926	Target_Hypergeom	0.465	89.0
hsa04152	Target_Hypergeom	0.48	89.0
hsa04064	Target_Hypergeom	0.47	90.75
hsa04022	Target_NonCentral	0.134	91.0
hsa05143	Target_Hypergeom	0.423	92.0
hsa05323	Target_Hypergeom	0.457	93.0
hsa05230	Target_Hypergeom	0.476	94.0
hsa05146	Target_Hypergeom	0.464	94.0
hsa04931	Target_Hypergeom	0.456	95.0
hsa04660	Target_Hypergeom	0.485	95.0
hsa05412	Target_NonCentral	0.105	95.5
hsa04371	Target_Hypergeom	0.433	96.0
hsa04514	Target_NonCentral	0.149	96.0
hsa04658	Target_Hypergeom	0.487	96.75
hsa04024	Target_NonCentral	0.084	97.0
hsa04015	Target_NonCentral	0.118	97.0
hsa04072	Target_NonCentral	0.084	98.0
hsa05164	Target_Hypergeom	0.453	99.0
hsa04666	Target_NonCentral	0.119	100.0
hsa05152	Target_Hypergeom	0.422	100.0
hsa04012	Target_Hypergeom	0.405	100.0
hsa05144	Target_Hypergeom	0.452	101.0
hsa04071	Target_Hypergeom	0.394	101.75
hsa04261	Target_NonCentral	0.085	102.0
hsa05211	Target_Hypergeom	0.441	102.25
hsa04062	Target_NonCentral	0.127	102.5
hsa04913	Target_Hypergeom	0.418	103.0
hsa05130	Target_Hypergeom	0.421	103.0
hsa04930	Target_NonCentral	0.092	103.0
hsa04925	Target_NonCentral	0.101	104.0
hsa04611	Target_NonCentral	0.091	104.0
hsa05133	Target_Hypergeom	0.425	104.75
hsa04670	Target_Hypergeom	0.373	105.0
hsa04911	Target_NonCentral	0.096	106.5
hsa04922	Target_NonCentral	0.075	108.0
hsa04910	Target_NonCentral	0.102	108.5
hsa05203	Target_NonCentral	0.115	109.0
hsa05416	Target_Hypergeom	0.397	109.0
hsa04927	Target_NonCentral	0.083	109.0
hsa05414	Target_NonCentral	0.058	109.0
hsa04931	Target_NonCentral	0.122	110.0
hsa04670	Target_NonCentral	0.092	110.0
hsa04916	Target_NonCentral	0.108	110.0
hsa04512	Target_NonCentral	0.115	110.0
hsa05221	Target_NonCentral	0.067	110.0
hsa04530	Target_Hypergeom	0.362	110.0
hsa04152	Target_NonCentral	0.12	111.0
hsa04510	Target_NonCentral	0.093	111.5
hsa04380	Target_NonCentral	0.086	112.0
hsa04014	Target_Hypergeom	0.347	112.0
hsa05202	Target_NonCentral	0.079	112.0
hsa04932	Target_Hypergeom	0.347	112.0
hsa05165	Target_NonCentral	0.117	112.5
hsa04934	Target_NonCentral	0.078	113.0
hsa04810	Target_Hypergeom	0.361	113.0
hsa04350	Target_Hypergeom	0.35	113.75
hsa05235	Target_Hypergeom	0.375	114.0
hsa04010	Target_NonCentral	0.09	115.0
hsa05170	Target_Hypergeom	0.383	115.0
hsa04020	Target_NonCentral	0.089	115.0
hsa04640	Target_Hypergeom	0.397	115.0
hsa05410	Target_Hypergeom	0.359	116.0
hsa04550	Target_NonCentral	0.089	116.0
hsa04370	Target_Hypergeom	0.342	116.0
hsa05132	Target_Hypergeom	0.327	116.0
hsa04211	Target_Hypergeom	0.321	116.25
hsa04360	Target_NonCentral	0.118	116.5
hsa04151	Target_NonCentral	0.14	116.5
hsa04935	Target_NonCentral	0.059	116.5
hsa05330	Target_Hypergeom	0.406	117.0
hsa04072	Target_Hypergeom	0.331	117.0
hsa04390	Target_NonCentral	0.076	117.5
hsa04935	Target_Hypergeom	0.332	118.0
hsa04270	Target_NonCentral	0.063	118.0
hsa05017	Target_NonCentral	0.055	118.0
hsa04919	Target_NonCentral	0.079	118.5
hsa05410	Target_NonCentral	0.051	119.0
hsa04020	Target_Hypergeom	0.321	119.0
hsa04960	Target_NonCentral	0.049	119.5
hsa04929	Target_NonCentral	0.068	119.5
hsa04611	Target_Hypergeom	0.334	120.0
hsa04927	Target_Hypergeom	0.307	121.0
hsa04213	Target_NonCentral	0.074	121.0
hsa04920	Target_NonCentral	0.138	122.0
hsa04150	Target_NonCentral	0.07	122.0
hsa04620	Target_Hypergeom	0.402	123.0
hsa04371	Target_NonCentral	0.036	123.0
hsa04014	Target_NonCentral	0.069	123.0
hsa04550	Target_Hypergeom	0.3	123.5
hsa05100	Target_Hypergeom	0.314	123.5
hsa04071	Target_NonCentral	0.052	124.0
hsa05200	Target_NonCentral	0.132	125.0
hsa05135	Target_NonCentral	0.058	126.0
hsa04330	Target_NonCentral	0.091	126.0
hsa04961	Target_NonCentral	0.073	126.0
hsa04928	Target_NonCentral	0.032	126.0
hsa04310	Target_NonCentral	0.05	127.0
hsa04650	Target_NonCentral	0.076	127.0
hsa04520	Target_NonCentral	0.042	127.5
hsa04930	Target_Hypergeom	0.275	127.5
hsa05231	Target_Hypergeom	0.265	127.75
hsa05166	Target_NonCentral	0.134	128.0
hsa05415	Target_NonCentral	0.061	128.0
hsa04970	Target_NonCentral	0.027	128.0
hsa04060	Target_Hypergeom	0.365	128.0
hsa05130	Target_NonCentral	0.022	128.5
hsa04664	Target_Hypergeom	0.322	129.0
hsa04024	Target_Hypergeom	0.255	129.0
hsa04664	Target_NonCentral	0.08	129.0
hsa04211	Target_NonCentral	0.059	129.0
hsa04925	Target_Hypergeom	0.273	129.75
hsa04621	Target_Hypergeom	0.32	130.0
hsa05414	Target_Hypergeom	0.259	130.0
hsa04530	Target_NonCentral	0.065	130.0
hsa05145	Target_NonCentral	0.111	130.0
hsa05230	Target_NonCentral	0.059	130.0
hsa04662	Target_NonCentral	0.055	130.5
hsa05231	Target_NonCentral	0.033	131.0
hsa05417	Target_NonCentral	0.145	131.0
hsa04924	Target_NonCentral	0.031	131.0
hsa01100	Target_NonCentral	0.104	131.5
hsa04662	Target_Hypergeom	0.298	131.5
hsa04062	Target_Hypergeom	0.274	132.0
hsa04215	Target_Hypergeom	0.321	132.0
hsa04918	Target_NonCentral	0.05	132.0
hsa04923	Target_NonCentral	0.032	132.0
hsa04640	Target_NonCentral	0.165	132.5
hsa05416	Target_NonCentral	0.058	133.0
hsa05131	Target_NonCentral	0.033	133.0
hsa04750	Target_NonCentral	0.06	133.0
hsa05235	Target_NonCentral	0.049	133.0
hsa04650	Target_Hypergeom	0.303	133.0
hsa04912	Target_Hypergeom	0.237	133.25
hsa04722	Target_Hypergeom	0.261	133.5
hsa04728	Target_NonCentral	0.038	134.0
hsa04613	Target_NonCentral	0.06	134.0
hsa05215	Target_NonCentral	0.085	134.0
hsa05217	Target_Hypergeom	0.247	134.0
hsa01523	Target_Hypergeom	0.297	134.0
hsa05412	Target_Hypergeom	0.252	134.5
hsa05222	Target_NonCentral	0.112	135.0
hsa04120	Target_NonCentral	0.039	135.0
hsa05010	Target_NonCentral	0.061	135.0
hsa05161	Target_NonCentral	0.078	135.0
hsa04137	Target_Hypergeom	0.278	135.0
hsa04145	Target_NonCentral	0.111	136.0
hsa05134	Target_Hypergeom	0.339	136.0
hsa04971	Target_NonCentral	0.029	137.0
hsa04914	Target_NonCentral	0.078	137.0
hsa04070	Target_NonCentral	0.077	137.0
hsa04022	Target_Hypergeom	0.247	137.0
hsa05100	Target_NonCentral	0.041	137.5
hsa04722	Target_NonCentral	0.03	137.5
hsa04917	Target_NonCentral	0.071	137.5
hsa04350	Target_NonCentral	0.03	138.0
hsa00230	Target_NonCentral	0.049	138.0
hsa04068	Target_NonCentral	0.1	138.0
hsa04140	Target_NonCentral	0.03	138.0
hsa04137	Target_NonCentral	0.039	138.0
hsa05205	Target_NonCentral	0.03	138.0
hsa05031	Target_NonCentral	0.023	139.0
hsa04217	Target_Hypergeom	0.295	139.0
hsa05415	Target_Hypergeom	0.25	139.0
hsa04144	Target_NonCentral	0.051	139.0
hsa01240	Target_NonCentral	0.065	139.0
hsa04218	Target_NonCentral	0.092	139.0
hsa05223	Target_NonCentral	0.039	139.0
hsa05132	Target_NonCentral	0.049	139.0
hsa04210	Target_NonCentral	0.093	139.0
hsa04672	Target_Hypergeom	0.373	139.25
hsa04370	Target_NonCentral	0.022	139.5
hsa04972	Target_NonCentral	0.027	140.5
hsa05160	Target_NonCentral	0.122	141.0
hsa05213	Target_NonCentral	0.058	141.0
hsa05220	Target_NonCentral	0.049	141.0
hsa05163	Target_NonCentral	0.065	141.0
hsa05170	Target_NonCentral	0.086	141.0
hsa05169	Target_NonCentral	0.153	142.0
hsa04064	Target_NonCentral	0.121	142.0
hsa04932	Target_NonCentral	0.057	142.0
hsa04913	Target_NonCentral	0.074	142.0
hsa04012	Target_NonCentral	0.029	142.0
hsa04920	Target_Hypergeom	0.271	142.0
hsa05167	Target_NonCentral	0.097	142.0
hsa04974	Target_NonCentral	0.077	142.5
hsa01521	Target_NonCentral	0.058	142.5
hsa04724	Target_NonCentral	0.074	143.0
hsa04940	Target_Hypergeom	0.336	143.0
hsa04725	Target_NonCentral	0.035	143.5
hsa05120	Target_Hypergeom	0.21	143.5
hsa04978	Target_NonCentral	0.033	144.0
hsa04713	Target_NonCentral	0.045	144.0
hsa04659	Target_NonCentral	0.092	144.0
hsa04217	Target_NonCentral	0.096	144.0
hsa04540	Target_NonCentral	0.018	144.0
hsa05332	Target_Hypergeom	0.319	144.0
hsa04725	Target_Hypergeom	0.207	144.25
hsa04730	Target_NonCentral	0.033	144.5
hsa05146	Target_NonCentral	0.067	144.5
hsa05208	Target_Hypergeom	0.202	145.0
hsa05217	Target_NonCentral	0.071	145.0
hsa04114	Target_NonCentral	0.045	145.0
hsa05152	Target_NonCentral	0.138	146.0
hsa05320	Target_Hypergeom	0.334	146.0
hsa04140	Target_Hypergeom	0.182	146.0
hsa05226	Target_NonCentral	0.056	146.0
hsa04921	Target_NonCentral	0.011	146.0
hsa05225	Target_NonCentral	0.051	146.5
hsa04144	Target_Hypergeom	0.188	147.0
hsa04912	Target_NonCentral	0.019	147.0
hsa04061	Target_Hypergeom	0.314	147.0
hsa05214	Target_NonCentral	0.043	147.0
hsa05224	Target_NonCentral	0.059	147.0
hsa05212	Target_NonCentral	0.048	147.0
hsa04610	Target_NonCentral	0.085	147.5
hsa00140	Target_NonCentral	0.156	147.5
hsa05216	Target_NonCentral	0.029	148.0
hsa04973	Target_NonCentral	0.067	148.5
hsa05211	Target_NonCentral	0.038	148.5
hsa05030	Target_NonCentral	0.049	149.0
hsa05207	Target_NonCentral	0.071	149.0
hsa05418	Target_NonCentral	0.066	149.0
hsa04660	Target_NonCentral	0.077	149.0
hsa04066	Target_NonCentral	0.027	149.0
hsa04714	Target_NonCentral	0.016	149.0
hsa04658	Target_NonCentral	0.103	150.0
hsa05032	Target_NonCentral	0.041	150.0
hsa05218	Target_NonCentral	0.038	150.0
hsa05022	Target_NonCentral	0.057	150.0
hsa05120	Target_NonCentral	0.027	150.0
hsa05171	Target_Hypergeom	0.322	150.0
hsa04260	Target_NonCentral	0.051	150.5
hsa04621	Target_NonCentral	0.103	150.5
hsa04213	Target_Hypergeom	0.217	151.0
hsa03320	Target_NonCentral	0.122	151.5
hsa05031	Target_Hypergeom	0.14	151.5
hsa04360	Target_Hypergeom	0.208	151.5
hsa04340	Target_Hypergeom	0.172	152.0
hsa05164	Target_NonCentral	0.183	152.0
hsa04141	Target_NonCentral	0.042	152.0
hsa04960	Target_Hypergeom	0.141	152.25
hsa05020	Target_NonCentral	0.02	152.5
hsa00564	Target_NonCentral	0.056	152.5
hsa04514	Target_Hypergeom	0.199	153.0
hsa04726	Target_NonCentral	0.02	153.0
hsa04933	Target_NonCentral	0.102	153.0
hsa04666	Target_Hypergeom	0.177	153.0
hsa04961	Target_Hypergeom	0.185	153.0
hsa04512	Target_Hypergeom	0.204	153.5
hsa04915	Target_NonCentral	0.061	154.0
hsa01524	Target_NonCentral	0.061	154.0
hsa04922	Target_Hypergeom	0.136	154.0
hsa04270	Target_Hypergeom	0.16	154.0
hsa04625	Target_NonCentral	0.05	154.5
hsa04976	Target_NonCentral	0.096	155.0
hsa04215	Target_NonCentral	0.062	155.0
hsa05134	Target_NonCentral	0.111	155.0
hsa05210	Target_NonCentral	0.072	155.0
hsa05208	Target_NonCentral	0.025	155.0
hsa04910	Target_Hypergeom	0.168	155.0
hsa01523	Target_NonCentral	0.039	156.5
hsa04979	Target_NonCentral	0.163	157.0
hsa05162	Target_NonCentral	0.138	158.0
hsa04926	Target_NonCentral	0.035	158.0
hsa04720	Target_NonCentral	0.064	158.0
hsa04630	Target_NonCentral	0.107	158.5
hsa04750	Target_Hypergeom	0.159	158.5
hsa04216	Target_Hypergeom	0.124	158.75
hsa04979	Target_Hypergeom	0.271	159.0
hsa04110	Target_NonCentral	0.14	159.0
hsa04730	Target_Hypergeom	0.161	159.5
hsa04216	Target_NonCentral	0.022	159.5
hsa00562	Target_NonCentral	0.06	160.0
hsa04115	Target_NonCentral	0.071	160.0
hsa05016	Target_NonCentral	0.009	160.0
hsa04929	Target_Hypergeom	0.161	160.5
hsa05219	Target_NonCentral	0.03	161.0
hsa03320	Target_Hypergeom	0.239	161.0
hsa04261	Target_Hypergeom	0.13	161.0
hsa05140	Target_NonCentral	0.094	161.0
hsa04080	Target_NonCentral	0.131	162.0
hsa05144	Target_NonCentral	0.097	162.0
hsa05310	Target_Hypergeom	0.301	162.25
hsa05340	Target_NonCentral	0.096	163.0
hsa01522	Target_NonCentral	0.032	163.0
hsa05034	Target_NonCentral	0.019	163.0
hsa04061	Target_NonCentral	0.108	163.0
hsa04971	Target_Hypergeom	0.136	163.75
hsa04976	Target_Hypergeom	0.196	164.0
hsa04668	Target_NonCentral	0.106	164.0
hsa04612	Target_NonCentral	0.096	164.0
hsa00140	Target_Hypergeom	0.258	164.5
hsa04620	Target_NonCentral	0.119	165.0
hsa04060	Target_NonCentral	0.181	165.0
hsa05012	Target_NonCentral	0.006	165.0
hsa05142	Target_NonCentral	0.086	166.0
hsa05133	Target_NonCentral	0.076	166.0
hsa04911	Target_Hypergeom	0.126	166.0
hsa02010	Target_NonCentral	0.033	166.5
hsa05143	Target_NonCentral	0.09	166.5
hsa05110	Target_NonCentral	0.019	167.0
hsa04340	Target_NonCentral	0.023	167.0
hsa04540	Target_Hypergeom	0.093	167.0
hsa05206	Target_NonCentral	0.04	169.0
hsa04330	Target_Hypergeom	0.154	169.0
hsa04914	Target_Hypergeom	0.129	170.0
hsa04923	Target_Hypergeom	0.089	170.0
hsa00983	Target_NonCentral	0.084	170.5
hsa04142	Target_NonCentral	0.057	171.0
hsa04610	Target_Hypergeom	0.178	171.5
hsa04622	Target_NonCentral	0.105	172.0
hsa05166	TFs_Hypergeom	0.132	172.5
hsa05014	Target_NonCentral	0.009	173.0
hsa00590	Target_NonCentral	0.025	173.0
hsa05171	Target_NonCentral	0.128	173.0
hsa05207	TFs_Hypergeom	0.079	173.5
hsa05161	TFs_Hypergeom	0.156	173.5
hsa04150	Target_Hypergeom	0.115	174.0
hsa04924	Target_Hypergeom	0.07	174.0
hsa05167	TFs_Hypergeom	0.106	174.0
hsa05030	Target_Hypergeom	0.11	174.25
hsa04659	TFs_Hypergeom	0.188	174.5
hsa05163	TFs_Hypergeom	0.064	174.5
hsa05203	TFs_Hypergeom	0.096	174.5
hsa05224	TFs_Hypergeom	0.08	174.5
hsa04380	TFs_Hypergeom	0.195	174.5
hsa04010	TFs_Hypergeom	0.039	174.5
hsa04713	Target_Hypergeom	0.104	174.75
hsa05169	TFs_Hypergeom	0.086	175.0
hsa05160	TFs_Hypergeom	0.077	175.0
hsa04218	TFs_Hypergeom	0.094	175.0
hsa04934	TFs_Hypergeom	0.078	175.0
hsa05165	TFs_Hypergeom	0.037	175.0
hsa05215	TFs_Hypergeom	0.244	175.0
hsa04915	TFs_Hypergeom	0.075	175.0
hsa02010	Target_Hypergeom	0.112	175.0
hsa05417	TFs_Hypergeom	0.038	175.0
hsa04151	TFs_Hypergeom	0.032	175.5
hsa05162	TFs_Hypergeom	0.058	175.5
hsa05221	TFs_Hypergeom	0.223	175.5
hsa04550	TFs_Hypergeom	0.072	175.5
hsa04658	TFs_Hypergeom	0.23	175.5
hsa04928	TFs_Hypergeom	0.167	175.5
hsa05225	TFs_Hypergeom	0.057	175.5
hsa04932	TFs_Hypergeom	0.057	175.75
hsa04625	TFs_Hypergeom	0.107	176.0
hsa04390	TFs_Hypergeom	0.056	176.0
hsa04137	TFs_Hypergeom	0.183	176.0
hsa04022	TFs_Hypergeom	0.059	176.0
hsa05321	TFs_Hypergeom	0.192	176.0
hsa04024	TFs_Hypergeom	0.014	176.0
hsa04211	TFs_Hypergeom	0.165	176.0
hsa04931	TFs_Hypergeom	0.098	176.0
hsa04917	TFs_Hypergeom	0.206	176.0
hsa05226	TFs_Hypergeom	0.054	176.0
hsa04919	TFs_Hypergeom	0.119	176.0
hsa04933	TFs_Hypergeom	0.163	176.0
hsa04935	TFs_Hypergeom	0.119	176.0
hsa05220	TFs_Hypergeom	0.18	176.0
hsa04668	TFs_Hypergeom	0.122	176.0
hsa04310	TFs_Hypergeom	0.041	176.0
hsa05321	Target_NonCentral	0.134	176.0
hsa01522	TFs_Hypergeom	0.153	176.0
hsa05320	Target_NonCentral	0.114	176.0
hsa05152	TFs_Hypergeom	0.044	176.5
hsa05208	TFs_Hypergeom	0.009	176.5
hsa05031	TFs_Hypergeom	0.13	176.5
hsa04350	TFs_Hypergeom	0.15	176.5
hsa04217	TFs_Hypergeom	0.028	176.5
hsa04630	TFs_Hypergeom	0.034	176.5
hsa05222	TFs_Hypergeom	0.123	176.5
hsa05212	TFs_Hypergeom	0.14	176.5
hsa05168	TFs_Hypergeom	0.008	176.5
hsa05016	TFs_Hypergeom	0.014	176.5
hsa05213	TFs_Hypergeom	0.144	176.5
hsa05216	TFs_Hypergeom	0.143	176.5
hsa04722	TFs_Hypergeom	0.073	176.5
hsa04152	TFs_Hypergeom	0.076	176.5
hsa05223	TFs_Hypergeom	0.155	176.5
hsa04110	TFs_Hypergeom	0.088	176.5
hsa04728	Target_Hypergeom	0.089	176.5
hsa05206	TFs_Hypergeom	0.015	176.5
hsa04621	TFs_Hypergeom	0.029	176.5
hsa05205	TFs_Hypergeom	0.016	176.5
hsa04926	TFs_Hypergeom	0.084	176.5
hsa05132	TFs_Hypergeom	0.006	176.5
hsa04916	TFs_Hypergeom	0.115	176.5
hsa05171	TFs_Hypergeom	0.013	176.5
hsa05030	TFs_Hypergeom	0.144	176.5
hsa05131	TFs_Hypergeom	0.004	176.5
hsa05135	TFs_Hypergeom	0.067	176.5
hsa05170	TFs_Hypergeom	0.007	176.5
hsa05235	TFs_Hypergeom	0.144	176.5
hsa04927	TFs_Hypergeom	0.155	176.5
hsa05210	TFs_Hypergeom	0.131	176.5
hsa05010	Target_Hypergeom	0.116	176.5
hsa04922	TFs_Hypergeom	0.067	176.75
hsa04728	TFs_Hypergeom	0.082	176.75
hsa04062	TFs_Hypergeom	0.025	177.0
hsa04925	TFs_Hypergeom	0.113	177.0
hsa04261	TFs_Hypergeom	0.028	177.0
hsa05164	TFs_Hypergeom	0.024	177.0
hsa04725	TFs_Hypergeom	0.046	177.0
hsa04918	TFs_Hypergeom	0.112	177.0
hsa05140	TFs_Hypergeom	0.114	177.0
hsa04657	TFs_Hypergeom	0.102	177.0
hsa05133	TFs_Hypergeom	0.109	177.0
hsa04662	TFs_Hypergeom	0.107	177.0
hsa04918	Target_Hypergeom	0.1	177.0
hsa05418	TFs_Hypergeom	0.033	177.0
hsa04068	TFs_Hypergeom	0.052	177.0
hsa05034	TFs_Hypergeom	0.022	177.0
hsa04911	TFs_Hypergeom	0.104	177.0
hsa05020	TFs_Hypergeom	0.008	177.0
hsa04950	TFs_Hypergeom	0.184	177.0
hsa04520	TFs_Hypergeom	0.105	177.0
hsa04210	TFs_Hypergeom	0.053	177.0
hsa04660	TFs_Hypergeom	0.053	177.0
hsa04921	TFs_Hypergeom	0.016	177.0
hsa04620	TFs_Hypergeom	0.056	177.0
hsa04012	TFs_Hypergeom	0.09	177.0
hsa05218	TFs_Hypergeom	0.088	177.5
hsa04912	TFs_Hypergeom	0.078	177.5
hsa05022	TFs_Hypergeom	0.002	177.5
hsa05231	TFs_Hypergeom	0.071	177.5
hsa05217	TFs_Hypergeom	0.093	177.5
hsa05017	TFs_Hypergeom	0.027	177.5
hsa04920	TFs_Hypergeom	0.091	177.5
hsa04714	TFs_Hypergeom	0.004	177.5
hsa04014	TFs_Hypergeom	0.009	177.5
hsa04371	TFs_Hypergeom	0.03	177.5
hsa05219	TFs_Hypergeom	0.082	177.5
hsa05012	TFs_Hypergeom	0.004	177.5
hsa05010	TFs_Hypergeom	0.003	177.5
hsa04066	TFs_Hypergeom	0.037	177.5
hsa05415	TFs_Hypergeom	0.014	177.5
hsa05014	TFs_Hypergeom	0.003	178.0
hsa04622	TFs_Hypergeom	0.057	178.0
hsa04723	Target_NonCentral	0.009	178.0
hsa04623	TFs_Hypergeom	0.057	178.0
hsa05211	TFs_Hypergeom	0.089	178.0
hsa04910	TFs_Hypergeom	0.008	178.0
hsa04141	TFs_Hypergeom	0.014	178.0
hsa04612	TFs_Hypergeom	0.083	178.0
hsa03320	TFs_Hypergeom	0.071	178.0
hsa05145	TFs_Hypergeom	0.036	178.0
hsa04962	TFs_Hypergeom	0.055	178.0
hsa05214	TFs_Hypergeom	0.059	178.0
hsa05412	TFs_Hypergeom	0.054	178.0
hsa05142	TFs_Hypergeom	0.058	178.0
hsa05130	TFs_Hypergeom	0.009	178.0
hsa05230	TFs_Hypergeom	0.06	178.0
hsa05120	TFs_Hypergeom	0.052	178.5
hsa05134	TFs_Hypergeom	0.065	178.5
hsa04064	TFs_Hypergeom	0.051	178.5
hsa05323	TFs_Hypergeom	0.034	178.5
hsa04650	TFs_Hypergeom	0.018	178.5
hsa04213	TFs_Hypergeom	0.055	178.5
hsa04071	TFs_Hypergeom	0.022	178.5
hsa04510	TFs_Hypergeom	0.006	178.5
hsa04916	Target_Hypergeom	0.117	178.5
hsa05323	Target_NonCentral	0.156	178.5
hsa01521	TFs_Hypergeom	0.043	178.5
hsa04710	TFs_Hypergeom	0.08	178.5
hsa04713	TFs_Hypergeom	0.036	178.5
hsa04976	TFs_Hypergeom	0.02	179.0
hsa05146	TFs_Hypergeom	0.024	179.0
hsa04360	TFs_Hypergeom	0.003	179.0
hsa01524	TFs_Hypergeom	0.019	179.0
hsa04216	TFs_Hypergeom	0.019	179.0
hsa04115	TFs_Hypergeom	0.037	179.0
hsa04114	TFs_Hypergeom	0.021	179.0
hsa04961	TFs_Hypergeom	0.04	179.0
hsa04613	TFs_Hypergeom	0.006	179.0
hsa01523	TFs_Hypergeom	0.033	179.0
hsa04530	TFs_Hypergeom	0.008	179.0
hsa04720	TFs_Hypergeom	0.022	179.0
hsa04370	TFs_Hypergeom	0.022	179.0
hsa04114	Target_Hypergeom	0.091	179.0
hsa04924	TFs_Hypergeom	0.023	179.0
hsa05340	TFs_Hypergeom	0.022	179.5
hsa04340	TFs_Hypergeom	0.022	179.5
hsa04330	TFs_Hypergeom	0.023	179.5
hsa00310	TFs_Hypergeom	0.019	179.5
hsa01100	TFs_Hypergeom	0.0	179.5
hsa04929	TFs_Hypergeom	0.015	179.5
hsa04140	TFs_Hypergeom	0.002	179.5
hsa04978	TFs_Hypergeom	0.016	179.5
hsa04144	TFs_Hypergeom	0.0	179.5
hsa04392	TFs_Hypergeom	0.047	179.5
hsa04914	TFs_Hypergeom	0.018	179.5
hsa04080	TFs_Hypergeom	0.001	179.5
hsa03022	TFs_Hypergeom	0.015	179.75
hsa04930	TFs_Hypergeom	0.024	179.75
hsa00534	TFs_Hypergeom	0.0	180.0
hsa00400	TFs_Hypergeom	0.0	180.0
hsa04640	TFs_Hypergeom	0.0	180.0
hsa01240	TFs_Hypergeom	0.0	180.0
hsa04974	TFs_Hypergeom	0.0	180.0
hsa04971	TFs_Hypergeom	0.0	180.0
hsa01210	TFs_Hypergeom	0.0	180.0
hsa04913	TFs_Hypergeom	0.0	180.0
hsa04136	TFs_Hypergeom	0.0	180.0
hsa00910	TFs_Hypergeom	0.0	180.0
hsa00730	TFs_Hypergeom	0.0	180.0
hsa01212	TFs_Hypergeom	0.0	180.0
hsa03020	TFs_Hypergeom	0.0	180.0
hsa00604	TFs_Hypergeom	0.0	180.0
hsa05330	TFs_Hypergeom	0.0	180.0
hsa04020	TFs_Hypergeom	0.0	180.0
hsa00531	TFs_Hypergeom	0.0	180.0
hsa04940	TFs_Hypergeom	0.0	180.0
hsa00511	TFs_Hypergeom	0.0	180.0
hsa00563	TFs_Hypergeom	0.0	180.0
hsa04657	Target_NonCentral	0.078	180.0
hsa00480	TFs_Hypergeom	0.0	180.0
hsa05144	TFs_Hypergeom	0.0	180.0
hsa04742	TFs_Hypergeom	0.0	180.0
hsa04744	TFs_Hypergeom	0.0	180.0
hsa00030	TFs_Hypergeom	0.0	180.0
hsa03008	TFs_Hypergeom	0.0	180.0
hsa00512	TFs_Hypergeom	0.0	180.0
hsa04973	TFs_Hypergeom	0.0	180.0
hsa00564	TFs_Hypergeom	0.0	180.0
hsa00140	TFs_Hypergeom	0.0	180.0
hsa00190	TFs_Hypergeom	0.0	180.0
hsa05322	TFs_Hypergeom	0.0	180.0
hsa00520	TFs_Hypergeom	0.0	180.0
hsa05332	TFs_Hypergeom	0.0	180.0
hsa04721	TFs_Hypergeom	0.0	180.0
hsa00980	TFs_Hypergeom	0.0	180.0
hsa00830	TFs_Hypergeom	0.0	180.0
hsa00591	TFs_Hypergeom	0.0	180.0
hsa00565	TFs_Hypergeom	0.0	180.0
hsa04540	TFs_Hypergeom	0.0	180.0
hsa00640	TFs_Hypergeom	0.0	180.0
hsa00900	TFs_Hypergeom	0.0	180.0
hsa00510	TFs_Hypergeom	0.0	180.0
hsa00920	TFs_Hypergeom	0.0	180.0
hsa00220	TFs_Hypergeom	0.0	180.0
hsa05143	TFs_Hypergeom	0.0	180.0
hsa04964	TFs_Hypergeom	0.0	180.0
hsa04923	TFs_Hypergeom	0.0	180.0
hsa00232	TFs_Hypergeom	0.0	180.0
hsa00760	TFs_Hypergeom	0.0	180.0
hsa00450	TFs_Hypergeom	0.0	180.0
hsa03030	TFs_Hypergeom	0.0	180.0
hsa02010	TFs_Hypergeom	0.0	180.0
hsa00230	TFs_Hypergeom	0.0	180.0
hsa04979	TFs_Hypergeom	0.0	180.0
hsa00770	TFs_Hypergeom	0.0	180.0
hsa00250	TFs_Hypergeom	0.0	180.0
hsa04614	TFs_Hypergeom	0.0	180.0
hsa00514	TFs_Hypergeom	0.0	180.0
hsa03040	TFs_Hypergeom	0.0	180.0
hsa00071	TFs_Hypergeom	0.0	180.0
hsa04015	TFs_Hypergeom	0.0	180.0
hsa05414	TFs_Hypergeom	0.0	180.0
hsa01200	TFs_Hypergeom	0.0	180.0
hsa05110	TFs_Hypergeom	0.0	180.0
hsa05204	TFs_Hypergeom	0.0	180.0
hsa03050	TFs_Hypergeom	0.0	180.0
hsa05320	TFs_Hypergeom	0.0	180.0
hsa00592	TFs_Hypergeom	0.0	180.0
hsa00982	TFs_Hypergeom	0.0	180.0
hsa03060	TFs_Hypergeom	0.0	180.0
hsa00500	TFs_Hypergeom	0.0	180.0
hsa04966	TFs_Hypergeom	0.0	180.0
hsa04666	TFs_Hypergeom	0.0	180.0
hsa00290	TFs_Hypergeom	0.0	180.0
hsa00740	TFs_Hypergeom	0.0	180.0
hsa00532	TFs_Hypergeom	0.0	180.0
hsa00600	TFs_Hypergeom	0.0	180.0
hsa04977	TFs_Hypergeom	0.0	180.0
hsa03420	TFs_Hypergeom	0.0	180.0
hsa00860	TFs_Hypergeom	0.0	180.0
hsa05310	TFs_Hypergeom	0.0	180.0
hsa04670	TFs_Hypergeom	0.0	180.0
hsa00380	TFs_Hypergeom	0.0	180.0
hsa00052	TFs_Hypergeom	0.0	180.0
hsa00790	TFs_Hypergeom	0.0	180.0
hsa03013	TFs_Hypergeom	0.0	180.0
hsa00051	TFs_Hypergeom	0.0	180.0
hsa05410	TFs_Hypergeom	0.0	180.0
hsa00040	TFs_Hypergeom	0.0	180.0
hsa04120	Target_Hypergeom	0.066	180.0
hsa03015	TFs_Hypergeom	0.0	180.0
hsa00533	TFs_Hypergeom	0.0	180.0
hsa00515	TFs_Hypergeom	0.0	180.0
hsa00062	TFs_Hypergeom	0.0	180.0
hsa00280	TFs_Hypergeom	0.0	180.0
hsa00100	TFs_Hypergeom	0.0	180.0
hsa00983	TFs_Hypergeom	0.0	180.0
hsa00010	TFs_Hypergeom	0.0	180.0
hsa00780	TFs_Hypergeom	0.0	180.0
hsa04972	TFs_Hypergeom	0.0	180.0
hsa00562	TFs_Hypergeom	0.0	180.0
hsa04215	TFs_Hypergeom	0.0	180.0
hsa00513	TFs_Hypergeom	0.0	180.0
hsa00130	TFs_Hypergeom	0.0	180.0
hsa00260	TFs_Hypergeom	0.0	180.0
hsa04672	TFs_Hypergeom	0.0	180.0
hsa04512	TFs_Hypergeom	0.0	180.0
hsa05416	TFs_Hypergeom	0.0	180.0
hsa04750	TFs_Hypergeom	0.0	180.0
hsa05032	TFs_Hypergeom	0.0	180.0
hsa04960	TFs_Hypergeom	0.0	180.0
hsa01040	TFs_Hypergeom	0.0	180.0
hsa00410	TFs_Hypergeom	0.0	180.0
hsa04122	TFs_Hypergeom	0.0	180.0
hsa03460	TFs_Hypergeom	0.0	180.0
hsa00590	TFs_Hypergeom	0.0	180.0
hsa00120	TFs_Hypergeom	0.0	180.0
hsa04061	TFs_Hypergeom	0.0	180.0
hsa00650	TFs_Hypergeom	0.0	180.0
hsa00630	TFs_Hypergeom	0.0	180.0
hsa04514	TFs_Hypergeom	0.0	180.0
hsa04270	TFs_Hypergeom	0.0	180.0
hsa04146	TFs_Hypergeom	0.0	180.0
hsa00970	TFs_Hypergeom	0.0	180.0
hsa04724	TFs_Hypergeom	0.0	180.0
hsa00561	TFs_Hypergeom	0.0	180.0
hsa00440	TFs_Hypergeom	0.0	180.0
hsa00620	TFs_Hypergeom	0.0	180.0
hsa01230	TFs_Hypergeom	0.0	180.0
hsa00270	TFs_Hypergeom	0.0	180.0
hsa03410	TFs_Hypergeom	0.0	180.0
hsa04970	TFs_Hypergeom	0.0	180.0
hsa05033	TFs_Hypergeom	0.0	180.0
hsa00330	TFs_Hypergeom	0.0	180.0
hsa00785	TFs_Hypergeom	0.0	180.0
hsa04740	TFs_Hypergeom	0.0	180.0
hsa00061	TFs_Hypergeom	0.0	180.0
hsa05150	TFs_Hypergeom	0.0	180.0
hsa03430	TFs_Hypergeom	0.0	180.0
hsa04611	TFs_Hypergeom	0.0	180.0
hsa04975	TFs_Hypergeom	0.0	180.0
hsa00750	TFs_Hypergeom	0.0	180.0
hsa00430	TFs_Hypergeom	0.0	180.0
hsa04723	TFs_Hypergeom	0.0	180.0
hsa00240	TFs_Hypergeom	0.0	180.0
hsa04726	TFs_Hypergeom	0.0	180.0
hsa04260	TFs_Hypergeom	0.0	180.0
hsa04070	TFs_Hypergeom	0.0	180.0
hsa00350	TFs_Hypergeom	0.0	180.0
hsa00601	TFs_Hypergeom	0.0	180.0
hsa00053	TFs_Hypergeom	0.0	180.0
hsa00020	TFs_Hypergeom	0.0	180.0
hsa03440	TFs_Hypergeom	0.0	180.0
hsa04730	TFs_Hypergeom	0.0	180.0
hsa04060	TFs_Hypergeom	0.0	180.0
hsa03010	TFs_Hypergeom	0.0	180.0
hsa04072	TFs_Hypergeom	0.0	180.0
hsa04142	TFs_Hypergeom	0.0	180.0
hsa00360	TFs_Hypergeom	0.0	180.0
hsa04130	TFs_Hypergeom	0.0	180.0
hsa04150	TFs_Hypergeom	0.0	180.0
hsa04120	TFs_Hypergeom	0.0	180.0
hsa00340	TFs_Hypergeom	0.0	180.0
hsa04810	TFs_Hypergeom	0.0	180.0
hsa04145	TFs_Hypergeom	0.0	180.0
hsa04610	TFs_Hypergeom	0.0	180.0
hsa00670	TFs_Hypergeom	0.0	180.0
hsa03018	TFs_Hypergeom	0.0	180.0
hsa00524	TFs_Hypergeom	0.0	180.0
hsa04664	TFs_Hypergeom	0.0	180.0
hsa04727	TFs_Hypergeom	0.0	180.0
hsa00603	TFs_Hypergeom	0.0	180.0
hsa05100	TFs_Hypergeom	0.0	180.0
hsa03450	TFs_Hypergeom	0.0	180.0
hsa01230	Target_NonCentral	0.061	181.0
hsa04950	Target_NonCentral	0.108	181.5
hsa00010	Target_NonCentral	0.114	182.5
hsa04977	Target_Hypergeom	0.181	182.75
hsa05022	Target_Hypergeom	0.105	183.0
hsa04710	Target_NonCentral	0.051	183.0
hsa04070	Target_Hypergeom	0.118	183.5
hsa04612	Target_Hypergeom	0.173	183.75
hsa04970	Target_Hypergeom	0.049	185.0
hsa04710	Target_Hypergeom	0.132	185.0
hsa04972	Target_Hypergeom	0.044	186.0
hsa04672	Target_NonCentral	0.103	186.0
hsa05322	Target_NonCentral	0.052	186.5
hsa03460	Target_NonCentral	0.055	187.0
hsa05017	Target_Hypergeom	0.054	187.75
hsa04726	Target_Hypergeom	0.055	188.0
hsa05204	Target_NonCentral	0.087	188.0
hsa04622	Target_Hypergeom	0.195	188.25
hsa00330	Target_NonCentral	0.007	189.0
hsa04613	Target_Hypergeom	0.071	189.0
hsa04977	Target_NonCentral	0.059	190.0
hsa04727	Target_NonCentral	0.028	190.0
hsa04978	Target_Hypergeom	0.053	190.25
hsa05330	Target_NonCentral	0.115	191.0
hsa05340	Target_Hypergeom	0.132	192.75
hsa04940	Target_NonCentral	0.117	193.0
hsa05310	Target_NonCentral	0.109	193.5
hsa04973	Target_Hypergeom	0.082	194.0
hsa05332	Target_NonCentral	0.103	194.5
hsa00270	Target_NonCentral	0.025	196.0
hsa05020	Target_Hypergeom	0.034	197.0
hsa05168	Target_NonCentral	0.114	200.0
hsa03040	Target_NonCentral	0.059	201.0
hsa04145	Target_Hypergeom	0.103	201.0
hsa04720	Target_Hypergeom	0.09	202.0
hsa05110	Target_Hypergeom	0.035	202.25
hsa04950	Target_Hypergeom	0.14	203.0
hsa00590	Target_Hypergeom	0.053	205.0
hsa04724	Target_Hypergeom	0.07	205.0
hsa05150	Target_NonCentral	0.092	205.5
hsa04714	Target_Hypergeom	0.01	208.0
hsa04141	Target_Hypergeom	0.036	208.5
hsa05168	Target_Hypergeom	0.149	209.5
hsa01200	Target_NonCentral	0.083	209.5
hsa05204	Target_Hypergeom	0.119	211.0
hsa05016	Target_Hypergeom	0.009	211.5
hsa00230	Target_Hypergeom	0.023	212.0
hsa05032	Target_Hypergeom	0.028	213.0
hsa05014	Target_Hypergeom	0.007	216.0
hsa00562	Target_Hypergeom	0.053	216.0
hsa04974	Target_Hypergeom	0.039	216.5
hsa03460	Target_Hypergeom	0.076	217.0
hsa05012	Target_Hypergeom	0.002	217.0
hsa04623	Target_Hypergeom	0.158	217.75
hsa04723	Target_Hypergeom	0.01	219.0
hsa01100	Target_Hypergeom	0.024	219.0
hsa05322	Target_Hypergeom	0.069	220.0
hsa01240	Target_Hypergeom	0.036	221.0
hsa00010	Target_Hypergeom	0.119	221.25
hsa00330	Target_Hypergeom	0.014	222.0
hsa04080	Target_Hypergeom	0.043	224.0
hsa04623	Target_NonCentral	0.095	224.0
hsa00860	Target_NonCentral	0.053	226.0
hsa00564	Target_Hypergeom	0.026	228.75
hsa00980	Target_NonCentral	0.096	230.0
hsa00983	Target_Hypergeom	0.065	232.0
hsa04142	Target_Hypergeom	0.035	233.0
hsa04146	Target_NonCentral	0.033	233.5
hsa04962	Target_NonCentral	0.03	234.0
hsa05034	Target_Hypergeom	0.004	234.0
hsa05150	Target_Hypergeom	0.091	235.75
hsa04260	Target_Hypergeom	0.012	236.0
hsa01230	Target_Hypergeom	0.042	238.0
hsa00270	Target_Hypergeom	0.016	239.0
hsa03440	Target_Hypergeom	0.087	240.5
hsa00860	Target_Hypergeom	0.071	242.25
hsa03440	Target_NonCentral	0.063	243.5
hsa04727	Target_Hypergeom	0.005	246.0
hsa00561	Target_NonCentral	0.024	247.0
hsa03015	Target_NonCentral	0.038	247.5
hsa00514	Target_NonCentral	0.007	249.0
hsa04962	Target_Hypergeom	0.021	249.0
hsa03040	Target_Hypergeom	0.024	250.0
hsa00830	Target_NonCentral	0.097	252.25
hsa00980	Target_Hypergeom	0.081	253.5
hsa00982	Target_NonCentral	0.075	254.0
hsa01200	Target_Hypergeom	0.037	254.0
hsa00514	Target_Hypergeom	0.007	256.75
hsa03410	Target_NonCentral	0.092	259.25
hsa03410	Target_Hypergeom	0.141	259.25
hsa00561	Target_Hypergeom	0.012	259.25
hsa04146	Target_Hypergeom	0.012	259.75
hsa00830	Target_Hypergeom	0.064	261.0
hsa00620	Target_NonCentral	0.092	261.5
hsa00620	Target_Hypergeom	0.084	262.0
hsa00051	Target_NonCentral	0.065	262.75
hsa00051	Target_Hypergeom	0.068	263.5
hsa00982	Target_Hypergeom	0.063	263.75
hsa00310	Target_NonCentral	0.026	264.75
hsa04392	Target_NonCentral	0.063	265.0
hsa04392	Target_Hypergeom	0.072	265.0
hsa00480	Target_NonCentral	0.027	265.0
hsa00480	Target_Hypergeom	0.009	265.25
hsa01212	Target_NonCentral	0.059	266.0
hsa03420	Target_NonCentral	0.061	266.25
hsa03420	Target_Hypergeom	0.072	266.5
hsa00220	Target_Hypergeom	0.042	267.25
hsa00220	Target_NonCentral	0.004	267.5
hsa01212	Target_Hypergeom	0.05	267.5
hsa03015	Target_Hypergeom	0.018	267.5
hsa04975	Target_NonCentral	0.076	268.5
hsa04975	Target_Hypergeom	0.08	268.5
hsa00310	Target_Hypergeom	0.008	269.0
hsa00520	Target_NonCentral	0.026	269.0
hsa00510	Target_NonCentral	0.019	269.5
hsa04964	Target_Hypergeom	0.082	271.0
hsa04964	Target_NonCentral	0.069	271.0
hsa00052	Target_NonCentral	0.069	271.25
hsa00510	Target_Hypergeom	0.007	271.5
hsa00520	Target_Hypergeom	0.014	271.5
hsa03013	Target_NonCentral	0.019	271.5
hsa00052	Target_Hypergeom	0.054	271.5
hsa04721	Target_NonCentral	0.017	272.5
hsa00591	Target_NonCentral	0.045	273.0
hsa00591	Target_Hypergeom	0.032	273.25
hsa00240	Target_NonCentral	0.058	273.5
hsa04742	Target_NonCentral	0.006	273.5
hsa03030	Target_Hypergeom	0.116	273.5
hsa00240	Target_Hypergeom	0.028	273.5
hsa04614	Target_NonCentral	0.057	274.0
hsa00565	Target_NonCentral	0.03	274.0
hsa00350	Target_NonCentral	0.105	274.0
hsa04614	Target_Hypergeom	0.049	274.0
hsa04721	Target_Hypergeom	0.004	274.5
hsa03018	Target_NonCentral	0.029	274.5
hsa03030	Target_NonCentral	0.082	274.5
hsa00350	Target_Hypergeom	0.056	274.75
hsa03430	Target_NonCentral	0.064	275.0
hsa03013	Target_Hypergeom	0.004	275.0
hsa04742	Target_Hypergeom	0.001	275.0
hsa03430	Target_Hypergeom	0.084	275.0
hsa00565	Target_Hypergeom	0.015	275.5
hsa03018	Target_Hypergeom	0.003	275.5
hsa01040	Target_NonCentral	0.061	275.5
hsa00380	Target_NonCentral	0.036	275.5
hsa01040	Target_Hypergeom	0.044	275.75
hsa00600	Target_NonCentral	0.007	276.0
hsa00020	Target_NonCentral	0.033	276.0
hsa00380	Target_Hypergeom	0.019	276.0
hsa00020	Target_Hypergeom	0.026	276.0
hsa00512	Target_NonCentral	0.036	276.5
hsa03050	Target_NonCentral	0.0	276.75
hsa00600	Target_Hypergeom	0.0	277.0
hsa03022	Target_NonCentral	0.011	277.0
hsa00512	Target_Hypergeom	0.014	277.0
hsa00760	Target_NonCentral	0.011	277.5
hsa00760	Target_Hypergeom	0.003	277.5
hsa03050	Target_Hypergeom	0.001	277.5
hsa00053	Target_Hypergeom	0.055	277.5
hsa00053	Target_NonCentral	0.075	277.5
hsa00040	Target_NonCentral	0.081	278.0
hsa00250	Target_NonCentral	0.052	278.25
hsa00071	Target_NonCentral	0.029	278.5
hsa00250	Target_Hypergeom	0.016	278.5
hsa00040	Target_Hypergeom	0.062	278.5
hsa00071	Target_Hypergeom	0.018	278.75
hsa00640	Target_Hypergeom	0.022	279.0
hsa03022	Target_Hypergeom	0.0	279.0
hsa00500	Target_Hypergeom	0.018	279.0
hsa00640	Target_NonCentral	0.06	279.0
hsa00500	Target_NonCentral	0.025	279.0
hsa00100	Target_Hypergeom	0.078	279.5
hsa00120	Target_Hypergeom	0.081	279.5
hsa00061	Target_Hypergeom	0.048	279.5
hsa04740	Target_Hypergeom	0.0	279.5
hsa04740	Target_NonCentral	0.0	279.5
hsa00120	Target_NonCentral	0.05	279.5
hsa00260	Target_NonCentral	0.005	279.5
hsa00061	Target_NonCentral	0.043	279.5
hsa00100	Target_NonCentral	0.081	279.5
hsa00670	Target_Hypergeom	0.057	279.75
hsa00670	Target_NonCentral	0.058	279.75
hsa00260	Target_Hypergeom	0.0	279.75
hsa00790	Target_Hypergeom	0.027	280.0
hsa00790	Target_NonCentral	0.041	280.0
hsa00513	Target_NonCentral	0.008	280.0
hsa00513	Target_Hypergeom	0.0	280.5
hsa00592	Target_Hypergeom	0.026	280.5
hsa00592	Target_NonCentral	0.04	280.5
hsa00030	Target_Hypergeom	0.017	281.0
hsa00030	Target_NonCentral	0.041	281.0
hsa03010	Target_NonCentral	0.033	281.0
hsa00062	Target_NonCentral	0.015	281.5
hsa00524	Target_NonCentral	0.028	281.5
hsa00900	Target_NonCentral	0.046	281.5
hsa00410	Target_NonCentral	0.036	281.5
hsa00280	Target_Hypergeom	0.002	281.5
hsa00532	Target_NonCentral	0.039	281.5
hsa00532	Target_Hypergeom	0.029	281.5
hsa00062	Target_Hypergeom	0.006	281.5
hsa00280	Target_NonCentral	0.031	281.5
hsa00410	Target_Hypergeom	0.026	281.5
hsa00524	Target_Hypergeom	0.054	281.5
hsa00900	Target_Hypergeom	0.038	281.5
hsa00450	Target_Hypergeom	0.003	282.0
hsa03010	Target_Hypergeom	0.024	282.0
hsa05033	Target_NonCentral	0.007	282.0
hsa00450	Target_NonCentral	0.003	282.0
hsa00190	Target_NonCentral	0.0	282.0
hsa03008	Target_NonCentral	0.018	282.25
hsa00630	Target_NonCentral	0.019	282.25
hsa00630	Target_Hypergeom	0.003	282.25
hsa00533	Target_Hypergeom	0.005	282.25
hsa00533	Target_NonCentral	0.006	282.25
hsa00770	Target_Hypergeom	0.009	282.5
hsa00770	Target_NonCentral	0.011	282.5
hsa05033	Target_Hypergeom	0.002	282.5
hsa00604	Target_Hypergeom	0.007	283.0
hsa00604	Target_NonCentral	0.008	283.0
hsa00650	Target_NonCentral	0.023	283.0
hsa04130	Target_NonCentral	0.006	283.0
hsa04136	Target_NonCentral	0.003	283.0
hsa03450	Target_NonCentral	0.013	283.0
hsa00650	Target_Hypergeom	0.009	283.0
hsa04130	Target_Hypergeom	0.002	283.0
hsa04136	Target_Hypergeom	0.0	283.0
hsa03450	Target_Hypergeom	0.005	283.0
hsa00603	Target_NonCentral	0.029	283.25
hsa00603	Target_Hypergeom	0.027	283.25
hsa00534	Target_Hypergeom	0.007	283.5
hsa00515	Target_Hypergeom	0.0	283.5
hsa00601	Target_Hypergeom	0.001	283.5
hsa03008	Target_Hypergeom	0.0	283.5
hsa00360	Target_Hypergeom	0.005	283.5
hsa00601	Target_NonCentral	0.003	283.5
hsa00360	Target_NonCentral	0.01	283.5
hsa00515	Target_NonCentral	0.004	283.5
hsa00534	Target_NonCentral	0.019	283.5
hsa00130	Target_Hypergeom	0.002	283.5
hsa00190	Target_Hypergeom	0.0	283.5
hsa00130	Target_NonCentral	0.002	283.5
hsa00340	Target_NonCentral	0.023	283.75
hsa00340	Target_Hypergeom	0.016	283.75
hsa00232	Target_Hypergeom	0.009	284.0
hsa00232	Target_NonCentral	0.018	284.0
hsa00970	Target_Hypergeom	0.0	284.5
hsa00750	Target_Hypergeom	0.032	284.5
hsa00910	Target_Hypergeom	0.0	284.5
hsa04744	Target_Hypergeom	0.001	284.5
hsa00970	Target_NonCentral	0.0	284.5
hsa00750	Target_NonCentral	0.028	284.5
hsa00910	Target_NonCentral	0.0	284.5
hsa04744	Target_NonCentral	0.003	284.5
hsa00740	Target_NonCentral	0.008	285.0
hsa03060	Target_Hypergeom	0.008	285.0
hsa00740	Target_Hypergeom	0.0	285.0
hsa03060	Target_NonCentral	0.015	285.0
hsa00730	Target_NonCentral	0.005	286.0
hsa00440	Target_NonCentral	0.039	286.0
hsa01210	Target_NonCentral	0.001	286.0
hsa00531	Target_NonCentral	0.0	286.0
hsa00440	Target_Hypergeom	0.01	286.0
hsa01210	Target_Hypergeom	0.001	286.0
hsa00531	Target_Hypergeom	0.0	286.0
hsa00730	Target_Hypergeom	0.004	286.0
hsa00563	Target_NonCentral	0.0	286.5
hsa03020	Target_NonCentral	0.0	286.5
hsa00563	Target_Hypergeom	0.0	286.5
hsa03020	Target_Hypergeom	0.0	286.5
hsa04966	Target_Hypergeom	0.001	286.5
hsa04966	Target_NonCentral	0.002	286.5
hsa00920	Target_NonCentral	0.0	287.5
hsa00920	Target_Hypergeom	0.0	287.5
hsa00780	Target_NonCentral	0.018	288.0
hsa00780	Target_Hypergeom	0.003	288.0
hsa00290	Target_NonCentral	0.05	288.0
hsa00290	Target_Hypergeom	0.025	288.0
hsa00430	Target_Hypergeom	0.0	288.5
hsa04122	Target_NonCentral	0.0	288.5
hsa00400	Target_Hypergeom	0.0	288.5
hsa04122	Target_Hypergeom	0.0	288.5
hsa00400	Target_NonCentral	0.007	288.5
hsa00430	Target_NonCentral	0.004	288.5
hsa00785	Target_NonCentral	0.0	289.0
hsa00785	Target_Hypergeom	0.0	289.0
hsa00511	Target_Hypergeom	0.0	289.0
hsa00511	Target_NonCentral	0.0	289.0
