annotation_id	typeOfAnalysis	p_times	ranking
hsa05200	Target_Hypergeom	1.0	1.0
hsa05202	TFs_Hypergeom	0.812	5.0
hsa05202	Target_Hypergeom	0.999	9.0
hsa04151	Target_Hypergeom	0.999	10.0
hsa04933	Target_Hypergeom	0.997	10.0
hsa05417	Target_Hypergeom	0.997	11.0
hsa05166	TFs_Hypergeom	0.645	13.0
hsa05205	Target_Hypergeom	1.0	13.0
hsa05166	Target_Hypergeom	0.995	13.0
hsa05200	TFs_Hypergeom	0.624	14.0
hsa05161	TFs_Hypergeom	0.621	16.0
hsa05215	Target_Hypergeom	1.0	16.0
hsa05222	Target_Hypergeom	0.999	20.0
hsa05169	Target_Hypergeom	0.983	21.0
hsa05161	Target_Hypergeom	0.995	21.0
hsa04066	Target_Hypergeom	0.996	22.0
hsa05207	TFs_Hypergeom	0.497	23.0
hsa04659	TFs_Hypergeom	0.459	23.0
hsa05163	Target_Hypergeom	0.997	24.0
hsa04115	Target_Hypergeom	0.981	25.0
hsa04218	Target_Hypergeom	0.995	25.0
hsa05219	Target_Hypergeom	0.997	26.0
hsa05167	Target_Hypergeom	0.99	28.0
hsa05418	Target_Hypergeom	0.993	28.0
hsa04950	TFs_Hypergeom	0.566	28.0
hsa05215	TFs_Hypergeom	0.374	28.0
hsa05162	Target_Hypergeom	0.957	29.0
hsa05212	Target_Hypergeom	0.995	29.0
hsa05221	TFs_Hypergeom	0.254	29.0
hsa04658	TFs_Hypergeom	0.331	31.75
hsa05167	TFs_Hypergeom	0.467	33.0
hsa04510	Target_Hypergeom	0.993	33.0
hsa04630	Target_Hypergeom	0.972	33.0
hsa05220	Target_Hypergeom	0.995	33.75
hsa05210	Target_Hypergeom	0.997	34.0
hsa04068	Target_Hypergeom	0.99	34.0
hsa04380	TFs_Hypergeom	0.408	34.0
hsa04110	Target_Hypergeom	0.963	35.0
hsa04210	Target_Hypergeom	0.971	35.0
hsa05225	Target_Hypergeom	0.993	35.0
hsa05321	TFs_Hypergeom	0.217	35.5
hsa04928	TFs_Hypergeom	0.336	36.0
hsa04668	Target_Hypergeom	0.951	36.0
hsa01522	Target_Hypergeom	0.998	36.0
hsa05321	Target_Hypergeom	0.928	37.0
hsa04010	Target_Hypergeom	0.987	38.0
hsa05165	Target_Hypergeom	0.991	39.0
hsa05142	Target_Hypergeom	0.953	40.0
hsa04218	TFs_Hypergeom	0.39	40.0
hsa05226	Target_Hypergeom	0.994	41.0
hsa04934	TFs_Hypergeom	0.365	41.0
hsa05220	TFs_Hypergeom	0.215	42.0
hsa04917	TFs_Hypergeom	0.188	42.0
hsa05224	TFs_Hypergeom	0.368	42.5
hsa04550	TFs_Hypergeom	0.356	43.0
hsa05223	Target_Hypergeom	0.986	46.0
hsa05203	TFs_Hypergeom	0.376	46.0
hsa05224	Target_Hypergeom	0.988	48.0
hsa05218	Target_Hypergeom	0.981	48.0
hsa05203	Target_Hypergeom	0.976	48.0
hsa05163	TFs_Hypergeom	0.317	48.0
hsa04659	Target_Hypergeom	0.949	48.25
hsa05169	TFs_Hypergeom	0.32	49.0
hsa05145	Target_Hypergeom	0.934	50.0
hsa01521	Target_Hypergeom	0.974	50.0
hsa05160	Target_Hypergeom	0.95	50.25
hsa05160	TFs_Hypergeom	0.324	50.75
hsa04915	TFs_Hypergeom	0.287	51.0
hsa04933	TFs_Hypergeom	0.207	51.0
hsa04211	TFs_Hypergeom	0.172	51.25
hsa05323	Target_Hypergeom	0.843	51.75
hsa05206	Target_Hypergeom	0.968	53.0
hsa05417	TFs_Hypergeom	0.292	53.0
hsa05212	TFs_Hypergeom	0.16	53.5
hsa05140	Target_Hypergeom	0.94	54.0
hsa05214	Target_Hypergeom	0.97	55.0
hsa05164	Target_Hypergeom	0.864	55.0
hsa04010	TFs_Hypergeom	0.173	56.0
hsa05213	Target_Hypergeom	0.992	57.0
hsa05235	TFs_Hypergeom	0.169	57.25
hsa04390	TFs_Hypergeom	0.287	57.25
hsa05221	Target_Hypergeom	0.978	58.0
hsa05135	Target_Hypergeom	0.963	58.0
hsa01524	Target_Hypergeom	0.94	58.0
hsa05165	TFs_Hypergeom	0.133	58.0
hsa04668	TFs_Hypergeom	0.204	58.5
hsa04350	TFs_Hypergeom	0.17	58.5
hsa04380	Target_Hypergeom	0.948	59.0
hsa04390	Target_Hypergeom	0.973	59.0
hsa05162	TFs_Hypergeom	0.239	60.5
hsa04064	Target_Hypergeom	0.869	61.0
hsa01522	TFs_Hypergeom	0.162	61.5
hsa04931	TFs_Hypergeom	0.206	61.5
hsa05226	TFs_Hypergeom	0.239	62.0
hsa05144	Target_Hypergeom	0.863	62.0
hsa05143	Target_Hypergeom	0.883	62.0
hsa04919	TFs_Hypergeom	0.201	62.0
hsa05225	TFs_Hypergeom	0.242	62.0
hsa04015	Target_Hypergeom	0.969	62.0
hsa04657	Target_Hypergeom	0.889	62.5
hsa05223	TFs_Hypergeom	0.145	62.75
hsa05131	Target_Hypergeom	0.981	63.0
hsa04935	TFs_Hypergeom	0.19	63.75
hsa04932	TFs_Hypergeom	0.219	64.0
hsa04625	TFs_Hypergeom	0.181	65.0
hsa05330	Target_Hypergeom	0.831	65.5
hsa04928	Target_Hypergeom	0.981	66.0
hsa04934	Target_Hypergeom	0.938	68.0
hsa04110	TFs_Hypergeom	0.154	68.0
hsa05216	Target_Hypergeom	0.978	69.5
hsa05222	TFs_Hypergeom	0.155	69.75
hsa05207	Target_Hypergeom	0.954	70.0
hsa05146	Target_Hypergeom	0.9	70.0
hsa04625	Target_Hypergeom	0.917	71.0
hsa04917	Target_Hypergeom	0.936	71.5
hsa04022	TFs_Hypergeom	0.216	72.0
hsa04931	Target_Hypergeom	0.917	73.0
hsa05152	Target_Hypergeom	0.832	74.0
hsa04310	TFs_Hypergeom	0.192	74.0
hsa04514	Target_NonCentral	0.254	76.0
hsa04658	Target_Hypergeom	0.856	77.0
hsa04152	Target_Hypergeom	0.916	77.0
hsa04520	Target_Hypergeom	0.932	77.0
hsa04660	Target_Hypergeom	0.887	78.0
hsa05165	Target_NonCentral	0.206	80.0
hsa04151	TFs_Hypergeom	0.054	82.0
hsa05210	TFs_Hypergeom	0.149	82.0
hsa05200	Target_NonCentral	0.252	82.0
hsa05133	Target_Hypergeom	0.812	83.75
hsa04015	Target_NonCentral	0.193	84.0
hsa04919	Target_Hypergeom	0.884	84.0
hsa04926	Target_Hypergeom	0.878	84.0
hsa04640	Target_Hypergeom	0.76	85.0
hsa04919	Target_NonCentral	0.191	88.0
hsa04151	Target_NonCentral	0.192	88.0
hsa05206	TFs_Hypergeom	0.05	88.0
hsa04060	Target_Hypergeom	0.708	90.0
hsa04620	Target_Hypergeom	0.782	90.0
hsa04024	TFs_Hypergeom	0.126	90.0
hsa04915	Target_Hypergeom	0.898	90.0
hsa05222	Target_NonCentral	0.227	91.0
hsa05166	Target_NonCentral	0.226	92.0
hsa04310	Target_Hypergeom	0.863	92.0
hsa04024	Target_NonCentral	0.14	93.0
hsa04913	Target_Hypergeom	0.816	93.5
hsa05152	TFs_Hypergeom	0.131	94.0
hsa05230	Target_Hypergeom	0.839	94.0
hsa05169	Target_NonCentral	0.259	94.5
hsa04510	Target_NonCentral	0.136	95.5
hsa05134	Target_Hypergeom	0.734	96.0
hsa04940	Target_Hypergeom	0.742	98.0
hsa04810	Target_NonCentral	0.125	99.0
hsa04670	Target_Hypergeom	0.833	100.0
hsa05211	Target_Hypergeom	0.82	100.0
hsa04072	Target_NonCentral	0.116	100.0
hsa05417	Target_NonCentral	0.223	101.0
hsa05221	Target_NonCentral	0.145	101.0
hsa05145	Target_NonCentral	0.2	101.5
hsa05215	Target_NonCentral	0.179	102.0
hsa04930	Target_NonCentral	0.142	102.0
hsa05130	Target_Hypergeom	0.82	102.0
hsa04072	Target_Hypergeom	0.813	103.0
hsa04010	Target_NonCentral	0.141	103.0
hsa04071	Target_Hypergeom	0.788	103.0
hsa04014	Target_Hypergeom	0.785	103.0
hsa04672	Target_Hypergeom	0.718	103.0
hsa05167	Target_NonCentral	0.201	104.0
hsa05203	Target_NonCentral	0.169	104.0
hsa04371	Target_Hypergeom	0.817	104.0
hsa04261	Target_NonCentral	0.122	105.0
hsa04211	Target_Hypergeom	0.753	107.25
hsa05416	Target_Hypergeom	0.768	108.0
hsa04935	Target_Hypergeom	0.806	108.0
hsa04932	Target_Hypergeom	0.726	108.0
hsa04930	Target_Hypergeom	0.756	108.0
hsa04810	Target_Hypergeom	0.789	108.0
hsa05235	Target_Hypergeom	0.744	108.75
hsa04152	Target_NonCentral	0.176	109.5
hsa05170	Target_Hypergeom	0.725	110.0
hsa05410	Target_Hypergeom	0.747	111.0
hsa04916	Target_NonCentral	0.135	111.0
hsa04664	Target_Hypergeom	0.759	111.0
hsa05205	TFs_Hypergeom	0.11	111.0
hsa04062	Target_Hypergeom	0.679	112.0
hsa05332	Target_Hypergeom	0.682	112.0
hsa04215	Target_Hypergeom	0.675	112.0
hsa05161	Target_NonCentral	0.157	113.0
hsa05310	Target_Hypergeom	0.662	113.0
hsa04390	Target_NonCentral	0.125	113.0
hsa04012	Target_Hypergeom	0.741	114.0
hsa04611	Target_Hypergeom	0.729	115.0
hsa04666	Target_NonCentral	0.162	115.0
hsa04979	Target_Hypergeom	0.62	116.0
hsa05235	Target_NonCentral	0.108	116.0
hsa04921	Target_Hypergeom	0.748	116.25
hsa04927	Target_Hypergeom	0.684	116.5
hsa04920	Target_Hypergeom	0.663	117.0
hsa04530	Target_Hypergeom	0.728	117.0
hsa04062	Target_NonCentral	0.166	117.0
hsa05100	Target_Hypergeom	0.717	118.0
hsa04310	Target_NonCentral	0.097	118.0
hsa04022	Target_NonCentral	0.128	118.5
hsa05016	TFs_Hypergeom	0.037	118.5
hsa04621	Target_Hypergeom	0.649	119.0
hsa04920	Target_NonCentral	0.137	119.0
hsa04370	Target_Hypergeom	0.718	119.0
hsa05320	Target_Hypergeom	0.63	119.5
hsa05412	Target_NonCentral	0.112	120.0
hsa04061	Target_Hypergeom	0.61	120.0
hsa05231	Target_NonCentral	0.084	120.0
hsa04911	Target_NonCentral	0.11	121.0
hsa04360	Target_NonCentral	0.145	121.0
hsa04934	Target_NonCentral	0.129	121.0
hsa04664	Target_NonCentral	0.106	121.0
hsa05230	Target_NonCentral	0.136	122.0
hsa04350	Target_Hypergeom	0.676	123.0
hsa01523	Target_Hypergeom	0.634	123.0
hsa04931	Target_NonCentral	0.121	123.0
hsa04024	Target_Hypergeom	0.645	124.0
hsa05132	Target_Hypergeom	0.633	124.0
hsa04512	Target_NonCentral	0.134	124.0
hsa04935	Target_NonCentral	0.076	124.0
hsa05160	Target_NonCentral	0.178	125.0
hsa05135	Target_NonCentral	0.101	125.0
hsa05162	Target_NonCentral	0.2	125.0
hsa05163	Target_NonCentral	0.08	125.0
hsa05202	Target_NonCentral	0.107	125.5
hsa04020	Target_Hypergeom	0.626	126.0
hsa05210	Target_NonCentral	0.137	126.0
hsa04658	Target_NonCentral	0.175	127.0
hsa05231	Target_Hypergeom	0.624	127.25
hsa04110	Target_NonCentral	0.256	127.5
hsa04150	Target_NonCentral	0.09	128.0
hsa05213	Target_NonCentral	0.113	128.0
hsa04014	Target_NonCentral	0.08	128.0
hsa04950	Target_NonCentral	0.13	128.0
hsa04650	Target_Hypergeom	0.604	128.5
hsa05134	Target_NonCentral	0.181	129.0
hsa04662	Target_Hypergeom	0.622	129.0
hsa04925	Target_Hypergeom	0.606	129.25
hsa05205	Target_NonCentral	0.068	129.5
hsa04330	Target_NonCentral	0.111	130.0
hsa04960	Target_NonCentral	0.059	130.0
hsa01521	Target_NonCentral	0.093	130.0
hsa05152	Target_NonCentral	0.159	130.0
hsa04550	Target_Hypergeom	0.601	131.0
hsa04611	Target_NonCentral	0.084	131.0
hsa04670	Target_NonCentral	0.107	131.0
hsa04550	Target_NonCentral	0.098	131.5
hsa05171	Target_Hypergeom	0.586	132.0
hsa04640	Target_NonCentral	0.23	132.0
hsa05207	Target_NonCentral	0.087	132.0
hsa04922	Target_NonCentral	0.07	133.0
hsa04630	Target_NonCentral	0.184	133.0
hsa04217	Target_Hypergeom	0.569	133.0
hsa04520	Target_NonCentral	0.063	133.0
hsa04659	Target_NonCentral	0.195	133.0
hsa04380	Target_NonCentral	0.095	133.5
hsa05224	Target_NonCentral	0.113	134.0
hsa05414	Target_Hypergeom	0.584	134.0
hsa05412	Target_Hypergeom	0.579	134.5
hsa04923	Target_NonCentral	0.057	134.5
hsa05017	Target_NonCentral	0.053	134.5
hsa05418	Target_NonCentral	0.071	135.0
hsa04929	Target_NonCentral	0.065	135.0
hsa04918	Target_NonCentral	0.076	135.5
hsa05226	Target_NonCentral	0.107	135.5
hsa04917	Target_NonCentral	0.138	135.5
hsa04662	Target_NonCentral	0.07	135.5
hsa04213	Target_NonCentral	0.079	136.0
hsa05031	Target_NonCentral	0.027	136.0
hsa04137	Target_Hypergeom	0.554	136.75
hsa00140	Target_Hypergeom	0.517	137.0
hsa04912	Target_Hypergeom	0.559	137.0
hsa00140	Target_NonCentral	0.207	137.0
hsa04722	Target_NonCentral	0.065	137.0
hsa04218	Target_NonCentral	0.175	138.0
hsa04928	Target_NonCentral	0.037	138.0
hsa04925	Target_NonCentral	0.091	138.0
hsa04722	Target_Hypergeom	0.572	138.0
hsa05415	Target_Hypergeom	0.534	138.0
hsa03320	Target_Hypergeom	0.537	138.0
hsa04514	Target_Hypergeom	0.529	139.0
hsa05219	Target_NonCentral	0.069	139.0
hsa04211	Target_NonCentral	0.067	139.0
hsa04210	Target_NonCentral	0.188	139.5
hsa04910	Target_NonCentral	0.1	140.0
hsa04064	Target_NonCentral	0.201	140.0
hsa05216	Target_NonCentral	0.059	140.0
hsa00983	Target_NonCentral	0.142	140.0
hsa05220	Target_NonCentral	0.088	140.5
hsa04215	Target_NonCentral	0.113	140.5
hsa04530	Target_NonCentral	0.071	140.5
hsa05321	Target_NonCentral	0.208	141.0
hsa04020	Target_NonCentral	0.116	141.0
hsa05164	Target_NonCentral	0.228	141.5
hsa04213	Target_Hypergeom	0.513	142.0
hsa05217	Target_Hypergeom	0.507	142.0
hsa04068	Target_NonCentral	0.155	142.0
hsa04071	Target_NonCentral	0.068	142.5
hsa04961	Target_NonCentral	0.076	143.0
hsa04022	Target_Hypergeom	0.49	143.0
hsa04933	Target_NonCentral	0.174	143.5
hsa04728	Target_NonCentral	0.053	144.0
hsa04660	Target_NonCentral	0.083	144.0
hsa04370	Target_NonCentral	0.025	145.0
hsa04725	Target_NonCentral	0.051	145.0
hsa05120	Target_Hypergeom	0.477	145.75
hsa00350	Target_NonCentral	0.102	146.0
hsa04512	Target_Hypergeom	0.48	146.25
hsa04145	Target_NonCentral	0.193	146.5
hsa05414	Target_NonCentral	0.048	147.5
hsa05132	Target_NonCentral	0.073	147.5
hsa04012	Target_NonCentral	0.033	148.0
hsa04360	Target_Hypergeom	0.455	148.0
hsa05214	Target_NonCentral	0.095	148.5
hsa04979	Target_NonCentral	0.173	149.0
hsa04720	Target_NonCentral	0.049	149.5
hsa04066	Target_NonCentral	0.102	149.5
hsa04910	Target_Hypergeom	0.443	149.5
hsa04927	Target_NonCentral	0.078	150.0
hsa04973	Target_NonCentral	0.065	150.0
hsa05416	Target_NonCentral	0.113	150.0
hsa04666	Target_Hypergeom	0.447	150.0
hsa05171	TFs_Hypergeom	0.072	150.5
hsa05340	Target_NonCentral	0.098	150.5
hsa04750	Target_NonCentral	0.056	151.0
hsa04371	Target_NonCentral	0.034	151.0
hsa00052	Target_NonCentral	0.1	151.0
hsa04913	Target_NonCentral	0.08	151.0
hsa04960	Target_Hypergeom	0.426	151.0
hsa05223	Target_NonCentral	0.084	151.0
hsa00230	Target_NonCentral	0.053	151.5
hsa04921	Target_NonCentral	0.035	152.0
hsa04140	Target_Hypergeom	0.417	152.0
hsa04144	Target_Hypergeom	0.404	152.0
hsa05130	Target_NonCentral	0.027	152.5
hsa01522	Target_NonCentral	0.035	152.5
hsa01524	Target_NonCentral	0.106	153.0
hsa04961	Target_Hypergeom	0.399	153.0
hsa04976	Target_Hypergeom	0.434	153.0
hsa05217	Target_NonCentral	0.083	153.0
hsa04974	Target_NonCentral	0.086	153.0
hsa05142	Target_NonCentral	0.063	154.0
hsa05323	Target_NonCentral	0.239	154.5
hsa04750	Target_Hypergeom	0.402	154.75
hsa04912	Target_NonCentral	0.028	155.0
hsa05410	Target_NonCentral	0.034	155.5
hsa04976	Target_NonCentral	0.145	156.0
hsa05212	Target_NonCentral	0.098	156.5
hsa04922	Target_Hypergeom	0.402	157.0
hsa05170	Target_NonCentral	0.093	157.0
hsa04713	Target_NonCentral	0.064	157.0
hsa05225	Target_NonCentral	0.074	157.5
hsa01240	Target_NonCentral	0.098	157.5
hsa00010	Target_NonCentral	0.149	157.5
hsa04962	Target_NonCentral	0.03	157.5
hsa04725	Target_Hypergeom	0.354	158.0
hsa04724	Target_NonCentral	0.052	158.5
hsa05030	Target_NonCentral	0.044	160.0
hsa04115	Target_NonCentral	0.133	160.0
hsa05211	Target_NonCentral	0.045	160.0
hsa04070	Target_NonCentral	0.063	160.0
hsa05144	Target_NonCentral	0.099	160.0
hsa04730	Target_Hypergeom	0.352	160.0
hsa05218	Target_NonCentral	0.081	160.5
hsa04216	Target_Hypergeom	0.355	161.0
hsa00620	Target_NonCentral	0.117	162.0
hsa04625	Target_NonCentral	0.077	162.0
hsa04971	Target_NonCentral	0.028	162.0
hsa04668	Target_NonCentral	0.181	162.0
hsa04330	Target_Hypergeom	0.365	162.0
hsa05031	Target_Hypergeom	0.309	162.25
hsa04140	Target_NonCentral	0.046	163.0
hsa04929	Target_Hypergeom	0.335	163.0
hsa04620	Target_NonCentral	0.169	163.0
hsa04970	Target_NonCentral	0.021	163.0
hsa04914	Target_NonCentral	0.077	163.0
hsa05415	Target_NonCentral	0.047	163.0
hsa04260	Target_NonCentral	0.049	163.5
hsa04926	Target_NonCentral	0.023	163.5
hsa04914	Target_Hypergeom	0.358	164.0
hsa04217	Target_NonCentral	0.097	164.0
hsa04350	Target_NonCentral	0.023	164.0
hsa05310	Target_NonCentral	0.114	164.0
hsa00860	Target_NonCentral	0.125	164.0
hsa04977	Target_Hypergeom	0.339	164.0
hsa04924	Target_NonCentral	0.018	164.0
hsa04730	Target_NonCentral	0.03	164.5
hsa04144	Target_NonCentral	0.079	165.0
hsa04270	Target_NonCentral	0.034	165.0
hsa04911	Target_Hypergeom	0.334	165.0
hsa04270	Target_Hypergeom	0.32	166.0
hsa05131	Target_NonCentral	0.03	166.0
hsa04915	Target_NonCentral	0.088	166.0
hsa04216	Target_NonCentral	0.028	166.0
hsa04612	Target_NonCentral	0.151	166.0
hsa05140	Target_NonCentral	0.15	166.5
hsa00830	Target_NonCentral	0.172	166.5
hsa05204	Target_NonCentral	0.155	166.5
hsa04964	Target_NonCentral	0.032	167.0
hsa05120	Target_NonCentral	0.029	167.0
hsa04622	Target_Hypergeom	0.376	167.75
hsa04120	Target_NonCentral	0.037	168.0
hsa00980	Target_NonCentral	0.188	168.0
hsa00270	Target_NonCentral	0.032	168.0
hsa04137	Target_NonCentral	0.038	168.0
hsa05208	Target_Hypergeom	0.295	168.0
hsa05100	Target_NonCentral	0.025	168.5
hsa04621	Target_NonCentral	0.181	168.5
hsa01040	Target_NonCentral	0.057	169.0
hsa00310	Target_NonCentral	0.032	169.0
hsa00564	Target_NonCentral	0.05	169.0
hsa05010	Target_NonCentral	0.042	169.0
hsa04540	Target_NonCentral	0.017	169.0
hsa03410	Target_NonCentral	0.141	171.0
hsa00562	Target_NonCentral	0.062	171.0
hsa04650	Target_NonCentral	0.041	171.0
hsa04614	Target_NonCentral	0.057	171.0
hsa04612	Target_Hypergeom	0.347	171.0
hsa04971	Target_Hypergeom	0.264	171.0
hsa03440	Target_NonCentral	0.098	171.5
hsa05133	Target_NonCentral	0.035	172.0
hsa01230	Target_NonCentral	0.111	172.0
hsa04950	Target_Hypergeom	0.324	172.5
hsa01212	Target_NonCentral	0.089	173.0
hsa04261	Target_Hypergeom	0.252	173.0
hsa05143	Target_NonCentral	0.074	173.5
hsa04610	Target_NonCentral	0.078	173.5
hsa03320	Target_NonCentral	0.183	174.0
hsa05171	Target_NonCentral	0.14	174.0
hsa04610	Target_Hypergeom	0.311	174.25
hsa04061	Target_NonCentral	0.18	175.0
hsa04141	Target_NonCentral	0.069	175.5
hsa04978	Target_NonCentral	0.037	176.0
hsa04114	Target_NonCentral	0.062	177.0
hsa05146	Target_NonCentral	0.047	177.0
hsa05030	Target_Hypergeom	0.236	177.0
hsa00240	Target_NonCentral	0.044	177.0
hsa04060	Target_NonCentral	0.201	177.5
hsa04710	Target_Hypergeom	0.267	177.5
hsa01100	Target_NonCentral	0.102	177.5
hsa00053	Target_NonCentral	0.125	178.0
hsa04150	Target_Hypergeom	0.248	178.0
hsa05168	TFs_Hypergeom	0.01	178.25
hsa00790	Target_NonCentral	0.058	178.5
hsa04630	TFs_Hypergeom	0.137	178.75
hsa04916	Target_Hypergeom	0.257	179.0
hsa05340	Target_Hypergeom	0.278	179.0
hsa05330	Target_NonCentral	0.187	179.0
hsa04926	TFs_Hypergeom	0.123	179.5
hsa00982	Target_NonCentral	0.172	179.5
hsa04392	Target_NonCentral	0.04	180.0
hsa04918	Target_Hypergeom	0.202	180.0
hsa02010	Target_NonCentral	0.039	181.5
hsa04710	Target_NonCentral	0.14	181.5
hsa04932	Target_NonCentral	0.018	181.5
hsa04137	TFs_Hypergeom	0.13	181.75
hsa05216	TFs_Hypergeom	0.221	182.0
hsa00051	Target_NonCentral	0.095	182.0
hsa01523	Target_NonCentral	0.02	182.0
hsa05022	Target_NonCentral	0.038	182.0
hsa04726	Target_NonCentral	0.015	182.0
hsa04940	Target_NonCentral	0.162	183.0
hsa04540	Target_Hypergeom	0.17	183.0
hsa04924	Target_Hypergeom	0.164	183.0
hsa00480	Target_NonCentral	0.024	183.5
hsa05132	TFs_Hypergeom	0.033	183.75
hsa05131	TFs_Hypergeom	0.038	184.5
hsa05208	TFs_Hypergeom	0.088	185.0
hsa00561	Target_NonCentral	0.031	185.0
hsa05032	Target_NonCentral	0.025	185.0
hsa04728	TFs_Hypergeom	0.096	185.5
hsa02010	Target_Hypergeom	0.202	186.0
hsa00100	Target_NonCentral	0.099	186.0
hsa04657	Target_NonCentral	0.142	186.0
hsa04972	Target_NonCentral	0.017	186.0
hsa03460	Target_NonCentral	0.046	186.0
hsa04217	TFs_Hypergeom	0.109	186.75
hsa05208	Target_NonCentral	0.009	187.0
hsa04923	Target_Hypergeom	0.158	187.0
hsa05030	TFs_Hypergeom	0.105	187.0
hsa05418	TFs_Hypergeom	0.096	187.25
hsa04152	TFs_Hypergeom	0.113	187.5
hsa04927	TFs_Hypergeom	0.1	187.75
hsa04114	Target_Hypergeom	0.218	188.0
hsa05213	TFs_Hypergeom	0.088	188.0
hsa04722	TFs_Hypergeom	0.1	188.0
hsa05135	TFs_Hypergeom	0.081	188.0
hsa05170	TFs_Hypergeom	0.052	188.0
hsa00071	Target_NonCentral	0.048	188.0
hsa05320	Target_NonCentral	0.153	188.0
hsa04340	Target_NonCentral	0.017	188.0
hsa00532	Target_NonCentral	0.044	188.0
hsa04916	TFs_Hypergeom	0.097	188.5
hsa05031	TFs_Hypergeom	0.074	188.5
hsa04340	Target_Hypergeom	0.152	188.5
hsa00640	Target_NonCentral	0.061	188.5
hsa04922	TFs_Hypergeom	0.08	189.0
hsa04672	Target_NonCentral	0.115	189.0
hsa04622	Target_NonCentral	0.09	189.0
hsa04621	TFs_Hypergeom	0.076	190.0
hsa00250	Target_NonCentral	0.071	190.0
hsa04613	Target_NonCentral	0.067	190.0
hsa03410	Target_Hypergeom	0.303	190.25
hsa04014	TFs_Hypergeom	0.029	190.5
hsa04657	TFs_Hypergeom	0.08	190.5
hsa04727	Target_NonCentral	0.031	190.5
hsa04062	TFs_Hypergeom	0.083	190.5
hsa04068	TFs_Hypergeom	0.098	190.5
hsa04623	Target_Hypergeom	0.304	191.0
hsa00380	Target_NonCentral	0.035	191.0
hsa00590	Target_NonCentral	0.027	191.0
hsa04662	TFs_Hypergeom	0.059	191.5
hsa04660	TFs_Hypergeom	0.059	191.5
hsa04925	TFs_Hypergeom	0.068	191.5
hsa05020	TFs_Hypergeom	0.011	192.0
hsa05140	TFs_Hypergeom	0.063	192.0
hsa04620	TFs_Hypergeom	0.06	192.0
hsa04261	TFs_Hypergeom	0.055	192.0
hsa04070	Target_Hypergeom	0.158	192.0
hsa05164	TFs_Hypergeom	0.065	192.5
hsa04371	TFs_Hypergeom	0.096	192.5
hsa05133	TFs_Hypergeom	0.071	192.5
hsa04210	TFs_Hypergeom	0.061	192.5
hsa04918	TFs_Hypergeom	0.054	192.5
hsa04911	TFs_Hypergeom	0.057	192.5
hsa04921	TFs_Hypergeom	0.066	192.5
hsa04973	Target_Hypergeom	0.154	193.0
hsa04142	Target_NonCentral	0.051	193.0
hsa00770	Target_NonCentral	0.032	193.0
hsa05110	Target_NonCentral	0.017	193.0
hsa04977	Target_NonCentral	0.015	193.0
hsa04520	TFs_Hypergeom	0.073	193.25
hsa01200	Target_NonCentral	0.097	193.5
hsa05219	TFs_Hypergeom	0.101	194.0
hsa04725	TFs_Hypergeom	0.037	194.0
hsa04920	TFs_Hypergeom	0.047	194.0
hsa05034	TFs_Hypergeom	0.027	194.0
hsa04714	TFs_Hypergeom	0.027	194.5
hsa05218	TFs_Hypergeom	0.055	195.0
hsa05217	TFs_Hypergeom	0.048	195.0
hsa05017	TFs_Hypergeom	0.063	195.0
hsa00330	Target_NonCentral	0.009	195.0
hsa00120	Target_NonCentral	0.051	195.0
hsa04012	TFs_Hypergeom	0.049	195.25
hsa04066	TFs_Hypergeom	0.042	195.5
hsa03018	Target_NonCentral	0.045	195.5
hsa05022	TFs_Hypergeom	0.002	196.0
hsa05010	TFs_Hypergeom	0.005	196.0
hsa05012	TFs_Hypergeom	0.015	196.0
hsa05415	TFs_Hypergeom	0.037	196.0
hsa04728	Target_Hypergeom	0.123	196.0
hsa00040	Target_NonCentral	0.13	196.0
hsa04713	Target_Hypergeom	0.139	196.0
hsa04714	Target_NonCentral	0.014	196.0
hsa05145	TFs_Hypergeom	0.026	196.5
hsa05142	TFs_Hypergeom	0.025	196.5
hsa05130	TFs_Hypergeom	0.022	196.5
hsa05214	TFs_Hypergeom	0.034	197.0
hsa05231	TFs_Hypergeom	0.033	197.5
hsa05211	TFs_Hypergeom	0.044	197.5
hsa05206	Target_NonCentral	0.037	197.5
hsa03320	TFs_Hypergeom	0.032	198.0
hsa04912	TFs_Hypergeom	0.033	198.0
hsa05134	TFs_Hypergeom	0.024	198.0
hsa04120	Target_Hypergeom	0.113	198.0
hsa05014	TFs_Hypergeom	0.001	198.0
hsa05020	Target_NonCentral	0.009	198.0
hsa04962	TFs_Hypergeom	0.026	198.25
hsa04064	TFs_Hypergeom	0.019	198.5
hsa04071	TFs_Hypergeom	0.008	198.5
hsa00524	Target_Hypergeom	0.207	198.5
hsa04623	TFs_Hypergeom	0.011	199.0
hsa04622	TFs_Hypergeom	0.011	199.0
hsa04612	TFs_Hypergeom	0.025	199.0
hsa04141	TFs_Hypergeom	0.03	199.0
hsa04710	TFs_Hypergeom	0.189	199.0
hsa05120	TFs_Hypergeom	0.013	199.0
hsa00524	Target_NonCentral	0.058	199.0
hsa00591	Target_NonCentral	0.027	199.0
hsa05230	TFs_Hypergeom	0.019	199.5
hsa05332	Target_NonCentral	0.128	199.5
hsa04910	TFs_Hypergeom	0.016	200.0
hsa04530	TFs_Hypergeom	0.017	200.0
hsa05412	TFs_Hypergeom	0.017	200.0
hsa00010	Target_Hypergeom	0.218	200.0
hsa04713	TFs_Hypergeom	0.006	200.5
hsa04392	TFs_Hypergeom	0.172	200.5
hsa05323	TFs_Hypergeom	0.004	200.75
hsa04213	TFs_Hypergeom	0.014	201.0
hsa04613	TFs_Hypergeom	0.003	201.5
hsa04510	TFs_Hypergeom	0.006	201.5
hsa03022	Target_NonCentral	0.01	201.5
hsa01523	TFs_Hypergeom	0.098	201.5
hsa05146	TFs_Hypergeom	0.004	201.5
hsa04115	TFs_Hypergeom	0.006	202.0
hsa01521	TFs_Hypergeom	0.003	202.0
hsa04650	TFs_Hypergeom	0.006	202.0
hsa05010	Target_Hypergeom	0.105	202.0
hsa04720	Target_Hypergeom	0.096	202.0
hsa04924	TFs_Hypergeom	0.0	203.0
hsa04114	TFs_Hypergeom	0.005	203.0
hsa01524	TFs_Hypergeom	0.0	203.0
hsa04216	TFs_Hypergeom	0.01	203.0
hsa04961	TFs_Hypergeom	0.005	203.25
hsa03440	Target_Hypergeom	0.168	203.5
hsa04976	TFs_Hypergeom	0.0	203.5
hsa01100	TFs_Hypergeom	0.0	203.75
hsa00310	TFs_Hypergeom	0.0	203.75
hsa04720	TFs_Hypergeom	0.0	203.75
hsa04370	TFs_Hypergeom	0.0	204.0
hsa04140	TFs_Hypergeom	0.0	204.0
hsa04930	TFs_Hypergeom	0.003	204.0
hsa04914	TFs_Hypergeom	0.0	204.0
hsa04340	TFs_Hypergeom	0.0	204.0
hsa04144	TFs_Hypergeom	0.0	204.0
hsa04360	TFs_Hypergeom	0.0	204.0
hsa05340	TFs_Hypergeom	0.021	204.0
hsa03022	TFs_Hypergeom	0.004	204.0
hsa04330	TFs_Hypergeom	0.0	204.0
hsa04080	TFs_Hypergeom	0.0	204.0
hsa00670	Target_NonCentral	0.06	204.5
hsa04080	Target_NonCentral	0.129	204.5
hsa04929	TFs_Hypergeom	0.0	204.5
hsa04978	TFs_Hypergeom	0.0	204.5
hsa05416	TFs_Hypergeom	0.0	205.0
hsa00500	TFs_Hypergeom	0.0	205.0
hsa05322	TFs_Hypergeom	0.0	205.0
hsa00982	TFs_Hypergeom	0.0	205.0
hsa00650	TFs_Hypergeom	0.0	205.0
hsa05144	TFs_Hypergeom	0.0	205.0
hsa05100	TFs_Hypergeom	0.0	205.0
hsa00603	TFs_Hypergeom	0.0	205.0
hsa00980	TFs_Hypergeom	0.0	205.0
hsa00740	TFs_Hypergeom	0.0	205.0
hsa00515	TFs_Hypergeom	0.0	205.0
hsa00340	TFs_Hypergeom	0.0	205.0
hsa00620	TFs_Hypergeom	0.0	205.0
hsa03440	TFs_Hypergeom	0.0	205.0
hsa00062	TFs_Hypergeom	0.0	205.0
hsa05143	TFs_Hypergeom	0.0	205.0
hsa04923	TFs_Hypergeom	0.0	205.0
hsa00230	TFs_Hypergeom	0.0	205.0
hsa00240	TFs_Hypergeom	0.0	205.0
hsa04940	TFs_Hypergeom	0.0	205.0
hsa00140	TFs_Hypergeom	0.0	205.0
hsa04142	TFs_Hypergeom	0.0	205.0
hsa05410	TFs_Hypergeom	0.0	205.0
hsa05414	TFs_Hypergeom	0.0	205.0
hsa00020	TFs_Hypergeom	0.0	205.0
hsa00260	TFs_Hypergeom	0.0	205.0
hsa00534	TFs_Hypergeom	0.0	205.0
hsa00270	TFs_Hypergeom	0.0	205.0
hsa00970	TFs_Hypergeom	0.0	205.0
hsa00010	TFs_Hypergeom	0.0	205.0
hsa04130	TFs_Hypergeom	0.0	205.0
hsa00514	TFs_Hypergeom	0.0	205.0
hsa00983	TFs_Hypergeom	0.0	205.0
hsa04512	TFs_Hypergeom	0.0	205.0
hsa00533	TFs_Hypergeom	0.0	205.0
hsa00330	TFs_Hypergeom	0.0	205.0
hsa04670	TFs_Hypergeom	0.0	205.0
hsa04614	TFs_Hypergeom	0.0	205.0
hsa04611	TFs_Hypergeom	0.0	205.0
hsa00511	TFs_Hypergeom	0.0	205.0
hsa04742	TFs_Hypergeom	0.0	205.0
hsa00561	TFs_Hypergeom	0.0	205.0
hsa04120	TFs_Hypergeom	0.0	205.0
hsa00480	TFs_Hypergeom	0.0	205.0
hsa04744	TFs_Hypergeom	0.0	205.0
hsa00531	TFs_Hypergeom	0.0	205.0
hsa03410	TFs_Hypergeom	0.0	205.0
hsa03010	TFs_Hypergeom	0.0	205.0
hsa00785	TFs_Hypergeom	0.0	205.0
hsa04726	TFs_Hypergeom	0.0	205.0
hsa00510	TFs_Hypergeom	0.0	205.0
hsa05016	Target_NonCentral	0.002	205.0
hsa00512	TFs_Hypergeom	0.0	205.0
hsa05032	TFs_Hypergeom	0.0	205.0
hsa00440	TFs_Hypergeom	0.0	205.0
hsa04060	TFs_Hypergeom	0.0	205.0
hsa03450	TFs_Hypergeom	0.0	205.0
hsa00563	TFs_Hypergeom	0.0	205.0
hsa03060	TFs_Hypergeom	0.0	205.0
hsa04723	TFs_Hypergeom	0.0	205.0
hsa03020	TFs_Hypergeom	0.0	205.0
hsa04270	TFs_Hypergeom	0.0	205.0
hsa00780	TFs_Hypergeom	0.0	205.0
hsa00562	TFs_Hypergeom	0.0	205.0
hsa00040	TFs_Hypergeom	0.0	205.0
hsa05033	TFs_Hypergeom	0.0	205.0
hsa03430	TFs_Hypergeom	0.0	205.0
hsa00100	TFs_Hypergeom	0.0	205.0
hsa04810	TFs_Hypergeom	0.0	205.0
hsa00280	TFs_Hypergeom	0.0	205.0
hsa02010	TFs_Hypergeom	0.0	205.0
hsa00565	TFs_Hypergeom	0.0	205.0
hsa00591	TFs_Hypergeom	0.0	205.0
hsa04150	TFs_Hypergeom	0.0	205.0
hsa01040	TFs_Hypergeom	0.0	205.0
hsa00730	TFs_Hypergeom	0.0	205.0
hsa00052	TFs_Hypergeom	0.0	205.0
hsa05150	TFs_Hypergeom	0.0	205.0
hsa00600	TFs_Hypergeom	0.0	205.0
hsa00524	TFs_Hypergeom	0.0	205.0
hsa04721	TFs_Hypergeom	0.0	205.0
hsa05320	TFs_Hypergeom	0.0	205.0
hsa00232	TFs_Hypergeom	0.0	205.0
hsa03030	TFs_Hypergeom	0.0	205.0
hsa00450	TFs_Hypergeom	0.0	205.0
hsa01210	TFs_Hypergeom	0.0	205.0
hsa03018	TFs_Hypergeom	0.0	205.0
hsa04730	TFs_Hypergeom	0.0	205.0
hsa00601	TFs_Hypergeom	0.0	205.0
hsa00630	TFs_Hypergeom	0.0	205.0
hsa04664	TFs_Hypergeom	0.0	205.0
hsa00770	TFs_Hypergeom	0.0	205.0
hsa00380	TFs_Hypergeom	0.0	205.0
hsa03040	TFs_Hypergeom	0.0	205.0
hsa00830	TFs_Hypergeom	0.0	205.0
hsa00071	TFs_Hypergeom	0.0	205.0
hsa04666	TFs_Hypergeom	0.0	205.0
hsa00670	TFs_Hypergeom	0.0	205.0
hsa04061	TFs_Hypergeom	0.0	205.0
hsa00250	TFs_Hypergeom	0.0	205.0
hsa00760	TFs_Hypergeom	0.0	205.0
hsa00590	TFs_Hypergeom	0.0	205.0
hsa04640	TFs_Hypergeom	0.0	205.0
hsa00790	TFs_Hypergeom	0.0	205.0
hsa04145	TFs_Hypergeom	0.0	205.0
hsa00053	TFs_Hypergeom	0.0	205.0
hsa04724	TFs_Hypergeom	0.0	205.0
hsa00750	TFs_Hypergeom	0.0	205.0
hsa00592	TFs_Hypergeom	0.0	205.0
hsa03015	TFs_Hypergeom	0.0	205.0
hsa04070	TFs_Hypergeom	0.0	205.0
hsa04974	TFs_Hypergeom	0.0	205.0
hsa04977	TFs_Hypergeom	0.0	205.0
hsa05110	TFs_Hypergeom	0.0	205.0
hsa00532	TFs_Hypergeom	0.0	205.0
hsa04072	TFs_Hypergeom	0.0	205.0
hsa00860	TFs_Hypergeom	0.0	205.0
hsa04215	TFs_Hypergeom	0.0	205.0
hsa00430	TFs_Hypergeom	0.0	205.0
hsa05310	TFs_Hypergeom	0.0	205.0
hsa00051	TFs_Hypergeom	0.0	205.0
hsa00350	TFs_Hypergeom	0.0	205.0
hsa00640	TFs_Hypergeom	0.0	205.0
hsa04136	TFs_Hypergeom	0.0	205.0
hsa04146	TFs_Hypergeom	0.0	205.0
hsa00520	TFs_Hypergeom	0.0	205.0
hsa04514	TFs_Hypergeom	0.0	205.0
hsa03460	TFs_Hypergeom	0.0	205.0
hsa00513	TFs_Hypergeom	0.0	205.0
hsa03420	TFs_Hypergeom	0.0	205.0
hsa03050	TFs_Hypergeom	0.0	205.0
hsa04122	TFs_Hypergeom	0.0	205.0
hsa04260	TFs_Hypergeom	0.0	205.0
hsa00030	TFs_Hypergeom	0.0	205.0
hsa00920	TFs_Hypergeom	0.0	205.0
hsa01200	TFs_Hypergeom	0.0	205.0
hsa00220	TFs_Hypergeom	0.0	205.0
hsa04964	TFs_Hypergeom	0.0	205.0
hsa00900	TFs_Hypergeom	0.0	205.0
hsa00400	TFs_Hypergeom	0.0	205.0
hsa04750	TFs_Hypergeom	0.0	205.0
hsa05332	TFs_Hypergeom	0.0	205.0
hsa04972	TFs_Hypergeom	0.0	205.0
hsa00061	TFs_Hypergeom	0.0	205.0
hsa01212	TFs_Hypergeom	0.0	205.0
hsa00120	TFs_Hypergeom	0.0	205.0
hsa04975	TFs_Hypergeom	0.0	205.0
hsa04966	TFs_Hypergeom	0.0	205.0
hsa01240	TFs_Hypergeom	0.0	205.0
hsa04672	TFs_Hypergeom	0.0	205.0
hsa00604	TFs_Hypergeom	0.0	205.0
hsa01230	TFs_Hypergeom	0.0	205.0
hsa04020	TFs_Hypergeom	0.0	205.0
hsa04740	TFs_Hypergeom	0.0	205.0
hsa03008	TFs_Hypergeom	0.0	205.0
hsa04971	TFs_Hypergeom	0.0	205.0
hsa04970	TFs_Hypergeom	0.0	205.0
hsa03013	TFs_Hypergeom	0.0	205.0
hsa04960	TFs_Hypergeom	0.0	205.0
hsa00190	TFs_Hypergeom	0.0	205.0
hsa04015	TFs_Hypergeom	0.0	205.0
hsa04964	Target_Hypergeom	0.092	205.0
hsa00564	TFs_Hypergeom	0.0	205.0
hsa00290	TFs_Hypergeom	0.0	205.0
hsa04610	TFs_Hypergeom	0.0	205.0
hsa00910	TFs_Hypergeom	0.0	205.0
hsa04540	TFs_Hypergeom	0.0	205.0
hsa05204	TFs_Hypergeom	0.0	205.0
hsa00360	TFs_Hypergeom	0.0	205.0
hsa00130	TFs_Hypergeom	0.0	205.0
hsa04913	TFs_Hypergeom	0.0	205.0
hsa04979	TFs_Hypergeom	0.0	205.0
hsa04727	TFs_Hypergeom	0.0	205.0
hsa05330	TFs_Hypergeom	0.0	205.0
hsa04973	TFs_Hypergeom	0.0	205.0
hsa00410	TFs_Hypergeom	0.0	205.0
hsa00410	Target_NonCentral	0.064	205.5
hsa04970	Target_Hypergeom	0.057	206.0
hsa04972	Target_Hypergeom	0.065	206.0
hsa05204	Target_Hypergeom	0.214	206.25
hsa05017	Target_Hypergeom	0.067	207.0
hsa05012	Target_NonCentral	0.003	208.0
hsa00592	Target_NonCentral	0.015	208.0
hsa00020	Target_NonCentral	0.006	208.0
hsa00760	Target_NonCentral	0.014	208.0
hsa05150	Target_NonCentral	0.117	208.5
hsa04146	Target_NonCentral	0.02	208.5
hsa00603	Target_NonCentral	0.019	209.0
hsa00565	Target_NonCentral	0.018	210.0
hsa03015	Target_NonCentral	0.028	210.5
hsa05034	Target_NonCentral	0.009	211.0
hsa00533	Target_NonCentral	0.001	211.0
hsa04978	Target_Hypergeom	0.075	211.0
hsa03460	Target_Hypergeom	0.111	212.0
hsa04392	Target_Hypergeom	0.078	212.0
hsa00520	Target_NonCentral	0.014	212.0
hsa00051	Target_Hypergeom	0.139	212.0
hsa00510	Target_NonCentral	0.018	213.0
hsa03430	Target_NonCentral	0.143	213.0
hsa00604	Target_NonCentral	0.007	213.0
hsa00512	Target_NonCentral	0.011	213.0
hsa00220	Target_NonCentral	0.004	213.5
hsa00220	Target_Hypergeom	0.046	213.5
hsa04145	Target_Hypergeom	0.215	213.5
hsa05022	Target_Hypergeom	0.082	214.0
hsa03030	Target_Hypergeom	0.262	214.0
hsa03013	Target_NonCentral	0.024	214.0
hsa04613	Target_Hypergeom	0.108	215.0
hsa00600	Target_NonCentral	0.008	215.0
hsa00061	Target_NonCentral	0.032	216.0
hsa00030	Target_NonCentral	0.029	216.0
hsa04721	Target_NonCentral	0.034	216.5
hsa00620	Target_Hypergeom	0.139	216.75
hsa05110	Target_Hypergeom	0.061	217.0
hsa03030	Target_NonCentral	0.21	217.0
hsa03450	Target_NonCentral	0.036	217.0
hsa00860	Target_Hypergeom	0.139	217.25
hsa04726	Target_Hypergeom	0.039	217.5
hsa00052	Target_Hypergeom	0.1	218.0
hsa00534	Target_NonCentral	0.02	218.5
hsa03420	Target_NonCentral	0.126	219.5
hsa00983	Target_Hypergeom	0.137	220.0
hsa00280	Target_NonCentral	0.025	220.0
hsa04724	Target_Hypergeom	0.056	220.0
hsa00120	Target_Hypergeom	0.111	221.0
hsa00513	Target_NonCentral	0.004	221.0
hsa00260	Target_NonCentral	0.009	221.0
hsa00450	Target_NonCentral	0.003	222.0
hsa00562	Target_Hypergeom	0.073	223.5
hsa03040	Target_NonCentral	0.097	223.5
hsa03430	Target_Hypergeom	0.181	223.75
hsa04623	Target_NonCentral	0.063	227.0
hsa05033	Target_NonCentral	0.02	227.5
hsa00590	Target_Hypergeom	0.041	228.0
hsa04962	Target_Hypergeom	0.021	229.0
hsa05014	Target_NonCentral	0.011	229.0
hsa04723	Target_NonCentral	0.006	230.0
hsa00270	Target_Hypergeom	0.024	230.5
hsa00330	Target_Hypergeom	0.015	230.75
hsa04614	Target_Hypergeom	0.062	230.75
hsa00514	Target_NonCentral	0.004	231.0
hsa00500	Target_NonCentral	0.05	231.0
hsa05020	Target_Hypergeom	0.012	231.0
hsa05322	Target_NonCentral	0.079	232.0
hsa04975	Target_Hypergeom	0.138	232.0
hsa00062	Target_NonCentral	0.007	232.5
hsa04975	Target_NonCentral	0.084	233.0
hsa01040	Target_Hypergeom	0.044	233.0
hsa00350	Target_Hypergeom	0.048	233.0
hsa00900	Target_NonCentral	0.083	234.0
hsa00591	Target_Hypergeom	0.038	235.25
hsa00100	Target_Hypergeom	0.092	235.25
hsa05032	Target_Hypergeom	0.02	236.0
hsa00980	Target_Hypergeom	0.173	236.5
hsa00230	Target_Hypergeom	0.023	238.0
hsa00061	Target_Hypergeom	0.047	239.0
hsa00020	Target_Hypergeom	0.009	239.5
hsa00670	Target_Hypergeom	0.075	240.0
hsa04974	Target_Hypergeom	0.046	240.0
hsa04742	Target_NonCentral	0.001	241.0
hsa00830	Target_Hypergeom	0.142	243.5
hsa00982	Target_Hypergeom	0.151	244.0
hsa03420	Target_Hypergeom	0.155	244.5
hsa00533	Target_Hypergeom	0.0	245.0
hsa00053	Target_Hypergeom	0.111	246.0
hsa01212	Target_Hypergeom	0.04	246.5
hsa00603	Target_Hypergeom	0.019	247.0
hsa00130	Target_NonCentral	0.001	247.5
hsa01230	Target_Hypergeom	0.071	248.5
hsa00450	Target_Hypergeom	0.003	248.5
hsa00601	Target_NonCentral	0.002	249.0
hsa05150	Target_Hypergeom	0.112	249.0
hsa00480	Target_Hypergeom	0.008	249.0
hsa00514	Target_Hypergeom	0.005	249.5
hsa00604	Target_Hypergeom	0.004	249.75
hsa04141	Target_Hypergeom	0.027	250.0
hsa00532	Target_Hypergeom	0.009	250.5
hsa00564	Target_Hypergeom	0.014	251.0
hsa00790	Target_Hypergeom	0.023	251.0
hsa04136	Target_NonCentral	0.0	252.0
hsa00561	Target_Hypergeom	0.006	253.75
hsa01240	Target_Hypergeom	0.038	254.0
hsa00130	Target_Hypergeom	0.001	254.5
hsa00592	Target_Hypergeom	0.003	255.0
hsa05322	Target_Hypergeom	0.079	255.0
hsa04130	Target_NonCentral	0.005	255.5
hsa04714	Target_Hypergeom	0.002	256.0
hsa00360	Target_NonCentral	0.023	256.5
hsa00040	Target_Hypergeom	0.1	256.75
hsa00240	Target_Hypergeom	0.008	257.0
hsa04260	Target_Hypergeom	0.003	259.0
hsa03050	Target_NonCentral	0.0	259.0
hsa00512	Target_Hypergeom	0.006	259.0
hsa05168	Target_Hypergeom	0.128	261.5
hsa05168	Target_NonCentral	0.12	262.0
hsa00520	Target_Hypergeom	0.003	262.0
hsa00310	Target_Hypergeom	0.004	264.0
hsa00640	Target_Hypergeom	0.016	264.0
hsa04142	Target_Hypergeom	0.017	265.0
hsa03450	Target_Hypergeom	0.011	265.0
hsa00380	Target_Hypergeom	0.005	266.0
hsa00770	Target_Hypergeom	0.004	266.0
hsa00250	Target_Hypergeom	0.007	266.25
hsa00030	Target_Hypergeom	0.006	269.0
hsa00760	Target_Hypergeom	0.001	269.0
hsa00565	Target_Hypergeom	0.003	269.0
hsa00062	Target_Hypergeom	0.001	269.5
hsa04727	Target_Hypergeom	0.003	270.0
hsa00410	Target_Hypergeom	0.013	271.0
hsa00510	Target_Hypergeom	0.001	271.0
hsa04146	Target_Hypergeom	0.001	272.0
hsa05016	Target_Hypergeom	0.0	272.0
hsa00900	Target_Hypergeom	0.021	272.25
hsa00534	Target_Hypergeom	0.0	272.5
hsa00071	Target_Hypergeom	0.006	273.5
hsa00500	Target_Hypergeom	0.017	274.5
hsa00630	Target_NonCentral	0.01	274.5
hsa01200	Target_Hypergeom	0.049	276.0
hsa04723	Target_Hypergeom	0.001	276.5
hsa05012	Target_Hypergeom	0.0	277.0
hsa00600	Target_Hypergeom	0.0	278.0
hsa03022	Target_Hypergeom	0.0	280.0
hsa05034	Target_Hypergeom	0.001	284.0
hsa03018	Target_Hypergeom	0.0	284.0
hsa03015	Target_Hypergeom	0.001	285.0
hsa05014	Target_Hypergeom	0.001	285.0
hsa00260	Target_Hypergeom	0.0	285.25
hsa00513	Target_Hypergeom	0.0	286.0
hsa04721	Target_Hypergeom	0.0	286.0
hsa03040	Target_Hypergeom	0.018	287.0
hsa05033	Target_Hypergeom	0.001	287.0
hsa00360	Target_Hypergeom	0.004	287.5
hsa03050	Target_Hypergeom	0.0	288.0
hsa04080	Target_Hypergeom	0.005	290.0
hsa03010	Target_NonCentral	0.084	290.0
hsa00280	Target_Hypergeom	0.0	290.25
hsa04742	Target_Hypergeom	0.0	293.0
hsa03013	Target_Hypergeom	0.0	293.0
hsa04136	Target_Hypergeom	0.0	294.0
hsa00190	Target_NonCentral	0.0	295.0
hsa01100	Target_Hypergeom	0.002	295.0
hsa00601	Target_Hypergeom	0.0	298.5
hsa04130	Target_Hypergeom	0.0	301.0
hsa00630	Target_Hypergeom	0.001	304.75
hsa03010	Target_Hypergeom	0.038	307.0
hsa04740	Target_NonCentral	0.0	308.0
hsa04740	Target_Hypergeom	0.0	309.0
hsa03008	Target_NonCentral	0.004	309.25
hsa00650	Target_NonCentral	0.018	310.5
hsa00650	Target_Hypergeom	0.0	311.5
hsa00232	Target_NonCentral	0.053	312.5
hsa00232	Target_Hypergeom	0.054	312.5
hsa00340	Target_Hypergeom	0.001	313.25
hsa00340	Target_NonCentral	0.026	313.25
hsa00750	Target_NonCentral	0.003	315.0
hsa00190	Target_Hypergeom	0.0	315.0
hsa03008	Target_Hypergeom	0.0	315.0
hsa00750	Target_Hypergeom	0.024	315.0
hsa00515	Target_NonCentral	0.003	315.5
hsa00515	Target_Hypergeom	0.0	315.5
hsa00970	Target_NonCentral	0.001	316.0
hsa04744	Target_NonCentral	0.002	316.75
hsa00970	Target_Hypergeom	0.0	317.0
hsa04744	Target_Hypergeom	0.0	317.0
hsa00440	Target_NonCentral	0.064	318.0
hsa03060	Target_NonCentral	0.008	318.0
hsa00910	Target_NonCentral	0.0	318.0
hsa03060	Target_Hypergeom	0.0	318.0
hsa01210	Target_NonCentral	0.005	318.0
hsa00440	Target_Hypergeom	0.054	318.0
hsa00910	Target_Hypergeom	0.0	318.0
hsa01210	Target_Hypergeom	0.0	318.0
hsa04966	Target_Hypergeom	0.0	318.25
hsa04966	Target_NonCentral	0.004	318.25
hsa00740	Target_NonCentral	0.005	319.25
hsa00740	Target_Hypergeom	0.0	319.25
hsa00730	Target_NonCentral	0.015	320.0
hsa00730	Target_Hypergeom	0.001	320.0
hsa00563	Target_NonCentral	0.0	321.0
hsa03020	Target_NonCentral	0.0	321.0
hsa00531	Target_Hypergeom	0.0	321.0
hsa03020	Target_Hypergeom	0.0	321.0
hsa00563	Target_Hypergeom	0.0	321.0
hsa00531	Target_NonCentral	0.001	321.0
hsa00290	Target_Hypergeom	0.013	322.0
hsa00290	Target_NonCentral	0.013	322.0
hsa00920	Target_NonCentral	0.001	322.0
hsa00920	Target_Hypergeom	0.0	322.0
hsa04122	Target_Hypergeom	0.0	323.0
hsa04122	Target_NonCentral	0.0	323.0
hsa00430	Target_NonCentral	0.0	323.5
hsa00430	Target_Hypergeom	0.0	323.5
hsa00780	Target_NonCentral	0.0	323.5
hsa00400	Target_Hypergeom	0.0	323.5
hsa00780	Target_Hypergeom	0.0	323.5
hsa00400	Target_NonCentral	0.0	323.5
hsa00511	Target_Hypergeom	0.0	324.5
hsa00785	Target_Hypergeom	0.0	324.5
hsa00785	Target_NonCentral	0.0	324.5
hsa00511	Target_NonCentral	0.0	324.5
