annotation_id	typeOfAnalysis	p_times	ranking
WP5087	Target_Hypergeom	0.966	11.0
WP4659	Target_Hypergeom	0.987	14.0
WP3611	Target_Hypergeom	0.932	17.0
WP3646	Target_Hypergeom	0.944	21.0
WP2431	Target_Hypergeom	0.911	26.0
WP4172	Target_Hypergeom	0.888	28.0
WP710	Target_Hypergeom	0.939	29.0
WP2828	Target_Hypergeom	0.925	31.0
WP366	Target_Hypergeom	0.961	33.0
WP4754	Target_Hypergeom	0.831	33.0
WP236	TFs_Hypergeom	0.431	33.0
WP236	Target_Hypergeom	0.94	35.0
WP5094	Target_Hypergeom	0.924	35.0
WP615	Target_Hypergeom	0.895	36.0
WP3617	Target_Hypergeom	0.843	37.0
WP4658	Target_Hypergeom	0.908	37.25
WP2261	Target_Hypergeom	0.942	38.0
WP3624	Target_Hypergeom	0.803	42.25
WP4216	Target_Hypergeom	0.912	43.0
WP5055	Target_Hypergeom	0.811	43.5
WP2586	Target_Hypergeom	0.909	45.0
WP4674	Target_Hypergeom	0.919	45.5
WP4298	Target_Hypergeom	0.86	46.0
WP2882	Target_Hypergeom	0.855	47.0
WP1984	Target_Hypergeom	0.881	48.0
WP5098	Target_Hypergeom	0.862	50.0
WP3888	Target_Hypergeom	0.932	51.0
WP706	TFs_Hypergeom	0.356	51.25
WP4263	Target_Hypergeom	0.9	52.0
WP1971	Target_Hypergeom	0.876	52.0
WP4666	Target_Hypergeom	0.887	53.0
WP4149	TFs_Hypergeom	0.537	54.25
WP707	Target_Hypergeom	0.842	54.25
WP254	Target_Hypergeom	0.828	55.0
WP5115	Target_Hypergeom	0.761	55.0
WP4806	Target_Hypergeom	0.905	56.0
WP2374	Target_Hypergeom	0.843	56.75
WP306	Target_Hypergeom	0.906	58.0
WP170	TFs_Hypergeom	0.536	59.5
WP4155	Target_Hypergeom	0.907	59.75
WP1742	Target_Hypergeom	0.845	64.5
WP45	Target_Hypergeom	0.842	65.0
WP530	Target_Hypergeom	0.688	65.0
WP2864	Target_Hypergeom	0.831	68.0
WP3614	Target_Hypergeom	0.757	70.0
WP3932	Target_Hypergeom	0.788	73.0
WP4255	Target_Hypergeom	0.859	73.75
WP2814	Target_Hypergeom	0.857	75.0
WP49	Target_Hypergeom	0.864	75.25
WP2328	Target_Hypergeom	0.693	75.75
WP4262	Target_Hypergeom	0.828	76.0
WP2853	TFs_Hypergeom	0.23	76.75
WP179	Target_Hypergeom	0.781	77.5
WP2882	TFs_Hypergeom	0.163	79.75
WP2324	Target_Hypergeom	0.778	80.5
WP138	Target_Hypergeom	0.869	81.0
WP2857	TFs_Hypergeom	0.216	81.75
WP4970	Target_Hypergeom	0.801	83.0
WP2815	Target_Hypergeom	0.842	84.0
WP560	Target_Hypergeom	0.817	86.0
WP176	Target_Hypergeom	0.7	86.0
WP4666	TFs_Hypergeom	0.206	87.25
WP2355	Target_Hypergeom	0.831	88.25
WP3287	Target_Hypergeom	0.741	88.5
WP1530	Target_Hypergeom	0.757	88.75
WP4816	Target_Hypergeom	0.826	89.0
WP2849	Target_Hypergeom	0.789	90.0
WP2877	Target_Hypergeom	0.768	91.0
WP4685	Target_Hypergeom	0.809	91.25
WP1533	Target_Hypergeom	0.681	92.5
WP2032	Target_Hypergeom	0.829	93.25
WP3303	Target_Hypergeom	0.76	94.0
WP3594	TFs_Hypergeom	0.212	94.0
WP706	Target_Hypergeom	0.764	95.0
WP4341	Target_Hypergeom	0.779	95.5
WP3888	TFs_Hypergeom	0.067	96.0
WP2037	Target_Hypergeom	0.797	97.0
WP2813	Target_Hypergeom	0.823	98.0
WP2873	Target_Hypergeom	0.686	104.0
WP3640	Target_Hypergeom	0.802	104.25
WP399	Target_Hypergeom	0.816	107.0
WP4484	Target_Hypergeom	0.647	107.75
WP205	Target_Hypergeom	0.808	108.25
WP2817	Target_Hypergeom	0.768	109.0
WP474	Target_Hypergeom	0.752	109.5
WP4808	Target_Hypergeom	0.752	109.5
WP5083	Target_Hypergeom	0.689	110.75
WP366	TFs_Hypergeom	0.18	111.0
WP2572	Target_Hypergeom	0.768	111.75
WP1772	Target_Hypergeom	0.652	112.75
WP2446	Target_Hypergeom	0.72	114.0
WP437	Target_Hypergeom	0.756	115.5
WP437	TFs_Hypergeom	0.167	116.25
WP4541	Target_Hypergeom	0.741	117.0
WP69	Target_Hypergeom	0.68	118.0
WP3651	Target_Hypergeom	0.78	121.0
WP1984	TFs_Hypergeom	0.179	121.0
WP286	Target_Hypergeom	0.707	121.5
WP363	Target_Hypergeom	0.771	124.0
WP4879	Target_Hypergeom	0.695	125.0
WP4494	Target_Hypergeom	0.603	126.0
WP2034	Target_Hypergeom	0.667	126.0
WP1539	Target_Hypergeom	0.66	130.0
WP3863	Target_Hypergeom	0.644	131.5
WP127	Target_Hypergeom	0.725	131.5
WP3680	Target_Hypergeom	0.718	133.0
WP4747	Target_Hypergeom	0.67	133.5
WP170	Target_Hypergeom	0.668	134.5
WP4754	TFs_Hypergeom	0.181	135.5
WP5088	Target_Hypergeom	0.618	136.5
WP673	Target_Hypergeom	0.732	138.0
WP15	Target_Hypergeom	0.615	138.75
WP382	TFs_Hypergeom	0.152	140.0
WP4891	Target_Hypergeom	0.574	140.0
WP4659	TFs_Hypergeom	0.145	140.25
WP3658	Target_Hypergeom	0.73	141.75
WP2840	TFs_Hypergeom	0.141	142.0
WP453	Target_Hypergeom	0.59	143.5
WP61	Target_Hypergeom	0.693	143.5
WP5113	Target_Hypergeom	0.599	145.75
WP5087	TFs_Hypergeom	0.097	146.75
WP2203	Target_Hypergeom	0.629	147.0
WP23	Target_Hypergeom	0.661	147.5
WP3932	Target_NonCentral	0.182	147.5
WP4149	Target_Hypergeom	0.676	148.5
WP2839	Target_Hypergeom	0.687	149.25
WP5097	Target_Hypergeom	0.6	152.5
WP5095	Target_Hypergeom	0.567	153.0
WP3981	Target_Hypergeom	0.672	153.5
WP4925	Target_Hypergeom	0.637	153.5
WP3893	Target_Hypergeom	0.588	154.25
WP4673	Target_Hypergeom	0.597	155.0
WP2332	Target_Hypergeom	0.602	155.75
WP4300	Target_Hypergeom	0.597	156.25
WP314	Target_Hypergeom	0.585	157.0
WP2878	Target_Hypergeom	0.657	157.25
WP2840	Target_Hypergeom	0.634	158.25
WP2516	Target_Hypergeom	0.607	159.25
WP304	Target_Hypergeom	0.618	160.0
WP4482	Target_Hypergeom	0.582	160.0
WP395	Target_Hypergeom	0.591	160.5
WP2018	Target_Hypergeom	0.599	161.0
WP4141	Target_Hypergeom	0.558	161.25
WP3892	Target_Hypergeom	0.571	162.0
WP2064	Target_Hypergeom	0.594	165.0
WP2865	Target_Hypergeom	0.567	166.0
WP289	Target_Hypergeom	0.615	167.5
WP712	Target_Hypergeom	0.626	167.75
WP4018	Target_Hypergeom	0.593	168.0
WP382	Target_Hypergeom	0.59	170.0
WP313	Target_Hypergeom	0.578	171.5
WP408	Target_Hypergeom	0.577	173.0
WP4331	Target_Hypergeom	0.563	173.0
WP3599	Target_Hypergeom	0.572	174.25
WP4540	Target_Hypergeom	0.566	175.0
WP4496	Target_Hypergeom	0.548	175.25
WP2877	Target_NonCentral	0.194	175.5
WP2380	Target_Hypergeom	0.57	176.0
WP3915	Target_NonCentral	0.107	177.0
WP3872	Target_Hypergeom	0.524	178.75
WP3594	Target_Hypergeom	0.566	180.0
WP2036	Target_Hypergeom	0.537	180.75
WP51	Target_NonCentral	0.106	181.0
WP3672	Target_Hypergeom	0.601	181.25
WP3995	Target_Hypergeom	0.571	181.5
WP4481	Target_Hypergeom	0.532	181.75
WP4136	Target_Hypergeom	0.52	183.5
WP5039	Target_Hypergeom	0.53	184.0
WP34	Target_Hypergeom	0.568	185.0
WP2870	Target_Hypergeom	0.532	187.0
WP619	Target_Hypergeom	0.546	187.5
WP185	Target_NonCentral	0.122	188.5
WP364	Target_Hypergeom	0.499	188.5
WP3929	Target_NonCentral	0.133	189.5
WP2880	Target_Hypergeom	0.53	190.0
WP4864	Target_Hypergeom	0.511	190.25
WP4217	Target_Hypergeom	0.532	193.0
WP4928	Target_Hypergeom	0.524	193.25
WP1403	Target_Hypergeom	0.489	193.25
WP4969	Target_Hypergeom	0.503	194.5
WP1449	Target_Hypergeom	0.526	194.5
WP428	Target_Hypergeom	0.54	195.0
WP3969	Target_Hypergeom	0.52	195.0
WP75	Target_Hypergeom	0.513	195.0
WP3998	Target_Hypergeom	0.558	195.5
WP4483	Target_Hypergeom	0.553	196.0
WP4564	Target_Hypergeom	0.552	196.25
WP4559	Target_Hypergeom	0.496	196.5
WP3888	Target_NonCentral	0.069	197.0
WP3657	Target_Hypergeom	0.513	197.75
WP2858	Target_Hypergeom	0.513	197.75
WP3612	Target_Hypergeom	0.547	198.0
WP306	Target_NonCentral	0.102	198.0
WP5092	Target_Hypergeom	0.498	198.25
WP2118	Target_NonCentral	0.076	198.5
WP2858	Target_NonCentral	0.098	200.0
WP4790	Target_Hypergeom	0.495	200.5
WP5087	Target_NonCentral	0.163	201.0
WP4172	Target_NonCentral	0.17	201.5
WP4241	Target_Hypergeom	0.505	201.5
WP23	Target_NonCentral	0.101	202.5
WP2848	Target_Hypergeom	0.507	202.5
WP4478	Target_Hypergeom	0.488	202.5
WP2881	Target_Hypergeom	0.489	203.25
WP231	Target_Hypergeom	0.486	204.0
WP4787	Target_NonCentral	0.09	204.0
WP2380	Target_NonCentral	0.079	204.0
WP2853	Target_NonCentral	0.084	204.5
WP4258	Target_Hypergeom	0.511	205.0
WP4565	Target_Hypergeom	0.522	206.0
WP3859	Target_Hypergeom	0.457	206.25
WP3941	Target_Hypergeom	0.495	207.0
WP1545	Target_Hypergeom	0.526	207.0
WP585	Target_NonCentral	0.069	207.5
WP4844	Target_Hypergeom	0.493	207.75
WP5063	Target_Hypergeom	0.466	208.25
WP4149	Target_NonCentral	0.072	211.0
WP4541	Target_NonCentral	0.072	211.5
WP236	Target_NonCentral	0.116	212.0
WP481	Target_NonCentral	0.057	213.0
WP2526	Target_Hypergeom	0.463	213.0
WP4495	Target_Hypergeom	0.49	213.0
WP395	Target_NonCentral	0.079	215.0
WP299	Target_Hypergeom	0.497	215.75
WP2406	Target_NonCentral	0.05	217.5
WP1544	Target_Hypergeom	0.442	218.0
WP4560	Target_Hypergeom	0.445	218.0
WP2857	Target_Hypergeom	0.456	219.0
WP437	Target_NonCentral	0.076	219.5
WP4539	Target_NonCentral	0.108	221.0
WP4217	Target_NonCentral	0.109	221.0
WP304	Target_NonCentral	0.05	221.0
WP3929	Target_Hypergeom	0.416	222.0
WP5121	Target_Hypergeom	0.461	222.0
WP244	Target_NonCentral	0.05	223.5
WP5044	Target_Hypergeom	0.454	223.5
WP1528	Target_Hypergeom	0.458	223.5
WP4493	Target_Hypergeom	0.467	223.5
WP400	Target_NonCentral	0.026	224.0
WP3850	Target_Hypergeom	0.426	224.25
WP4542	Target_NonCentral	0.077	224.5
WP4698	Target_Hypergeom	0.438	225.75
WP1541	Target_NonCentral	0.072	227.5
WP3972	Target_Hypergeom	0.423	227.5
WP5094	Target_NonCentral	0.1	228.0
WP5053	Target_Hypergeom	0.42	228.25
WP4462	Target_Hypergeom	0.461	228.75
WP4396	Target_Hypergeom	0.446	228.75
WP481	Target_Hypergeom	0.42	230.0
WP3594	Target_NonCentral	0.106	230.0
WP3584	Target_NonCentral	0.061	230.0
WP4399	Target_Hypergeom	0.46	230.25
WP4658	Target_NonCentral	0.165	230.5
WP129	Target_Hypergeom	0.43	231.0
WP366	Target_NonCentral	0.04	231.0
WP2038	Target_NonCentral	0.026	231.0
WP1403	Target_NonCentral	0.092	231.0
WP3527	Target_NonCentral	0.061	232.0
WP4538	Target_NonCentral	0.081	233.0
WP3945	Target_NonCentral	0.091	233.0
WP2507	Target_Hypergeom	0.428	233.75
WP3678	Target_Hypergeom	0.417	234.5
WP5122	Target_Hypergeom	0.398	234.75
WP2037	Target_NonCentral	0.071	235.0
WP4336	Target_Hypergeom	0.406	235.5
WP4008	Target_Hypergeom	0.412	235.75
WP3845	Target_NonCentral	0.075	236.0
WP4141	Target_NonCentral	0.074	236.0
WP4875	Target_NonCentral	0.103	236.5
WP2355	Target_NonCentral	0.052	236.5
WP2018	Target_NonCentral	0.073	237.0
WP5124	Target_NonCentral	0.069	237.0
WP4480	Target_Hypergeom	0.459	237.5
WP2203	Target_NonCentral	0.047	237.5
WP364	Target_NonCentral	0.156	238.0
WP5115	Target_NonCentral	0.21	238.0
WP12	Target_NonCentral	0.05	238.5
WP4357	Target_Hypergeom	0.415	238.75
WP706	Target_NonCentral	0.07	239.0
WP4239	Target_NonCentral	0.059	239.0
WP4963	Target_Hypergeom	0.414	241.0
WP61	Target_NonCentral	0.043	241.0
WP4288	Target_NonCentral	0.048	241.5
WP4561	Target_Hypergeom	0.395	241.5
WP3657	Target_NonCentral	0.031	242.5
WP2806	Target_NonCentral	0.115	242.5
WP363	Target_NonCentral	0.037	243.0
WP4871	Target_Hypergeom	0.397	243.25
WP3892	Target_NonCentral	0.069	243.5
WP2032	Target_NonCentral	0.039	243.5
WP2637	Target_Hypergeom	0.368	244.0
WP3640	Target_NonCentral	0.025	244.0
WP428	Target_NonCentral	0.031	244.0
WP3996	Target_NonCentral	0.05	244.0
WP4148	Target_NonCentral	0.11	244.0
WP2332	Target_NonCentral	0.067	245.0
WP1544	Target_NonCentral	0.056	245.5
WP2011	Target_Hypergeom	0.416	246.0
WP2864	Target_NonCentral	0.075	246.0
WP69	Target_NonCentral	0.08	246.5
WP4746	Target_NonCentral	0.09	246.5
WP4522	Target_Hypergeom	0.415	247.0
WP4874	Target_Hypergeom	0.337	247.0
WP4879	Target_NonCentral	0.065	247.0
WP4919	Target_Hypergeom	0.409	247.25
WP4155	Target_NonCentral	0.088	247.5
WP4970	Target_NonCentral	0.062	247.5
WP5090	Target_NonCentral	0.041	248.0
WP4808	Target_NonCentral	0.058	248.0
WP474	Target_NonCentral	0.058	248.0
WP4239	Target_Hypergeom	0.371	248.0
WP51	Target_Hypergeom	0.372	248.5
WP5053	Target_NonCentral	0.074	249.0
WP2324	Target_NonCentral	0.088	249.0
WP1946	Target_NonCentral	0.083	249.5
WP4534	Target_NonCentral	0.061	250.0
WP4540	Target_NonCentral	0.066	251.0
WP3658	Target_NonCentral	0.069	251.0
WP53	Target_NonCentral	0.103	251.5
WP516	Target_Hypergeom	0.366	251.5
WP2795	Target_NonCentral	0.024	251.5
WP399	Target_NonCentral	0.044	252.0
WP4206	Target_Hypergeom	0.419	252.0
WP4205	Target_Hypergeom	0.347	252.0
WP170	Target_NonCentral	0.071	253.5
WP4806	Target_NonCentral	0.064	254.0
WP268	Target_NonCentral	0.058	254.0
WP1584	Target_NonCentral	0.052	254.0
WP4823	Target_Hypergeom	0.389	254.25
WP2875	Target_NonCentral	0.107	254.5
WP5072	Target_NonCentral	0.065	254.5
WP322	Target_NonCentral	0.067	254.5
WP2795	Target_Hypergeom	0.338	255.0
WP4674	Target_NonCentral	0.088	255.0
WP2064	Target_NonCentral	0.087	255.0
WP536	Target_NonCentral	0.083	255.0
WP4331	Target_NonCentral	0.047	255.0
WP4925	Target_NonCentral	0.05	255.0
WP3613	Target_NonCentral	0.094	255.5
WP2526	Target_NonCentral	0.063	256.0
WP2034	Target_NonCentral	0.108	256.0
WP3995	Target_NonCentral	0.031	256.0
WP98	Target_Hypergeom	0.356	256.0
WP4666	Target_NonCentral	0.092	257.0
WP4341	Target_NonCentral	0.06	257.0
WP3844	Target_NonCentral	0.053	257.5
WP2857	Target_NonCentral	0.042	257.5
WP2363	Target_Hypergeom	0.341	258.0
WP4534	Target_Hypergeom	0.354	258.0
WP4357	Target_NonCentral	0.027	258.5
WP382	Target_NonCentral	0.092	259.0
WP5036	Target_NonCentral	0.051	259.0
WP534	Target_NonCentral	0.122	259.5
WP2848	Target_NonCentral	0.063	260.0
WP3935	Target_NonCentral	0.08	260.0
WP2374	Target_NonCentral	0.103	260.0
WP4566	Target_NonCentral	0.042	260.0
WP4255	Target_NonCentral	0.08	260.0
WP4856	Target_NonCentral	0.058	260.5
WP286	Target_NonCentral	0.055	260.5
WP3931	Target_NonCentral	0.074	260.5
WP4932	Target_NonCentral	0.069	261.0
WP4698	Target_NonCentral	0.054	261.0
WP3286	Target_Hypergeom	0.359	261.0
WP4018	Target_NonCentral	0.124	261.0
WP4336	Target_NonCentral	0.036	261.0
WP2853	Target_Hypergeom	0.326	261.25
WP3584	Target_Hypergeom	0.328	261.75
WP205	Target_NonCentral	0.017	262.0
WP4756	Target_NonCentral	0.082	262.0
WP185	Target_Hypergeom	0.34	262.25
WP2572	Target_NonCentral	0.035	262.5
WP2637	Target_NonCentral	0.03	263.0
WP5036	Target_Hypergeom	0.346	263.0
WP4352	Target_NonCentral	0.104	263.0
WP3678	Target_NonCentral	0.061	263.5
WP3940	Target_NonCentral	0.024	263.5
WP408	Target_NonCentral	0.029	264.0
WP1539	Target_NonCentral	0.056	264.0
WP4191	Target_Hypergeom	0.349	264.25
WP2447	Target_Hypergeom	0.359	264.25
WP3851	Target_Hypergeom	0.367	264.5
WP2525	Target_NonCentral	0.065	264.5
WP3972	Target_NonCentral	0.058	264.5
WP2643	Target_Hypergeom	0.331	264.75
WP3668	Target_NonCentral	0.031	265.0
WP2586	Target_NonCentral	0.071	265.0
WP4535	Target_Hypergeom	0.319	265.0
WP35	Target_NonCentral	0.063	265.5
WP4874	Target_NonCentral	0.019	265.5
WP98	Target_NonCentral	0.039	265.5
WP524	Target_NonCentral	0.048	265.5
WP4707	Target_Hypergeom	0.334	265.5
WP581	Target_NonCentral	0.056	266.0
WP3937	Target_NonCentral	0.114	266.5
WP4950	Target_NonCentral	0.063	266.5
WP241	Target_NonCentral	0.051	266.5
WP4211	Target_Hypergeom	0.33	267.5
WP4790	Target_NonCentral	0.008	268.0
WP3651	Target_NonCentral	0.028	268.0
WP3298	Target_NonCentral	0.092	268.0
WP3596	Target_Hypergeom	0.27	268.5
WP1971	Target_NonCentral	0.152	269.5
WP3850	Target_NonCentral	0.011	269.5
WP2583	Target_Hypergeom	0.363	269.75
WP262	Target_Hypergeom	0.373	269.75
WP2118	Target_Hypergeom	0.288	270.0
WP2839	Target_NonCentral	0.022	270.0
WP2261	Target_NonCentral	0.071	270.0
WP4829	Target_NonCentral	0.039	270.0
WP4262	Target_NonCentral	0.117	270.0
WP1591	Target_NonCentral	0.017	270.0
WP3959	Target_Hypergeom	0.349	270.25
WP2406	Target_Hypergeom	0.301	271.25
WP138	Target_NonCentral	0.08	271.5
WP5046	Target_Hypergeom	0.347	272.0
WP3931	Target_Hypergeom	0.331	272.0
WP4582	Target_NonCentral	0.053	272.0
WP4241	Target_NonCentral	0.054	272.0
WP5122	Target_NonCentral	0.038	272.0
WP710	Target_NonCentral	0.114	272.0
WP127	Target_NonCentral	0.01	272.5
WP1434	Target_Hypergeom	0.365	272.75
WP231	Target_NonCentral	0.125	273.0
WP3935	Target_Hypergeom	0.328	273.0
WP3630	Target_Hypergeom	0.326	273.0
WP4321	Target_NonCentral	0.047	273.5
WP4223	Target_NonCentral	0.045	273.5
WP3646	Target_NonCentral	0.081	274.0
WP3668	Target_Hypergeom	0.305	274.25
WP4884	Target_Hypergeom	0.365	274.5
WP2038	Target_Hypergeom	0.27	274.5
WP4659	Target_NonCentral	0.057	274.5
WP4844	Target_NonCentral	0.058	274.5
WP3303	Target_NonCentral	0.073	275.0
WP4150	Target_NonCentral	0.043	275.0
WP2880	Target_NonCentral	0.039	275.0
WP5102	Target_NonCentral	0.035	275.0
WP2874	Target_Hypergeom	0.38	275.25
WP560	Target_NonCentral	0.035	275.5
WP4816	Target_NonCentral	0.031	275.5
WP3925	Target_NonCentral	0.068	275.5
WP3858	Target_NonCentral	0.049	276.0
WP4216	Target_NonCentral	0.094	276.0
WP3872	Target_NonCentral	0.09	276.0
WP4204	Target_Hypergeom	0.319	276.25
WP1471	Target_NonCentral	0.038	277.5
WP4823	Target_NonCentral	0.089	277.5
WP5083	Target_NonCentral	0.078	277.5
WP4585	Target_Hypergeom	0.317	277.5
WP2868	Target_Hypergeom	0.288	278.5
WP2817	Target_NonCentral	0.034	279.0
WP2112	Target_NonCentral	0.035	279.0
WP4549	Target_NonCentral	0.046	279.0
WP3414	Target_NonCentral	0.027	279.0
WP2876	Target_NonCentral	0.125	279.5
WP727	Target_NonCentral	0.056	279.5
WP4223	Target_Hypergeom	0.29	280.0
WP4136	Target_NonCentral	0.127	280.0
WP3967	Target_NonCentral	0.028	280.0
WP2814	Target_NonCentral	0.06	280.0
WP1742	Target_NonCentral	0.077	280.0
WP4222	Target_NonCentral	0.052	280.5
WP4884	Target_NonCentral	0.046	281.0
WP2815	Target_NonCentral	0.051	281.0
WP313	Target_NonCentral	0.021	281.5
WP2272	Target_NonCentral	0.032	281.5
WP3915	Target_Hypergeom	0.305	281.5
WP4538	Target_Hypergeom	0.298	281.5
WP4304	Target_Hypergeom	0.311	282.5
WP430	Target_Hypergeom	0.373	282.75
WP4298	Target_NonCentral	0.099	283.0
WP410	Target_NonCentral	0.122	283.0
WP3	Target_NonCentral	0.041	283.0
WP1984	Target_NonCentral	0.133	283.0
WP49	Target_NonCentral	0.023	283.5
WP3601	Target_Hypergeom	0.364	283.75
WP5102	Target_Hypergeom	0.289	284.0
WP314	Target_NonCentral	0.08	284.5
WP4861	Target_NonCentral	0.036	284.5
WP4767	Target_NonCentral	0.011	285.0
WP195	Target_NonCentral	0.039	285.0
WP195	Target_Hypergeom	0.315	285.0
WP4263	Target_NonCentral	0.078	285.0
WP3680	Target_NonCentral	0.021	285.5
WP2882	Target_NonCentral	0.125	285.5
WP3599	Target_NonCentral	0.063	285.5
WP5110	Target_Hypergeom	0.347	286.0
WP2878	Target_NonCentral	0.099	286.0
WP4842	Target_NonCentral	0.053	286.5
WP2035	Target_NonCentral	0.034	286.5
WP5101	Target_NonCentral	0.02	287.0
WP400	Target_Hypergeom	0.239	287.5
WP3	Target_Hypergeom	0.297	287.5
WP1438	Target_Hypergeom	0.094	287.75
WP4342	Target_Hypergeom	0.252	287.75
WP2849	Target_NonCentral	0.058	288.0
WP2828	Target_NonCentral	0.051	288.0
WP5097	Target_NonCentral	0.05	288.0
WP2197	Target_NonCentral	0.015	288.5
WP4872	Target_NonCentral	0.061	288.5
WP4211	Target_NonCentral	0.029	289.0
WP3982	Target_Hypergeom	0.343	289.0
WP5103	Target_Hypergeom	0.269	289.5
WP3890	Target_Hypergeom	0.333	290.0
WP4337	Target_Hypergeom	0.285	291.0
WP4838	Target_NonCentral	0.088	291.0
WP5098	Target_NonCentral	0.076	291.0
WP4258	Target_NonCentral	0.039	291.0
WP4329	Target_Hypergeom	0.354	291.0
WP2059	Target_NonCentral	0.023	291.5
WP558	Target_NonCentral	0.078	292.5
WP1772	Target_NonCentral	0.158	292.5
WP4877	Target_Hypergeom	0.254	293.0
WP4758	Target_NonCentral	0.036	293.0
WP5038	Target_NonCentral	0.026	293.0
WP2267	Target_NonCentral	0.068	293.0
WP707	Target_NonCentral	0.142	293.5
WP5055	Target_NonCentral	0.154	293.5
WP289	Target_NonCentral	0.024	294.0
WP3844	Target_Hypergeom	0.293	294.25
WP3969	Target_NonCentral	0.016	295.0
WP1591	Target_Hypergeom	0.247	295.0
WP2875	Target_Hypergeom	0.274	295.0
WP4312	Target_NonCentral	0.039	295.0
WP3878	Target_NonCentral	0.075	295.0
WP4747	Target_NonCentral	0.028	296.0
WP554	Target_NonCentral	0.043	296.0
WP3664	Target_NonCentral	0.011	296.0
WP3611	Target_NonCentral	0.111	296.0
WP4535	Target_NonCentral	0.015	296.0
WP4871	Target_NonCentral	0.027	296.5
WP3859	Target_NonCentral	0.036	297.0
WP4559	Target_NonCentral	0.042	297.0
WP2509	Target_NonCentral	0.029	297.0
WP2583	Target_NonCentral	0.036	297.0
WP1533	Target_NonCentral	0.101	297.0
WP581	Target_Hypergeom	0.31	297.5
WP2895	Target_NonCentral	0.024	298.0
WP4537	Target_NonCentral	0.041	298.0
WP4754	Target_NonCentral	0.181	298.0
WP4522	Target_NonCentral	0.109	298.5
WP5072	Target_Hypergeom	0.285	299.0
WP4206	Target_NonCentral	0.038	299.0
WP3998	Target_NonCentral	0.03	299.0
WP4482	Target_NonCentral	0.032	299.0
WP24	Target_NonCentral	0.037	300.0
WP4016	Target_Hypergeom	0.3	300.0
WP585	Target_Hypergeom	0.25	300.0
WP2855	Target_NonCentral	0.035	300.0
WP2431	Target_NonCentral	0.11	300.0
WP4205	Target_NonCentral	0.004	300.5
WP3287	Target_NonCentral	0.024	300.5
WP2813	Target_NonCentral	0.008	300.5
WP4685	Target_NonCentral	0.056	301.0
WP4673	Target_NonCentral	0.034	301.0
WP2870	Target_NonCentral	0.051	301.5
WP2507	Target_NonCentral	0.086	301.5
WP5124	Target_Hypergeom	0.27	302.0
WP2840	Target_NonCentral	0.023	302.0
WP3965	Target_NonCentral	0.025	302.0
WP1541	Target_Hypergeom	0.239	302.0
WP4906	Target_NonCentral	0.004	302.0
WP673	Target_NonCentral	0.036	302.0
WP4961	Target_Hypergeom	0.288	302.25
WP2643	Target_NonCentral	0.01	302.5
WP4396	Target_NonCentral	0.084	302.5
WP2363	Target_NonCentral	0.007	302.5
WP2884	Target_NonCentral	0.081	303.0
WP453	Target_NonCentral	0.113	303.0
WP5049	Target_Hypergeom	0.261	303.5
WP4300	Target_NonCentral	0.011	303.5
WP3591	Target_NonCentral	0.012	303.5
WP4304	Target_NonCentral	0.047	303.5
WP1449	Target_NonCentral	0.167	304.0
WP4864	Target_NonCentral	0.09	304.0
WP5066	Target_NonCentral	0.091	304.5
WP5110	Target_NonCentral	0.113	304.5
WP4313	Target_NonCentral	0.012	305.0
WP4312	Target_Hypergeom	0.243	305.0
WP4523	Target_Hypergeom	0.304	305.0
WP3981	Target_NonCentral	0.003	305.5
WP5121	Target_NonCentral	0.005	306.0
WP4186	Target_Hypergeom	0.26	306.0
WP4481	Target_NonCentral	0.034	306.0
WP3676	Target_NonCentral	0.045	307.0
WP3670	Target_NonCentral	0.012	307.0
WP3612	Target_NonCentral	0.032	307.0
WP3851	Target_NonCentral	0.041	307.0
WP3996	Target_Hypergeom	0.225	307.0
WP1991	Target_NonCentral	0.01	307.5
WP4337	Target_NonCentral	0.017	307.5
WP5117	Target_NonCentral	0.043	307.5
WP1528	Target_NonCentral	0.022	308.0
WP2328	Target_NonCentral	0.191	308.5
WP4786	Target_NonCentral	0.013	309.0
WP3596	Target_NonCentral	0.006	309.0
WP2361	Target_NonCentral	0.065	309.5
WP2911	Target_NonCentral	0.033	309.5
WP3413	Target_Hypergeom	0.25	309.75
WP4969	Target_NonCentral	0.073	310.0
WP262	Target_NonCentral	0.075	310.0
WP5092	Target_NonCentral	0.089	310.0
WP4290	Target_NonCentral	0.097	310.0
WP4496	Target_NonCentral	0.068	310.0
WP5111	Target_Hypergeom	0.339	310.25
WP615	Target_NonCentral	0.074	311.0
WP2881	Target_NonCentral	0.042	311.0
WP3630	Target_NonCentral	0.018	311.0
WP4880	Target_Hypergeom	0.288	311.5
WP1982	Target_Hypergeom	0.253	311.5
WP4146	Target_NonCentral	0.13	311.5
WP254	Target_NonCentral	0.172	312.0
WP4147	Target_NonCentral	0.036	312.0
WP3407	Target_Hypergeom	0.241	312.25
WP3413	Target_NonCentral	0.024	312.5
WP516	Target_NonCentral	0.011	312.5
WP4545	Target_NonCentral	0.06	312.5
WP45	Target_NonCentral	0.15	313.0
WP4719	Target_NonCentral	0.031	313.0
WP4204	Target_NonCentral	0.015	313.0
WP3407	Target_NonCentral	0.017	313.5
WP1433	Target_NonCentral	0.146	313.5
WP3941	Target_NonCentral	0.016	314.5
WP167	Target_NonCentral	0.018	314.5
WP4963	Target_NonCentral	0.059	314.5
WP2272	Target_Hypergeom	0.218	314.5
WP2447	Target_NonCentral	0.054	314.5
WP4880	Target_NonCentral	0.091	315.0
WP4483	Target_NonCentral	0.007	315.0
WP727	Target_Hypergeom	0.237	315.5
WP3942	Target_Hypergeom	0.31	315.5
WP716	Target_NonCentral	0.064	315.5
WP4564	Target_NonCentral	0.007	315.5
WP3614	Target_NonCentral	0.121	315.5
WP712	Target_NonCentral	0.009	315.5
WP3865	Target_NonCentral	0.131	316.0
WP2873	Target_NonCentral	0.056	316.0
WP322	Target_Hypergeom	0.237	316.0
WP5103	Target_NonCentral	0.011	316.0
WP4494	Target_NonCentral	0.133	316.0
WP75	Target_NonCentral	0.16	316.5
WP5065	Target_Hypergeom	0.248	316.5
WP3286	Target_NonCentral	0.017	317.0
WP4877	Target_NonCentral	0.029	317.0
WP179	Target_NonCentral	0.185	317.0
WP3874	Target_NonCentral	0.008	317.0
WP5039	Target_NonCentral	0.151	318.0
WP384	Target_NonCentral	0.068	318.0
WP4479	Target_NonCentral	0.05	318.0
WP4657	Target_NonCentral	0.024	318.0
WP4718	Target_NonCentral	0.127	318.0
WP2879	Target_NonCentral	0.067	318.0
WP3656	Target_NonCentral	0.012	318.5
WP5046	Target_NonCentral	0.015	318.5
WP3299	Target_NonCentral	0.001	318.5
WP5033	Target_NonCentral	0.049	318.5
WP4560	Target_NonCentral	0.016	319.0
WP4565	Target_NonCentral	0.004	319.0
WP4949	Target_Hypergeom	0.195	319.0
WP3613	Target_Hypergeom	0.254	319.25
WP2036	Target_NonCentral	0.107	319.5
WP3414	Target_Hypergeom	0.217	319.75
WP4313	Target_Hypergeom	0.196	320.25
WP12	Target_Hypergeom	0.245	320.5
WP1559	Target_Hypergeom	0.198	320.5
WP1982	Target_NonCentral	0.09	321.0
WP4191	Target_NonCentral	0.009	321.0
WP5113	Target_NonCentral	0.107	321.0
WP3299	Target_Hypergeom	0.133	321.75
WP4787	Target_Hypergeom	0.218	322.0
WP2865	Target_NonCentral	0.055	322.0
WP5063	Target_NonCentral	0.024	322.0
WP2289	Target_Hypergeom	0.263	322.75
WP2023	Target_NonCentral	0.03	323.0
WP3942	Target_NonCentral	0.134	323.0
WP4495	Target_NonCentral	0.014	323.0
WP34	Target_NonCentral	0.021	323.0
WP384	Target_Hypergeom	0.278	323.25
WP2516	Target_NonCentral	0.135	323.5
WP4971	Target_NonCentral	0.042	323.5
WP3943	Target_Hypergeom	0.233	323.75
WP3927	Target_Hypergeom	0.196	324.0
WP2197	Target_Hypergeom	0.183	324.0
WP3593	Target_Hypergeom	0.262	324.0
WP4479	Target_Hypergeom	0.227	324.25
WP15	Target_NonCentral	0.096	324.5
WP3624	Target_NonCentral	0.137	325.0
WP4558	Target_NonCentral	0.077	325.0
WP5049	Target_NonCentral	0.074	325.0
WP53	Target_Hypergeom	0.259	325.25
WP4478	Target_NonCentral	0.108	325.5
WP1530	Target_NonCentral	0.128	326.0
WP5108	Target_NonCentral	0.104	326.5
WP1584	Target_Hypergeom	0.209	326.5
WP5109	Target_Hypergeom	0.28	326.75
WP2446	Target_NonCentral	0.157	327.0
WP299	Target_NonCentral	0.081	327.0
WP2636	Target_NonCentral	0.014	327.0
WP1434	Target_NonCentral	0.053	327.0
WP5111	Target_NonCentral	0.095	327.5
WP383	Target_NonCentral	0.032	328.0
WP4961	Target_NonCentral	0.018	328.0
WP4577	Target_NonCentral	0.02	328.0
WP3893	Target_NonCentral	0.103	328.5
WP4249	Target_Hypergeom	0.16	328.5
WP530	Target_NonCentral	0.155	328.5
WP3947	Target_NonCentral	0.003	329.0
WP4585	Target_NonCentral	0.024	329.0
WP4269	Target_NonCentral	0.034	329.0
WP176	Target_NonCentral	0.112	329.5
WP4484	Target_NonCentral	0.08	330.0
WP4008	Target_NonCentral	0.033	330.0
WP554	Target_Hypergeom	0.237	330.0
WP47	Target_NonCentral	0.064	330.5
WP5090	Target_Hypergeom	0.165	330.5
WP4746	Target_Hypergeom	0.224	331.0
WP129	Target_NonCentral	0.062	331.5
WP4249	Target_NonCentral	0.011	331.5
WP1601	Target_NonCentral	0.079	332.0
WP4148	Target_Hypergeom	0.221	332.0
WP2011	Target_NonCentral	0.048	332.0
WP4752	Target_NonCentral	0.106	332.0
WP3865	Target_Hypergeom	0.255	333.25
WP3944	Target_NonCentral	0.008	334.0
WP4760	Target_NonCentral	0.016	334.5
WP4493	Target_NonCentral	0.067	335.0
WP5112	Target_NonCentral	0.104	335.0
WP5044	Target_NonCentral	0.006	335.0
WP4942	Target_NonCentral	0.008	335.0
WP4928	Target_NonCentral	0.0	335.0
WP3527	Target_Hypergeom	0.178	335.0
WP2876	Target_Hypergeom	0.243	335.0
WP4868	Target_NonCentral	0.151	335.5
WP272	Target_NonCentral	0.033	335.5
WP1991	Target_Hypergeom	0.156	335.75
WP558	Target_Hypergeom	0.244	336.0
WP3672	Target_NonCentral	0.0	336.0
WP3853	Target_NonCentral	0.058	336.0
WP4756	Target_Hypergeom	0.212	336.75
WP3656	Target_Hypergeom	0.173	336.75
WP619	Target_NonCentral	0.136	337.0
WP2806	Target_Hypergeom	0.244	337.0
WP3593	Target_NonCentral	0.027	337.5
WP5033	Target_Hypergeom	0.221	337.75
WP3927	Target_NonCentral	0.01	338.0
WP35	Target_Hypergeom	0.214	338.0
WP2249	Target_Hypergeom	0.086	338.25
WP4480	Target_NonCentral	0.014	339.0
WP1995	Target_Hypergeom	0.26	339.25
WP500	Target_NonCentral	0.034	339.5
WP4399	Target_NonCentral	0.0	339.5
WP3298	Target_Hypergeom	0.21	340.0
WP4146	Target_Hypergeom	0.271	340.0
WP3947	Target_Hypergeom	0.123	340.5
WP1545	Target_NonCentral	0.0	340.5
WP4462	Target_NonCentral	0.174	340.5
WP3591	Target_Hypergeom	0.152	340.75
WP4561	Target_NonCentral	0.004	341.0
WP3301	Target_NonCentral	0.012	341.5
WP5109	Target_NonCentral	0.111	341.5
WP4186	Target_NonCentral	0.021	341.5
WP22	Target_NonCentral	0.016	341.5
WP3297	Target_Hypergeom	0.259	341.5
WP5112	Target_Hypergeom	0.296	341.75
WP3863	Target_NonCentral	0.065	342.0
WP4329	Target_NonCentral	0.106	342.0
WP4919	Target_NonCentral	0.028	342.0
WP465	Target_NonCentral	0.065	342.5
WP1559	Target_NonCentral	0.002	342.5
WP4917	Target_NonCentral	0.026	343.0
WP5108	Target_Hypergeom	0.295	343.5
WP1992	Target_NonCentral	0.003	344.0
WP3890	Target_NonCentral	0.017	344.0
WP3944	Target_Hypergeom	0.147	344.0
WP2874	Target_NonCentral	0.094	344.0
WP430	Target_NonCentral	0.16	344.5
WP1531	Target_NonCentral	0.025	344.5
WP4586	Target_Hypergeom	0.186	345.0
WP3967	Target_Hypergeom	0.152	345.25
WP4949	Target_NonCentral	0.005	346.0
WP4923	Target_NonCentral	0.018	346.0
WP3877	Target_NonCentral	0.01	346.5
WP3301	Target_Hypergeom	0.158	346.75
WP2456	Target_Hypergeom	0.218	346.75
WP3959	Target_NonCentral	0.127	347.0
WP2868	Target_NonCentral	0.0	347.0
WP5120	Target_NonCentral	0.033	347.5
WP43	Target_NonCentral	0.11	348.0
WP702	Target_NonCentral	0.113	348.5
WP3617	Target_NonCentral	0.18	349.0
WP4286	Target_NonCentral	0.048	349.0
WP3670	Target_Hypergeom	0.149	349.0
WP26	Target_NonCentral	0.018	349.0
WP4830	Target_NonCentral	0.084	349.5
WP4016	Target_NonCentral	0.145	349.5
WP4533	Target_NonCentral	0.031	350.0
WP4876	Target_Hypergeom	0.224	350.25
WP4549	Target_Hypergeom	0.131	351.0
WP2436	Target_NonCentral	0.028	351.5
WP4767	Target_Hypergeom	0.101	352.25
WP2513	Target_NonCentral	0.016	353.0
WP4286	Target_Hypergeom	0.106	354.0
WP272	Target_Hypergeom	0.211	354.5
WP4320	Target_NonCentral	0.019	355.5
WP4542	Target_Hypergeom	0.138	355.75
WP4197	Target_NonCentral	0.132	356.0
WP5066	Target_Hypergeom	0.214	356.25
WP4586	Target_NonCentral	0.019	357.0
WP4932	Target_Hypergeom	0.14	357.5
WP4262	TFs_Hypergeom	0.133	358.25
WP422	Target_NonCentral	0.006	358.5
WP3664	Target_Hypergeom	0.075	358.5
WP2249	Target_NonCentral	0.0	359.0
WP4321	Target_Hypergeom	0.14	359.0
WP2456	Target_NonCentral	0.036	359.0
WP5094	TFs_Hypergeom	0.125	359.25
WP4719	Target_Hypergeom	0.167	359.5
WP1946	Target_Hypergeom	0.155	359.75
WP2289	Target_NonCentral	0.062	360.0
WP5120	Target_Hypergeom	0.208	360.0
WP167	Target_Hypergeom	0.119	361.0
WP3982	Target_NonCentral	0.074	361.0
WP1992	Target_Hypergeom	0.092	361.25
WP3601	Target_NonCentral	0.119	361.5
WP4962	Target_NonCentral	0.022	361.5
WP4707	Target_NonCentral	0.0	362.0
WP244	Target_Hypergeom	0.108	362.0
WP3878	Target_Hypergeom	0.181	362.75
WP3877	Target_Hypergeom	0.128	363.75
WP3874	Target_Hypergeom	0.094	364.0
WP4905	Target_NonCentral	0.008	364.0
WP4523	Target_NonCentral	0.082	364.0
WP3869	Target_NonCentral	0.026	364.5
WP4891	Target_NonCentral	0.122	364.5
WP23	TFs_Hypergeom	0.109	364.5
WP2374	TFs_Hypergeom	0.102	365.0
WP2380	TFs_Hypergeom	0.086	365.0
WP2064	TFs_Hypergeom	0.098	365.0
WP4950	Target_Hypergeom	0.153	365.25
WP1438	Target_NonCentral	0.0	365.5
WP3995	TFs_Hypergeom	0.454	365.5
WP395	TFs_Hypergeom	0.162	366.0
WP5115	TFs_Hypergeom	0.062	366.0
WP2324	TFs_Hypergeom	0.091	366.0
WP2355	TFs_Hypergeom	0.097	366.0
WP710	TFs_Hypergeom	0.092	366.0
WP1541	TFs_Hypergeom	0.282	366.0
WP289	TFs_Hypergeom	0.08	366.5
WP2849	TFs_Hypergeom	0.136	366.75
WP2877	TFs_Hypergeom	0.079	367.25
WP2035	Target_Hypergeom	0.144	367.5
WP138	TFs_Hypergeom	0.082	367.5
WP4946	Target_NonCentral	0.149	367.5
WP4879	TFs_Hypergeom	0.104	367.75
WP5088	Target_NonCentral	0.161	368.0
WP560	TFs_Hypergeom	0.101	368.0
WP4816	TFs_Hypergeom	0.101	368.0
WP5065	Target_NonCentral	0.006	368.0
WP2034	TFs_Hypergeom	0.07	368.0
WP4758	Target_Hypergeom	0.132	368.25
WP4239	TFs_Hypergeom	0.063	368.5
WP399	TFs_Hypergeom	0.08	368.5
WP2037	TFs_Hypergeom	0.059	368.5
WP3679	Target_NonCentral	0.004	369.0
WP4172	TFs_Hypergeom	0.027	369.0
WP2203	TFs_Hypergeom	0.234	369.0
WP3646	TFs_Hypergeom	0.136	369.5
WP4216	TFs_Hypergeom	0.043	369.75
WP2018	TFs_Hypergeom	0.114	370.0
WP4341	TFs_Hypergeom	0.066	370.0
WP4524	Target_Hypergeom	0.197	370.25
WP3527	TFs_Hypergeom	0.11	370.5
WP254	TFs_Hypergeom	0.053	370.5
WP69	TFs_Hypergeom	0.057	370.5
WP4396	TFs_Hypergeom	0.046	371.0
WP3932	TFs_Hypergeom	0.042	371.0
WP127	TFs_Hypergeom	0.266	371.0
WP2858	TFs_Hypergeom	0.076	371.0
WP4263	TFs_Hypergeom	0.057	371.0
WP304	TFs_Hypergeom	0.074	371.25
WP2032	TFs_Hypergeom	0.045	371.5
WP732	Target_NonCentral	0.004	371.5
WP3972	TFs_Hypergeom	0.312	371.5
WP4255	TFs_Hypergeom	0.057	371.5
WP5083	TFs_Hypergeom	0.038	371.5
WP2431	TFs_Hypergeom	0.041	371.5
WP3303	TFs_Hypergeom	0.048	371.5
WP4674	TFs_Hypergeom	0.047	371.75
WP4685	TFs_Hypergeom	0.042	371.75
WP4657	Target_Hypergeom	0.081	372.0
WP4658	TFs_Hypergeom	0.059	372.0
WP4906	Target_Hypergeom	0.07	372.0
WP4155	TFs_Hypergeom	0.041	372.0
WP49	TFs_Hypergeom	0.25	372.0
WP3599	TFs_Hypergeom	0.306	372.25
WP179	TFs_Hypergeom	0.046	372.5
WP4258	TFs_Hypergeom	0.048	372.5
WP2586	TFs_Hypergeom	0.172	372.5
WP5098	TFs_Hypergeom	0.041	372.5
WP45	TFs_Hypergeom	0.067	372.5
WP2112	Target_Hypergeom	0.139	372.5
WP2817	TFs_Hypergeom	0.309	372.5
WP268	Target_Hypergeom	0.123	372.75
WP4331	TFs_Hypergeom	0.281	372.75
WP4844	TFs_Hypergeom	0.257	372.75
WP481	TFs_Hypergeom	0.036	373.0
WP3929	TFs_Hypergeom	0.024	373.0
WP2023	TFs_Hypergeom	0.097	373.0
WP4211	TFs_Hypergeom	0.314	373.0
WP4217	TFs_Hypergeom	0.03	373.0
WP1449	TFs_Hypergeom	0.024	373.0
WP1971	TFs_Hypergeom	0.164	373.0
WP615	TFs_Hypergeom	0.036	373.0
WP2526	TFs_Hypergeom	0.251	373.25
WP673	TFs_Hypergeom	0.03	373.5
WP5101	Target_Hypergeom	0.077	373.5
WP585	TFs_Hypergeom	0.092	373.5
WP4949	TFs_Hypergeom	0.033	373.5
WP3651	TFs_Hypergeom	0.058	373.5
WP1591	TFs_Hypergeom	0.186	373.5
WP4880	TFs_Hypergeom	0.264	373.5
WP5102	TFs_Hypergeom	0.295	373.5
WP712	TFs_Hypergeom	0.238	374.0
WP4482	TFs_Hypergeom	0.252	374.0
WP4746	TFs_Hypergeom	0.026	374.0
WP428	TFs_Hypergeom	0.027	374.0
WP4787	TFs_Hypergeom	0.043	374.0
WP3584	TFs_Hypergeom	0.039	374.0
WP3931	TFs_Hypergeom	0.035	374.0
WP3611	TFs_Hypergeom	0.078	374.0
WP3943	Target_NonCentral	0.006	374.5
WP5097	TFs_Hypergeom	0.085	374.5
WP75	TFs_Hypergeom	0.019	374.5
WP1982	TFs_Hypergeom	0.038	374.5
WP2112	TFs_Hypergeom	0.225	374.5
WP391	Target_NonCentral	0.09	374.5
WP4336	TFs_Hypergeom	0.022	374.5
WP5053	TFs_Hypergeom	0.063	374.75
WP61	TFs_Hypergeom	0.028	375.0
WP2332	TFs_Hypergeom	0.178	375.0
WP34	TFs_Hypergeom	0.252	375.0
WP4585	TFs_Hypergeom	0.216	375.0
WP3981	TFs_Hypergeom	0.039	375.0
WP2637	TFs_Hypergeom	0.065	375.0
WP4223	TFs_Hypergeom	0.019	375.0
WP3858	TFs_Hypergeom	0.21	375.0
WP286	TFs_Hypergeom	0.118	375.0
WP363	TFs_Hypergeom	0.06	375.0
WP2509	Target_Hypergeom	0.083	375.25
WP4329	TFs_Hypergeom	0.03	375.5
WP5039	TFs_Hypergeom	0.016	375.5
WP2446	TFs_Hypergeom	0.023	375.5
WP4540	TFs_Hypergeom	0.018	375.5
WP3630	TFs_Hypergeom	0.195	375.5
WP2880	TFs_Hypergeom	0.028	375.75
WP2406	TFs_Hypergeom	0.086	375.75
WP3286	TFs_Hypergeom	0.055	375.75
WP205	TFs_Hypergeom	0.182	376.0
WP2815	TFs_Hypergeom	0.163	376.0
WP734	TFs_Hypergeom	0.214	376.0
WP2261	TFs_Hypergeom	0.015	376.0
WP4756	TFs_Hypergeom	0.176	376.0
WP2029	TFs_Hypergeom	0.18	376.0
WP4808	TFs_Hypergeom	0.032	376.0
WP1772	TFs_Hypergeom	0.011	376.0
WP195	TFs_Hypergeom	0.016	376.0
WP2873	TFs_Hypergeom	0.129	376.0
WP3617	TFs_Hypergeom	0.179	376.0
WP4906	TFs_Hypergeom	0.012	376.0
WP364	TFs_Hypergeom	0.205	376.0
WP474	TFs_Hypergeom	0.032	376.0
WP2036	TFs_Hypergeom	0.161	376.0
WP2895	TFs_Hypergeom	0.228	376.0
WP2839	TFs_Hypergeom	0.201	376.0
WP400	TFs_Hypergeom	0.194	376.0
WP2855	TFs_Hypergeom	0.235	376.0
WP3915	TFs_Hypergeom	0.014	376.0
WP4542	TFs_Hypergeom	0.236	376.0
WP5113	TFs_Hypergeom	0.177	376.25
WP619	TFs_Hypergeom	0.228	376.25
WP4673	TFs_Hypergeom	0.031	376.5
WP408	TFs_Hypergeom	0.181	376.5
WP2881	TFs_Hypergeom	0.179	376.5
WP176	TFs_Hypergeom	0.009	376.5
WP2059	TFs_Hypergeom	0.001	376.75
WP5124	TFs_Hypergeom	0.004	376.75
WP1991	TFs_Hypergeom	0.2	377.0
WP3863	TFs_Hypergeom	0.019	377.0
WP3680	TFs_Hypergeom	0.006	377.0
WP1545	TFs_Hypergeom	0.038	377.0
WP4016	TFs_Hypergeom	0.012	377.0
WP299	TFs_Hypergeom	0.183	377.0
WP313	TFs_Hypergeom	0.149	377.0
WP3892	TFs_Hypergeom	0.211	377.0
WP2814	TFs_Hypergeom	0.185	377.0
WP1530	TFs_Hypergeom	0.008	377.0
WP4564	TFs_Hypergeom	0.136	377.0
WP231	TFs_Hypergeom	0.007	377.0
WP4565	TFs_Hypergeom	0.136	377.0
WP4657	TFs_Hypergeom	0.013	377.0
WP4298	TFs_Hypergeom	0.006	377.0
WP3959	TFs_Hypergeom	0.051	377.0
WP707	TFs_Hypergeom	0.008	377.0
WP4321	TFs_Hypergeom	0.008	377.0
WP5055	TFs_Hypergeom	0.013	377.0
WP4320	TFs_Hypergeom	0.174	377.0
WP4337	TFs_Hypergeom	0.164	377.0
WP4928	TFs_Hypergeom	0.146	377.0
WP2516	TFs_Hypergeom	0.144	377.0
WP3299	TFs_Hypergeom	0.181	377.0
WP1528	TFs_Hypergeom	0.162	377.0
WP3414	TFs_Hypergeom	0.169	377.0
WP4961	TFs_Hypergeom	0.148	377.25
WP581	TFs_Hypergeom	0.15	377.25
WP4136	TFs_Hypergeom	0.126	377.25
WP22	TFs_Hypergeom	0.15	377.25
WP4874	TFs_Hypergeom	0.159	377.5
WP4925	TFs_Hypergeom	0.177	377.5
WP5036	TFs_Hypergeom	0.159	377.5
WP4877	TFs_Hypergeom	0.151	377.5
WP2876	TFs_Hypergeom	0.186	377.5
WP3942	TFs_Hypergeom	0.008	377.5
WP5044	TFs_Hypergeom	0.152	377.5
WP1742	TFs_Hypergeom	0.17	377.5
WP4559	TFs_Hypergeom	0.141	377.5
WP391	TFs_Hypergeom	0.171	377.5
WP3297	Target_NonCentral	0.022	377.5
WP4875	Target_Hypergeom	0.147	377.5
WP53	TFs_Hypergeom	0.188	377.5
WP2875	TFs_Hypergeom	0.176	377.5
WP4970	TFs_Hypergeom	0.144	377.5
WP4141	TFs_Hypergeom	0.137	377.5
WP4496	TFs_Hypergeom	0.121	377.5
WP4541	TFs_Hypergeom	0.016	377.5
WP2828	TFs_Hypergeom	0.108	377.5
WP15	TFs_Hypergeom	0.002	378.0
WP4629	Target_NonCentral	0.126	378.0
WP4655	Target_NonCentral	0.132	378.0
WP4553	Target_NonCentral	0.008	378.0
WP4018	TFs_Hypergeom	0.015	378.0
WP1544	TFs_Hypergeom	0.006	378.0
WP1533	TFs_Hypergeom	0.032	378.0
WP2878	TFs_Hypergeom	0.14	378.0
WP4912	TFs_Hypergeom	0.153	378.0
WP262	TFs_Hypergeom	0.117	378.0
WP4806	TFs_Hypergeom	0.004	378.0
WP3298	TFs_Hypergeom	0.141	378.0
WP3657	TFs_Hypergeom	0.147	378.0
WP4868	TFs_Hypergeom	0.153	378.0
WP3967	TFs_Hypergeom	0.194	378.0
WP4919	TFs_Hypergeom	0.119	378.0
WP4008	TFs_Hypergeom	0.065	378.0
WP3613	TFs_Hypergeom	0.169	378.0
WP4205	TFs_Hypergeom	0.009	378.25
WP4562	TFs_Hypergeom	0.115	378.25
WP5072	TFs_Hypergeom	0.007	378.25
WP3612	TFs_Hypergeom	0.116	378.25
WP4842	Target_Hypergeom	0.15	378.5
WP2884	Target_Hypergeom	0.159	378.5
WP3865	TFs_Hypergeom	0.01	378.5
WP2884	TFs_Hypergeom	0.01	378.5
WP4269	TFs_Hypergeom	0.157	378.5
WP4656	Target_NonCentral	0.023	378.5
WP4561	TFs_Hypergeom	0.115	378.5
WP4197	TFs_Hypergeom	0.145	378.5
WP5092	TFs_Hypergeom	0.12	378.5
WP3927	TFs_Hypergeom	0.131	378.5
WP3668	TFs_Hypergeom	0.123	378.5
WP4495	TFs_Hypergeom	0.119	378.5
WP3658	TFs_Hypergeom	0.138	378.5
WP5038	TFs_Hypergeom	0.118	378.5
WP4655	TFs_Hypergeom	0.005	378.5
WP2249	TFs_Hypergeom	0.117	378.5
WP5063	TFs_Hypergeom	0.118	378.5
WP3859	TFs_Hypergeom	0.127	378.75
WP3893	TFs_Hypergeom	0.153	379.0
WP4842	TFs_Hypergeom	0.162	379.0
WP3678	TFs_Hypergeom	0.142	379.0
WP4814	TFs_Hypergeom	0.162	379.0
WP1559	TFs_Hypergeom	0.09	379.0
WP2363	TFs_Hypergeom	0.086	379.0
WP3844	TFs_Hypergeom	0.114	379.0
WP4747	TFs_Hypergeom	0.024	379.0
WP1434	TFs_Hypergeom	0.083	379.0
WP2864	TFs_Hypergeom	0.027	379.0
WP3877	TFs_Hypergeom	0.085	379.0
WP732	TFs_Hypergeom	0.135	379.0
WP3614	TFs_Hypergeom	0.118	379.0
WP2113	TFs_Hypergeom	0.117	379.0
WP5066	TFs_Hypergeom	0.124	379.0
WP410	TFs_Hypergeom	0.088	379.0
WP4876	TFs_Hypergeom	0.083	379.0
WP4206	TFs_Hypergeom	0.109	379.0
WP4535	TFs_Hypergeom	0.048	379.0
WP4829	TFs_Hypergeom	0.095	379.0
WP4718	TFs_Hypergeom	0.068	379.0
WP4481	TFs_Hypergeom	0.083	379.0
WP4480	TFs_Hypergeom	0.083	379.0
WP3945	TFs_Hypergeom	0.024	379.0
WP4479	TFs_Hypergeom	0.083	379.0
WP4304	TFs_Hypergeom	0.151	379.0
WP3998	TFs_Hypergeom	0.004	379.0
WP3640	TFs_Hypergeom	0.111	379.0
WP3926	TFs_Hypergeom	0.108	379.0
WP1403	TFs_Hypergeom	0.006	379.0
WP2795	TFs_Hypergeom	0.013	379.0
WP4558	TFs_Hypergeom	0.117	379.0
WP5103	TFs_Hypergeom	0.102	379.0
WP2011	TFs_Hypergeom	0.125	379.0
WP5046	TFs_Hypergeom	0.082	379.25
WP3851	TFs_Hypergeom	0.084	379.5
WP3	TFs_Hypergeom	0.114	379.5
WP4932	TFs_Hypergeom	0.002	379.5
WP4342	TFs_Hypergeom	0.106	379.5
WP4790	TFs_Hypergeom	0.081	379.5
WP3850	TFs_Hypergeom	0.074	379.5
WP516	TFs_Hypergeom	0.12	379.5
WP4357	TFs_Hypergeom	0.114	379.5
WP4352	TFs_Hypergeom	0.001	379.5
WP4312	TFs_Hypergeom	0.063	379.5
WP3853	Target_Hypergeom	0.134	379.5
WP2118	TFs_Hypergeom	0.003	379.5
WP98	TFs_Hypergeom	0.066	379.5
WP4698	TFs_Hypergeom	0.093	379.5
WP2874	TFs_Hypergeom	0.101	379.5
WP4300	TFs_Hypergeom	0.11	379.5
WP5120	TFs_Hypergeom	0.081	379.5
WP4147	TFs_Hypergeom	0.129	379.75
WP4969	TFs_Hypergeom	0.08	379.75
WP422	TFs_Hypergeom	0.067	380.0
WP3876	TFs_Hypergeom	0.103	380.0
WP3672	TFs_Hypergeom	0.081	380.0
WP3878	TFs_Hypergeom	0.05	380.0
WP3971	TFs_Hypergeom	0.111	380.0
WP4534	TFs_Hypergeom	0.052	380.0
WP4537	TFs_Hypergeom	0.106	380.0
WP2035	TFs_Hypergeom	0.072	380.0
WP4560	TFs_Hypergeom	0.07	380.0
WP4533	TFs_Hypergeom	0.106	380.0
WP3301	TFs_Hypergeom	0.07	380.0
WP1589	TFs_Hypergeom	0.076	380.0
WP4241	TFs_Hypergeom	0.113	380.0
WP4707	TFs_Hypergeom	0.079	380.0
WP4838	TFs_Hypergeom	0.069	380.0
WP306	TFs_Hypergeom	0.0	380.0
WP1425	TFs_Hypergeom	0.091	380.0
WP4545	TFs_Hypergeom	0.057	380.0
WP5114	Target_NonCentral	0.095	380.0
WP1539	TFs_Hypergeom	0.103	380.5
WP4823	TFs_Hypergeom	0.101	380.5
WP2456	TFs_Hypergeom	0.078	380.5
WP1531	TFs_Hypergeom	0.07	380.5
WP3874	TFs_Hypergeom	0.064	380.5
WP2583	TFs_Hypergeom	0.071	380.5
WP4720	TFs_Hypergeom	0.077	380.5
WP2328	TFs_Hypergeom	0.001	380.5
WP5088	TFs_Hypergeom	0.075	380.5
WP3624	TFs_Hypergeom	0.001	380.5
WP4286	TFs_Hypergeom	0.012	380.5
WP2870	TFs_Hypergeom	0.064	380.5
WP2813	TFs_Hypergeom	0.073	380.5
WP4861	TFs_Hypergeom	0.057	380.5
WP3853	TFs_Hypergeom	0.058	380.5
WP4767	TFs_Hypergeom	0.066	380.5
WP4284	Target_Hypergeom	0.053	380.5
WP117	Target_NonCentral	0.011	380.5
WP1433	TFs_Hypergeom	0.056	380.75
WP2038	TFs_Hypergeom	0.023	381.0
WP5050	TFs_Hypergeom	0.048	381.0
WP3890	TFs_Hypergeom	0.046	381.0
WP3591	TFs_Hypergeom	0.048	381.0
WP5095	TFs_Hypergeom	0.0	381.0
WP1601	TFs_Hypergeom	0.048	381.0
WP4191	TFs_Hypergeom	0.048	381.0
WP4788	TFs_Hypergeom	0.046	381.0
WP3941	TFs_Hypergeom	0.039	381.0
WP733	TFs_Hypergeom	0.044	381.0
WP4313	TFs_Hypergeom	0.042	381.0
WP2865	TFs_Hypergeom	0.046	381.0
WP3849	TFs_Hypergeom	0.046	381.0
WP3982	TFs_Hypergeom	0.048	381.0
WP3935	TFs_Hypergeom	0.044	381.0
WP4871	TFs_Hypergeom	0.039	381.0
WP716	TFs_Hypergeom	0.062	381.0
WP4538	TFs_Hypergeom	0.0	381.0
WP5074	TFs_Hypergeom	0.095	381.0
WP2868	TFs_Hypergeom	0.044	381.0
WP3656	TFs_Hypergeom	0.046	381.0
WP4284	TFs_Hypergeom	0.048	381.0
WP4478	TFs_Hypergeom	0.046	381.0
WP2447	TFs_Hypergeom	0.048	381.0
WP384	TFs_Hypergeom	0.046	381.0
WP3944	TFs_Hypergeom	0.048	381.0
WP4399	TFs_Hypergeom	0.048	381.0
WP3947	TFs_Hypergeom	0.048	381.0
WP5049	TFs_Hypergeom	0.048	381.0
WP4758	TFs_Hypergeom	0.043	381.5
WP4483	TFs_Hypergeom	0.041	381.5
WP3670	TFs_Hypergeom	0.068	381.5
WP2289	TFs_Hypergeom	0.036	381.5
WP2879	TFs_Hypergeom	0.036	381.5
WP3872	TFs_Hypergeom	0.039	381.5
WP5121	TFs_Hypergeom	0.042	381.5
WP1992	TFs_Hypergeom	0.069	381.5
WP4186	TFs_Hypergeom	0.041	381.5
WP5052	TFs_Hypergeom	0.067	381.5
WP3676	TFs_Hypergeom	0.032	381.5
WP4222	TFs_Hypergeom	0.003	381.5
WP4549	TFs_Hypergeom	0.0	381.5
WP4830	TFs_Hypergeom	0.077	381.5
WP314	TFs_Hypergeom	0.031	381.5
WP288	TFs_Hypergeom	0.037	381.5
WP4872	TFs_Hypergeom	0.06	381.5
WP3655	TFs_Hypergeom	0.069	381.5
WP3845	TFs_Hypergeom	0.054	381.5
WP4705	TFs_Hypergeom	0.038	381.5
WP5116	TFs_Hypergeom	0.038	381.5
WP2636	TFs_Hypergeom	0.025	381.5
WP4963	TFs_Hypergeom	0.0	381.5
WP2361	TFs_Hypergeom	0.076	381.5
WP47	TFs_Hypergeom	0.072	381.5
WP2943	TFs_Hypergeom	0.045	381.5
WP3664	TFs_Hypergeom	0.06	381.5
WP3969	TFs_Hypergeom	0.042	381.5
WP268	TFs_Hypergeom	0.021	381.75
WP4656	TFs_Hypergeom	0.0	382.0
WP3593	TFs_Hypergeom	0.036	382.0
WP3938	TFs_Hypergeom	0.041	382.0
WP5033	TFs_Hypergeom	0.036	382.0
WP3996	TFs_Hypergeom	0.031	382.0
WP4942	TFs_Hypergeom	0.037	382.0
WP3869	TFs_Hypergeom	0.031	382.0
WP1584	TFs_Hypergeom	0.045	382.0
WP4204	TFs_Hypergeom	0.034	382.0
WP5109	TFs_Hypergeom	0.046	382.0
WP3297	TFs_Hypergeom	0.036	382.0
WP4950	TFs_Hypergeom	0.028	382.0
WP3930	TFs_Hypergeom	0.039	382.0
WP4553	TFs_Hypergeom	0.032	382.0
WP4249	TFs_Hypergeom	0.027	382.0
WP3674	TFs_Hypergeom	0.041	382.0
WP3413	TFs_Hypergeom	0.024	382.0
WP4721	TFs_Hypergeom	0.033	382.0
WP4722	Target_NonCentral	0.016	382.0
WP1995	Target_NonCentral	0.017	382.0
WP405	TFs_Hypergeom	0.034	382.0
WP2369	TFs_Hypergeom	0.0	382.0
WP534	Target_Hypergeom	0.189	382.0
WP4397	TFs_Hypergeom	0.025	382.0
WP2572	TFs_Hypergeom	0.003	382.0
WP3300	TFs_Hypergeom	0.034	382.0
WP4803	TFs_Hypergeom	0.0	382.0
WP5101	TFs_Hypergeom	0.036	382.0
WP4786	TFs_Hypergeom	0.038	382.0
WP2359	TFs_Hypergeom	0.0	382.5
WP3634	TFs_Hypergeom	0.0	382.5
WP2643	TFs_Hypergeom	0.0	382.5
WP4484	TFs_Hypergeom	0.0	382.5
WP2197	TFs_Hypergeom	0.0	382.5
WP531	TFs_Hypergeom	0.0	382.5
WP2646	TFs_Hypergeom	0.0	382.5
WP465	TFs_Hypergeom	0.0	382.5
WP2513	TFs_Hypergeom	0.0	382.5
WP545	TFs_Hypergeom	0.0	382.5
WP3940	TFs_Hypergeom	0.0	382.5
WP4863	TFs_Hypergeom	0.0	382.5
WP4022	TFs_Hypergeom	0.0	382.5
WP3879	TFs_Hypergeom	0.0	382.5
WP2889	TFs_Hypergeom	0.0	382.5
WP2453	TFs_Hypergeom	0.0	382.5
WP4946	TFs_Hypergeom	0.0	382.5
WP4297	TFs_Hypergeom	0.0	382.5
WP4799	TFs_Hypergeom	0.0	382.5
WP4190	TFs_Hypergeom	0.0	382.5
WP136	TFs_Hypergeom	0.0	382.5
WP4595	TFs_Hypergeom	0.0	382.5
WP4584	TFs_Hypergeom	0.0	382.5
WP229	TFs_Hypergeom	0.0	382.5
WP4921	TFs_Hypergeom	0.0	382.5
WP4753	Target_NonCentral	0.099	382.5
WP561	TFs_Hypergeom	0.0	382.5
WP4519	TFs_Hypergeom	0.0	382.5
WP4726	TFs_Hypergeom	0.0	382.5
WP2596	TFs_Hypergeom	0.0	382.5
WP702	TFs_Hypergeom	0.0	382.5
WP536	TFs_Hypergeom	0.0	382.5
WP5065	TFs_Hypergeom	0.0	382.5
WP134	TFs_Hypergeom	0.0	382.5
WP4522	TFs_Hypergeom	0.0	382.5
WP4494	TFs_Hypergeom	0.0	382.5
WP2485	TFs_Hypergeom	0.0	382.5
WP4506	TFs_Hypergeom	0.0	382.5
WP3644	TFs_Hypergeom	0.0	382.5
WP368	TFs_Hypergeom	0.0	382.5
WP404	TFs_Hypergeom	0.0	382.5
WP4536	TFs_Hypergeom	0.0	382.5
WP2645	TFs_Hypergeom	0.0	382.5
WP1946	TFs_Hypergeom	0.0	382.5
WP1423	TFs_Hypergeom	0.0	382.5
WP3595	TFs_Hypergeom	0.0	382.5
WP4507	TFs_Hypergeom	0.0	382.5
WP500	TFs_Hypergeom	0.0	382.5
WP4571	TFs_Hypergeom	0.0	382.5
WP5064	TFs_Hypergeom	0.0	382.5
WP78	TFs_Hypergeom	0.0	382.5
WP5037	TFs_Hypergeom	0.0	382.5
WP699	TFs_Hypergeom	0.0	382.5
WP4722	TFs_Hypergeom	0.0	382.5
WP3580	TFs_Hypergeom	0.0	382.5
WP692	TFs_Hypergeom	0.0	382.5
WP438	TFs_Hypergeom	0.0	382.5
WP4504	TFs_Hypergeom	0.0	382.5
WP4566	TFs_Hypergeom	0.0	382.5
WP4290	TFs_Hypergeom	0.0	382.5
WP4301	TFs_Hypergeom	0.0	382.5
WP185	TFs_Hypergeom	0.0	382.5
WP3934	TFs_Hypergeom	0.0	382.5
WP5117	TFs_Hypergeom	0.0	382.5
WP4853	TFs_Hypergeom	0.0	382.5
WP5030	TFs_Hypergeom	0.0	382.5
WP4971	TFs_Hypergeom	0.0	382.5
WP704	TFs_Hypergeom	0.0	382.5
WP4582	TFs_Hypergeom	0.0	382.5
WP3585	TFs_Hypergeom	0.0	382.5
WP696	TFs_Hypergeom	0.0	382.5
WP5027	TFs_Hypergeom	0.0	382.5
WP534	TFs_Hypergeom	0.0	382.5
WP690	TFs_Hypergeom	0.0	382.5
WP4524	TFs_Hypergeom	0.0	382.5
WP1471	TFs_Hypergeom	0.0	382.5
WP4966	TFs_Hypergeom	0.0	382.5
WP4900	TFs_Hypergeom	0.0	382.5
WP322	TFs_Hypergeom	0.0	382.5
WP4150	TFs_Hypergeom	0.0	382.5
WP4220	TFs_Hypergeom	0.0	382.5
WP455	TFs_Hypergeom	0.0	382.5
WP623	TFs_Hypergeom	0.0	382.5
WP3635	TFs_Hypergeom	0.0	382.5
WP1600	TFs_Hypergeom	0.0	382.5
WP4860	TFs_Hypergeom	0.0	382.5
WP2267	TFs_Hypergeom	0.0	382.5
WP2290	TFs_Hypergeom	0.0	382.5
WP1495	TFs_Hypergeom	0.0	382.5
WP4724	TFs_Hypergeom	0.0	382.5
WP4589	TFs_Hypergeom	0.0	382.5
WP4389	TFs_Hypergeom	0.0	382.5
WP5110	TFs_Hypergeom	0.0	382.5
WP4493	TFs_Hypergeom	0.0	382.5
WP430	TFs_Hypergeom	0.0	382.5
WP4883	TFs_Hypergeom	0.0	382.5
WP4146	TFs_Hypergeom	0.0	382.5
WP2806	TFs_Hypergeom	0.0	382.5
WP3408	TFs_Hypergeom	0.0	382.5
WP453	TFs_Hypergeom	0.0	382.5
WP3407	TFs_Hypergeom	0.0	382.5
WP4920	TFs_Hypergeom	0.0	382.5
WP2533	TFs_Hypergeom	0.0	382.5
WP4532	TFs_Hypergeom	0.0	382.5
WP1941	TFs_Hypergeom	0.0	382.5
WP558	TFs_Hypergeom	0.0	382.5
WP3645	TFs_Hypergeom	0.0	382.5
WP4157	TFs_Hypergeom	0.0	382.5
WP4947	TFs_Hypergeom	0.0	382.5
WP4905	TFs_Hypergeom	0.0	382.5
WP4792	TFs_Hypergeom	0.0	382.5
WP241	TFs_Hypergeom	0.0	382.5
WP2911	TFs_Hypergeom	0.0	382.5
WP4815	TFs_Hypergeom	0.0	382.5
WP477	TFs_Hypergeom	0.0	382.5
WP4753	TFs_Hypergeom	0.0	382.5
WP466	TFs_Hypergeom	0.0	382.5
WP4299	TFs_Hypergeom	0.0	382.5
WP2916	TFs_Hypergeom	0.0	382.5
WP4317	TFs_Hypergeom	0.0	382.5
WP197	TFs_Hypergeom	0.0	382.5
WP5076	TFs_Hypergeom	0.0	382.5
WP43	TFs_Hypergeom	0.0	382.5
WP4400	TFs_Hypergeom	0.0	382.5
WP1604	TFs_Hypergeom	0.0	382.5
WP2366	TFs_Hypergeom	0.0	382.5
WP4891	TFs_Hypergeom	0.0	382.5
WP5111	TFs_Hypergeom	0.0	382.5
WP4194	TFs_Hypergeom	0.0	382.5
WP143	TFs_Hypergeom	0.0	382.5
WP4752	TFs_Hypergeom	0.0	382.5
WP4760	TFs_Hypergeom	0.0	382.5
WP4577	TFs_Hypergeom	0.0	382.5
WP2507	TFs_Hypergeom	0.0	382.5
WP528	TFs_Hypergeom	0.0	382.5
WP4233	TFs_Hypergeom	0.0	382.5
WP4210	TFs_Hypergeom	0.0	382.5
WP727	TFs_Hypergeom	0.0	382.5
WP4846	TFs_Hypergeom	0.0	382.5
WP2848	TFs_Hypergeom	0.0	382.5
WP5089	TFs_Hypergeom	0.0	382.5
WP4324	TFs_Hypergeom	0.0	382.5
WP4225	TFs_Hypergeom	0.0	382.5
WP4228	TFs_Hypergeom	0.0	382.5
WP4539	TFs_Hypergeom	0.0	382.5
WP3596	TFs_Hypergeom	0.0	382.5
WP4856	TFs_Hypergeom	0.0	382.5
WP3601	TFs_Hypergeom	0.0	382.5
WP3875	TFs_Hypergeom	0.0	382.5
WP4864	TFs_Hypergeom	0.0	382.5
WP167	TFs_Hypergeom	0.0	382.5
WP111	TFs_Hypergeom	0.0	382.5
WP4156	TFs_Hypergeom	0.0	382.5
WP4462	TFs_Hypergeom	0.0	382.5
WP4751	TFs_Hypergeom	0.0	382.5
WP4723	TFs_Hypergeom	0.0	382.5
WP4148	TFs_Hypergeom	0.0	382.5
WP1424	TFs_Hypergeom	0.0	382.5
WP2436	TFs_Hypergeom	0.0	382.5
WP334	TFs_Hypergeom	0.0	382.5
WP2942	TFs_Hypergeom	0.0	382.5
WP4922	TFs_Hypergeom	0.0	382.5
WP2816	TFs_Hypergeom	0.0	382.5
WP524	TFs_Hypergeom	0.0	382.5
WP4719	TFs_Hypergeom	0.0	382.5
WP4873	TFs_Hypergeom	0.0	382.5
WP3529	TFs_Hypergeom	0.0	382.5
WP661	TFs_Hypergeom	0.0	382.5
WP325	TFs_Hypergeom	0.0	382.5
WP2371	TFs_Hypergeom	0.0	382.5
WP4030	TFs_Hypergeom	0.0	382.5
WP206	TFs_Hypergeom	0.0	382.5
WP697	TFs_Hypergeom	0.0	382.5
WP107	TFs_Hypergeom	0.0	382.5
WP2291	TFs_Hypergeom	0.0	382.5
WP4904	TFs_Hypergeom	0.0	382.5
WP4629	TFs_Hypergeom	0.0	382.5
WP4259	TFs_Hypergeom	0.0	382.5
WP688	TFs_Hypergeom	0.0	382.5
WP4189	TFs_Hypergeom	0.0	382.5
WP80	TFs_Hypergeom	0.0	382.5
WP3679	TFs_Hypergeom	0.0	382.5
WP4521	TFs_Hypergeom	0.0	382.5
WP550	TFs_Hypergeom	0.0	382.5
WP1603	TFs_Hypergeom	0.0	382.5
WP4153	TFs_Hypergeom	0.0	382.5
WP2536	TFs_Hypergeom	0.0	382.5
WP3933	TFs_Hypergeom	0.0	382.5
WP4784	TFs_Hypergeom	0.0	382.5
WP1422	TFs_Hypergeom	0.0	382.5
WP4661	TFs_Hypergeom	0.0	382.5
WP4923	TFs_Hypergeom	0.0	382.5
WP2846	TFs_Hypergeom	0.0	382.5
WP3302	TFs_Hypergeom	0.0	382.5
WP5119	TFs_Hypergeom	0.0	382.5
WP4288	TFs_Hypergeom	0.0	382.5
WP12	TFs_Hypergeom	0.0	382.5
WP4174	TFs_Hypergeom	0.0	382.5
WP5104	TFs_Hypergeom	0.0	382.5
WP5122	TFs_Hypergeom	0.0	382.5
WP4884	TFs_Hypergeom	0.0	382.5
WP2805	TFs_Hypergeom	0.0	382.5
WP4523	TFs_Hypergeom	0.0	382.5
WP26	TFs_Hypergeom	0.0	382.5
WP5112	TFs_Hypergeom	0.0	382.5
WP117	TFs_Hypergeom	0.0	382.5
WP2525	TFs_Hypergeom	0.0	382.5
WP501	TFs_Hypergeom	0.0	382.5
WP272	TFs_Hypergeom	0.0	382.5
WP4725	TFs_Hypergeom	0.0	382.5
WP383	TFs_Hypergeom	0.0	382.5
WP183	TFs_Hypergeom	0.0	382.5
WP4159	TFs_Hypergeom	0.0	382.5
WP2333	TFs_Hypergeom	0.0	382.5
WP3963	TFs_Hypergeom	0.0	382.5
WP2491	TFs_Hypergeom	0.0	382.5
WP3958	TFs_Hypergeom	0.0	382.5
WP2253	TFs_Hypergeom	0.0	382.5
WP2854	TFs_Hypergeom	0.0	382.5
WP4271	TFs_Hypergeom	0.0	382.5
WP1995	TFs_Hypergeom	0.0	382.5
WP4789	TFs_Hypergeom	0.0	382.5
WP2272	TFs_Hypergeom	0.0	382.5
WP4142	TFs_Hypergeom	0.0	382.5
WP4931	TFs_Hypergeom	0.0	382.5
WP51	TFs_Hypergeom	0.0	382.5
WP4785	TFs_Hypergeom	0.0	382.5
WP1438	TFs_Hypergeom	0.0	382.5
WP698	TFs_Hypergeom	0.0	382.5
WP247	TFs_Hypergeom	0.0	382.5
WP4240	TFs_Hypergeom	0.0	382.5
WP5118	TFs_Hypergeom	0.0	382.5
WP58	TFs_Hypergeom	0.0	382.5
WP4688	TFs_Hypergeom	0.0	382.5
WP2597	TFs_Hypergeom	0.0	382.5
WP3965	TFs_Hypergeom	0.0	382.5
WP678	TFs_Hypergeom	0.0	382.5
WP3633	TFs_Hypergeom	0.0	382.5
WP554	TFs_Hypergeom	0.0	382.5
WP5090	TFs_Hypergeom	0.0	382.5
WP244	TFs_Hypergeom	0.0	382.5
WP3287	TFs_Hypergeom	0.0	382.5
WP2338	TFs_Hypergeom	0.0	382.5
WP4940	TFs_Hypergeom	0.0	382.5
WP4518	TFs_Hypergeom	0.0	382.5
WP4818	TFs_Hypergeom	0.0	382.5
WP496	TFs_Hypergeom	0.0	382.5
WP4804	TFs_Hypergeom	0.0	382.5
WP3924	TFs_Hypergeom	0.0	382.5
WP2509	TFs_Hypergeom	0.0	382.5
WP4236	TFs_Hypergeom	0.0	382.5
WP4292	TFs_Hypergeom	0.0	382.5
WP100	TFs_Hypergeom	0.0	382.5
WP497	TFs_Hypergeom	0.0	382.5
WP2276	TFs_Hypergeom	0.0	382.5
WP311	TFs_Hypergeom	0.0	382.5
WP4224	TFs_Hypergeom	0.0	382.5
WP4586	TFs_Hypergeom	0.0	382.5
WP1602	TFs_Hypergeom	0.0	382.5
WP2640	TFs_Hypergeom	0.0	382.5
WP694	TFs_Hypergeom	0.0	382.5
WP5108	TFs_Hypergeom	0.0	382.5
WP4875	TFs_Hypergeom	0.0	382.5
WP4917	TFs_Hypergeom	0.0	382.5
WP2007	TFs_Hypergeom	0.0	382.5
WP530	TFs_Hypergeom	0.0	382.5
WP3871	TFs_Hypergeom	0.0	382.5
WP2542	TFs_Hypergeom	0.0	382.5
WP521	TFs_Hypergeom	0.0	382.5
WP106	TFs_Hypergeom	0.0	382.5
WP4918	TFs_Hypergeom	0.0	382.5
WP2826	TFs_Hypergeom	0.0	382.5
WP4742	TFs_Hypergeom	0.0	382.5
WP24	TFs_Hypergeom	0.0	382.5
WP3891	TFs_Hypergeom	0.0	382.5
WP5031	TFs_Hypergeom	0.0	382.5
WP691	TFs_Hypergeom	0.0	382.5
WP3627	TFs_Hypergeom	0.0	382.5
WP186	TFs_Hypergeom	0.0	382.5
WP1455	TFs_Hypergeom	0.0	382.5
WP3666	TFs_Hypergeom	0.0	382.5
WP411	TFs_Hypergeom	0.0	382.5
WP3925	TFs_Hypergeom	0.0	382.5
WP4927	TFs_Hypergeom	0.0	382.5
WP4583	TFs_Hypergeom	0.0	382.5
WP129	TFs_Hypergeom	0.0	382.5
WP4962	TFs_Hypergeom	0.0	382.5
WP3943	TFs_Hypergeom	0.0	382.5
WP1981	TFs_Hypergeom	0.0	382.5
WP3937	TFs_Hypergeom	0.0	382.5
WP5061	TFs_Hypergeom	0.0	382.5
WP35	TFs_Hypergeom	0.0	382.5
WP357	TFs_Hypergeom	0.0	382.5
WP5114	TFs_Hypergeom	0.0	382.5
WP697	Target_NonCentral	0.142	383.0
WP1424	Target_NonCentral	0.029	383.5
WP2359	Target_NonCentral	0.037	384.0
WP43	Target_Hypergeom	0.225	385.0
WP229	Target_NonCentral	0.099	386.0
WP3926	Target_NonCentral	0.057	386.5
WP3300	Target_NonCentral	0.001	386.5
WP4545	Target_Hypergeom	0.128	386.75
WP1531	Target_Hypergeom	0.138	387.25
WP3971	Target_NonCentral	0.031	387.5
WP4566	Target_Hypergeom	0.091	388.0
WP4147	Target_Hypergeom	0.124	388.0
WP536	Target_Hypergeom	0.112	389.0
WP4524	Target_NonCentral	0.059	389.0
WP4838	Target_Hypergeom	0.172	389.25
WP1455	Target_NonCentral	0.008	389.5
WP2879	Target_Hypergeom	0.145	389.75
WP3674	Target_NonCentral	0.005	390.0
WP3945	Target_Hypergeom	0.108	390.25
WP4942	Target_Hypergeom	0.076	390.25
WP1604	Target_Hypergeom	0.171	391.25
WP4539	Target_Hypergeom	0.111	392.0
WP3845	Target_Hypergeom	0.109	392.5
WP5095	Target_NonCentral	0.157	393.0
WP734	Target_NonCentral	0.01	393.0
WP2059	Target_Hypergeom	0.072	393.0
WP3300	Target_Hypergeom	0.024	393.25
WP1604	Target_NonCentral	0.096	393.5
WP2855	Target_Hypergeom	0.096	393.75
WP4342	Target_NonCentral	0.028	395.0
WP2525	Target_Hypergeom	0.125	396.0
WP2513	Target_Hypergeom	0.132	396.25
WP4876	Target_NonCentral	0.045	397.0
WP183	Target_NonCentral	0.012	398.5
WP4786	Target_Hypergeom	0.054	398.5
WP3858	Target_Hypergeom	0.099	398.75
WP4873	Target_NonCentral	0.053	399.0
WP4320	Target_Hypergeom	0.083	401.0
WP5064	Target_NonCentral	0.051	401.0
WP2029	Target_NonCentral	0.009	402.0
WP4814	Target_NonCentral	0.034	402.5
WP3879	Target_NonCentral	0.019	402.5
WP4873	Target_Hypergeom	0.183	403.5
WP4197	Target_Hypergeom	0.208	403.5
WP5050	Target_NonCentral	0.0	404.0
WP4760	Target_Hypergeom	0.067	404.75
WP2895	Target_Hypergeom	0.066	405.0
WP4912	Target_NonCentral	0.085	405.0
WP4861	Target_Hypergeom	0.058	405.25
WP4269	Target_Hypergeom	0.122	405.75
WP3679	Target_Hypergeom	0.076	406.5
WP4752	Target_Hypergeom	0.162	406.5
WP466	Target_NonCentral	0.147	407.0
WP4582	Target_Hypergeom	0.094	407.25
WP3940	Target_Hypergeom	0.032	408.0
WP716	Target_Hypergeom	0.102	408.0
WP1601	Target_Hypergeom	0.144	408.25
WP4718	Target_Hypergeom	0.18	409.5
WP1455	Target_Hypergeom	0.087	409.75
WP691	Target_NonCentral	0.164	410.0
WP4595	Target_NonCentral	0.006	410.0
WP4655	Target_Hypergeom	0.207	411.5
WP455	Target_NonCentral	0.017	411.5
WP5050	Target_Hypergeom	0.054	412.25
WP1471	Target_Hypergeom	0.065	412.25
WP4224	Target_NonCentral	0.022	412.5
WP4284	Target_NonCentral	0.0	413.5
WP4856	Target_Hypergeom	0.07	413.5
WP411	Target_NonCentral	0.033	415.0
WP3965	Target_Hypergeom	0.053	417.0
WP4537	Target_Hypergeom	0.058	417.25
WP4558	Target_Hypergeom	0.117	417.25
WP4288	Target_Hypergeom	0.044	418.25
WP3674	Target_Hypergeom	0.08	419.5
WP5038	Target_Hypergeom	0.054	420.75
WP524	Target_Hypergeom	0.05	420.75
WP4389	Target_Hypergeom	0.117	423.25
WP4721	Target_NonCentral	0.06	425.0
WP2371	Target_NonCentral	0.016	425.0
WP4389	Target_NonCentral	0.04	425.5
WP288	Target_NonCentral	0.065	426.0
WP3937	Target_Hypergeom	0.114	426.5
WP5117	Target_Hypergeom	0.061	429.5
WP229	Target_Hypergeom	0.156	430.5
WP410	Target_Hypergeom	0.125	432.0
WP1433	Target_Hypergeom	0.167	432.25
WP4629	Target_Hypergeom	0.188	432.25
WP241	Target_Hypergeom	0.049	432.75
WP4872	Target_Hypergeom	0.076	433.5
WP107	Target_NonCentral	0.055	434.0
WP4022	Target_NonCentral	0.08	434.0
WP4222	Target_Hypergeom	0.044	435.0
WP697	Target_Hypergeom	0.198	435.5
WP734	Target_Hypergeom	0.055	436.25
WP465	Target_Hypergeom	0.097	436.75
WP466	Target_Hypergeom	0.174	437.25
WP4829	Target_Hypergeom	0.029	438.5
WP4814	Target_Hypergeom	0.12	438.75
WP4946	Target_Hypergeom	0.152	440.0
WP357	Target_NonCentral	0.069	440.0
WP3926	Target_Hypergeom	0.116	440.25
WP4803	Target_NonCentral	0.01	441.0
WP4830	Target_Hypergeom	0.111	442.5
WP383	Target_Hypergeom	0.047	444.0
WP531	Target_NonCentral	0.106	445.0
WP2436	Target_Hypergeom	0.054	445.0
WP4962	Target_Hypergeom	0.042	445.5
WP4290	Target_Hypergeom	0.097	446.5
WP4846	Target_NonCentral	0.012	446.5
WP4352	Target_Hypergeom	0.051	447.0
WP702	Target_Hypergeom	0.088	447.0
WP4947	Target_Hypergeom	0.072	448.5
WP2636	Target_Hypergeom	0.017	450.75
WP4720	Target_Hypergeom	0.065	451.25
WP4947	Target_NonCentral	0.0	452.0
WP3580	Target_NonCentral	0.04	453.5
WP4724	Target_NonCentral	0.05	453.5
WP4868	Target_Hypergeom	0.152	454.0
WP22	Target_Hypergeom	0.028	454.0
WP47	Target_Hypergeom	0.073	456.25
WP732	Target_Hypergeom	0.01	458.5
WP2023	Target_Hypergeom	0.025	459.5
WP4595	Target_Hypergeom	0.024	460.0
WP5114	Target_Hypergeom	0.097	460.5
WP4971	Target_Hypergeom	0.034	460.75
WP2911	Target_Hypergeom	0.029	461.0
WP3925	Target_Hypergeom	0.042	461.0
WP4917	Target_Hypergeom	0.021	462.0
WP1424	Target_Hypergeom	0.043	463.0
WP2361	Target_Hypergeom	0.055	464.0
WP4720	Target_NonCentral	0.029	465.0
WP4150	Target_Hypergeom	0.016	466.0
WP3879	Target_Hypergeom	0.041	466.75
WP3849	Target_NonCentral	0.027	469.5
WP422	Target_Hypergeom	0.01	472.0
WP698	Target_NonCentral	0.086	472.5
WP143	Target_NonCentral	0.072	473.5
WP24	Target_Hypergeom	0.004	474.0
WP3676	Target_Hypergeom	0.02	474.25
WP4753	Target_Hypergeom	0.109	474.5
WP4533	Target_Hypergeom	0.027	475.5
WP26	Target_Hypergeom	0.017	476.25
WP4846	Target_Hypergeom	0.05	476.5
WP288	Target_Hypergeom	0.108	476.75
WP4553	Target_Hypergeom	0.009	477.25
WP4905	Target_Hypergeom	0.007	478.5
WP5052	Target_NonCentral	0.056	479.5
WP531	Target_Hypergeom	0.143	484.0
WP4923	Target_Hypergeom	0.007	484.5
WP691	Target_Hypergeom	0.198	485.25
WP2267	Target_Hypergeom	0.031	486.5
WP500	Target_Hypergeom	0.017	487.0
WP5064	Target_Hypergeom	0.053	487.0
WP183	Target_Hypergeom	0.01	490.0
WP3869	Target_Hypergeom	0.013	494.0
WP2029	Target_Hypergeom	0.007	495.5
WP3849	Target_Hypergeom	0.073	496.25
WP391	Target_Hypergeom	0.071	499.5
WP4224	Target_Hypergeom	0.021	502.25
WP4722	Target_Hypergeom	0.011	503.75
WP4724	Target_Hypergeom	0.062	507.0
WP4912	Target_Hypergeom	0.068	507.0
WP455	Target_Hypergeom	0.0	507.0
WP117	Target_Hypergeom	0.002	509.0
WP4577	Target_Hypergeom	0.0	509.5
WP357	Target_Hypergeom	0.069	513.25
WP4803	Target_Hypergeom	0.0	514.0
WP4022	Target_Hypergeom	0.061	520.5
WP2359	Target_Hypergeom	0.009	521.75
WP3971	Target_Hypergeom	0.006	522.75
WP3580	Target_Hypergeom	0.038	524.0
WP186	Target_Hypergeom	0.152	524.25
WP2369	Target_NonCentral	0.009	525.75
WP4656	Target_Hypergeom	0.003	526.0
WP2453	Target_NonCentral	0.005	526.5
WP4721	Target_Hypergeom	0.027	526.5
WP325	Target_NonCentral	0.036	526.75
WP411	Target_Hypergeom	0.0	527.0
WP186	Target_NonCentral	0.045	527.75
WP4562	Target_Hypergeom	0.158	528.5
WP4562	Target_NonCentral	0.021	529.75
WP2371	Target_Hypergeom	0.0	531.5
WP5052	Target_Hypergeom	0.057	531.5
WP698	Target_Hypergeom	0.072	534.0
WP107	Target_Hypergeom	0.013	537.0
WP3634	Target_Hypergeom	0.117	537.5
WP3635	Target_Hypergeom	0.117	537.5
WP3635	Target_NonCentral	0.062	537.5
WP3634	Target_NonCentral	0.062	537.5
WP696	Target_Hypergeom	0.185	539.25
WP696	Target_NonCentral	0.078	539.25
WP2453	Target_Hypergeom	0.006	539.75
WP5074	Target_NonCentral	0.025	541.5
WP2916	Target_NonCentral	0.015	541.75
WP5104	Target_Hypergeom	0.031	542.5
WP5104	Target_NonCentral	0.009	542.5
WP3924	Target_Hypergeom	0.08	542.5
WP3924	Target_NonCentral	0.021	542.75
WP143	Target_Hypergeom	0.045	542.75
WP2916	Target_Hypergeom	0.006	543.25
WP5074	Target_Hypergeom	0.003	543.25
WP206	Target_NonCentral	0.086	543.75
WP206	Target_Hypergeom	0.102	544.0
WP325	Target_Hypergeom	0.025	544.5
WP4725	Target_NonCentral	0.014	548.0
WP4726	Target_NonCentral	0.013	548.0
WP100	Target_NonCentral	0.033	549.0
WP4240	Target_NonCentral	0.029	550.0
WP4883	Target_NonCentral	0.033	550.75
WP4883	Target_Hypergeom	0.094	550.75
WP4240	Target_Hypergeom	0.048	551.0
WP4788	Target_NonCentral	0.001	552.75
WP4788	Target_Hypergeom	0.008	552.75
WP1422	Target_NonCentral	0.016	553.0
WP4726	Target_Hypergeom	0.007	553.0
WP4725	Target_Hypergeom	0.007	553.0
WP2369	Target_Hypergeom	0.001	554.0
WP100	Target_Hypergeom	0.018	555.25
WP4225	Target_NonCentral	0.059	555.25
WP4225	Target_Hypergeom	0.079	555.5
WP5118	Target_NonCentral	0.011	555.75
WP5118	Target_Hypergeom	0.048	555.75
WP3644	Target_Hypergeom	0.016	556.0
WP3644	Target_NonCentral	0.02	556.0
WP3930	Target_NonCentral	0.034	556.5
WP3938	Target_NonCentral	0.013	557.0
WP3938	Target_Hypergeom	0.081	557.0
WP3930	Target_Hypergeom	0.021	557.0
WP2533	Target_NonCentral	0.017	559.0
WP4259	Target_NonCentral	0.059	559.0
WP528	Target_NonCentral	0.042	559.0
WP3876	Target_NonCentral	0.066	559.0
WP528	Target_Hypergeom	0.042	559.0
WP3876	Target_Hypergeom	0.063	559.0
WP4259	Target_Hypergeom	0.081	559.0
WP3645	Target_NonCentral	0.012	559.5
WP1422	Target_Hypergeom	0.007	559.5
WP1589	Target_Hypergeom	0.036	559.5
WP5116	Target_Hypergeom	0.041	559.5
WP4190	Target_NonCentral	0.056	559.5
WP4190	Target_Hypergeom	0.05	559.5
WP1589	Target_NonCentral	0.042	559.5
WP4536	Target_NonCentral	0.002	559.5
WP5116	Target_NonCentral	0.03	559.5
WP4504	Target_NonCentral	0.014	560.0
WP4584	Target_NonCentral	0.065	560.0
WP4584	Target_Hypergeom	0.087	560.0
WP4504	Target_Hypergeom	0.01	560.0
WP3645	Target_Hypergeom	0.001	560.0
WP704	Target_NonCentral	0.027	560.25
WP704	Target_Hypergeom	0.053	560.25
WP4723	Target_Hypergeom	0.065	560.5
WP4723	Target_NonCentral	0.077	560.5
WP4705	Target_NonCentral	0.056	560.75
WP2007	Target_NonCentral	0.044	561.5
WP3891	Target_Hypergeom	0.056	561.5
WP3891	Target_NonCentral	0.021	561.5
WP111	Target_NonCentral	0.006	562.0
WP2007	Target_Hypergeom	0.033	562.0
WP404	Target_NonCentral	0.109	562.25
WP404	Target_Hypergeom	0.073	562.75
WP4705	Target_Hypergeom	0.051	562.75
WP334	Target_NonCentral	0.008	563.0
WP247	Target_NonCentral	0.013	563.25
WP2533	Target_Hypergeom	0.002	563.5
WP247	Target_Hypergeom	0.002	563.5
WP2854	Target_NonCentral	0.024	563.75
WP477	Target_NonCentral	0.043	564.0
WP699	Target_NonCentral	0.046	564.0
WP699	Target_Hypergeom	0.086	564.0
WP2854	Target_Hypergeom	0.017	564.0
WP334	Target_Hypergeom	0.005	564.0
WP2333	Target_Hypergeom	0.056	564.5
WP2333	Target_NonCentral	0.057	564.5
WP496	Target_NonCentral	0.074	565.25
WP496	Target_Hypergeom	0.133	565.25
WP197	Target_NonCentral	0.068	565.5
WP197	Target_Hypergeom	0.063	565.75
WP3958	Target_Hypergeom	0.01	566.5
WP4900	Target_NonCentral	0.009	566.5
WP3958	Target_NonCentral	0.02	566.5
WP4536	Target_Hypergeom	0.0	567.5
WP3933	Target_Hypergeom	0.008	567.75
WP3933	Target_NonCentral	0.039	567.75
WP501	Target_NonCentral	0.061	568.0
WP501	Target_Hypergeom	0.022	568.0
WP477	Target_Hypergeom	0.039	568.0
WP497	Target_NonCentral	0.023	568.0
WP550	Target_NonCentral	0.056	568.25
WP733	Target_NonCentral	0.0	568.5
WP733	Target_Hypergeom	0.083	568.5
WP497	Target_Hypergeom	0.003	568.5
WP111	Target_Hypergeom	0.0	568.5
WP4900	Target_Hypergeom	0.0	568.75
WP2846	Target_Hypergeom	0.059	569.0
WP550	Target_Hypergeom	0.037	569.0
WP3408	Target_NonCentral	0.012	569.0
WP2846	Target_NonCentral	0.012	569.0
WP3408	Target_Hypergeom	0.059	569.0
WP678	Target_NonCentral	0.035	569.25
WP678	Target_Hypergeom	0.038	569.25
WP1981	Target_NonCentral	0.105	570.0
WP1981	Target_Hypergeom	0.114	570.0
WP2113	Target_Hypergeom	0.081	570.5
WP2113	Target_NonCentral	0.093	570.5
WP4030	Target_Hypergeom	0.022	571.0
WP4030	Target_NonCentral	0.018	571.0
WP4688	Target_Hypergeom	0.039	571.25
WP2646	Target_Hypergeom	0.087	571.25
WP4688	Target_NonCentral	0.035	571.25
WP2646	Target_NonCentral	0.052	571.25
WP4299	Target_Hypergeom	0.0	571.5
WP405	Target_NonCentral	0.001	571.5
WP4299	Target_NonCentral	0.0	571.5
WP1425	Target_NonCentral	0.054	572.25
WP1423	Target_NonCentral	0.029	572.25
WP1423	Target_Hypergeom	0.017	572.25
WP1425	Target_Hypergeom	0.026	572.5
WP4904	Target_Hypergeom	0.023	572.5
WP4142	Target_NonCentral	0.013	572.5
WP4904	Target_NonCentral	0.023	572.5
WP4142	Target_Hypergeom	0.001	574.0
WP368	Target_NonCentral	0.033	574.0
WP4159	Target_NonCentral	0.005	574.0
WP2366	Target_NonCentral	0.023	574.5
WP2366	Target_Hypergeom	0.042	574.5
WP368	Target_Hypergeom	0.004	575.0
WP405	Target_Hypergeom	0.0	575.5
WP3934	Target_Hypergeom	0.021	575.5
WP3655	Target_Hypergeom	0.028	575.5
WP3655	Target_NonCentral	0.05	575.5
WP3934	Target_NonCentral	0.066	575.5
WP5061	Target_NonCentral	0.079	575.75
WP4159	Target_Hypergeom	0.0	576.0
WP3963	Target_Hypergeom	0.051	576.0
WP4292	Target_NonCentral	0.01	576.0
WP3963	Target_NonCentral	0.051	576.0
WP4292	Target_Hypergeom	0.004	576.0
WP5061	Target_Hypergeom	0.072	576.0
WP2536	Target_Hypergeom	0.189	576.5
WP2826	Target_Hypergeom	0.069	576.5
WP2816	Target_Hypergeom	0.028	576.5
WP4174	Target_Hypergeom	0.062	576.5
WP4301	Target_NonCentral	0.017	576.5
WP4174	Target_NonCentral	0.032	576.5
WP2826	Target_NonCentral	0.018	576.5
WP2816	Target_NonCentral	0.0	576.5
WP2536	Target_NonCentral	0.0	576.5
WP4301	Target_Hypergeom	0.001	577.0
WP5027	Target_NonCentral	0.01	577.25
WP4297	Target_NonCentral	0.025	577.5
WP4297	Target_Hypergeom	0.007	577.5
WP5027	Target_Hypergeom	0.001	577.5
WP2291	Target_Hypergeom	0.003	578.0
WP2290	Target_Hypergeom	0.004	578.0
WP3585	Target_Hypergeom	0.059	578.0
WP2290	Target_NonCentral	0.009	578.0
WP3585	Target_NonCentral	0.069	578.0
WP2291	Target_NonCentral	0.02	578.0
WP4940	Target_NonCentral	0.011	578.5
WP4784	Target_Hypergeom	0.0	578.5
WP1602	Target_NonCentral	0.011	578.5
WP4784	Target_NonCentral	0.006	578.5
WP4271	Target_NonCentral	0.016	578.5
WP438	Target_NonCentral	0.021	578.5
WP4792	Target_Hypergeom	0.0	578.5
WP438	Target_Hypergeom	0.009	578.5
WP4792	Target_NonCentral	0.003	578.5
WP4940	Target_Hypergeom	0.01	578.5
WP1602	Target_Hypergeom	0.0	578.5
WP4271	Target_Hypergeom	0.003	578.75
WP106	Target_NonCentral	0.025	579.5
WP2596	Target_NonCentral	0.042	579.5
WP2942	Target_Hypergeom	0.003	579.5
WP2596	Target_Hypergeom	0.041	579.5
WP106	Target_Hypergeom	0.006	579.5
WP2942	Target_NonCentral	0.01	579.5
WP5119	Target_NonCentral	0.013	579.75
WP5119	Target_Hypergeom	0.005	579.75
WP1603	Target_Hypergeom	0.045	580.0
WP2253	Target_NonCentral	0.027	580.0
WP5089	Target_NonCentral	0.017	580.0
WP4518	Target_NonCentral	0.008	580.0
WP1603	Target_NonCentral	0.042	580.0
WP623	Target_NonCentral	0.004	580.0
WP2253	Target_Hypergeom	0.028	580.0
WP4518	Target_Hypergeom	0.008	580.0
WP5089	Target_Hypergeom	0.009	580.0
WP4583	Target_NonCentral	0.022	580.75
WP4583	Target_Hypergeom	0.001	580.75
WP4220	Target_NonCentral	0.061	581.0
WP2542	Target_NonCentral	0.039	581.0
WP2542	Target_Hypergeom	0.04	581.0
WP4220	Target_Hypergeom	0.063	581.0
WP4742	Target_Hypergeom	0.006	581.5
WP545	Target_NonCentral	0.01	581.5
WP4742	Target_NonCentral	0.014	581.5
WP4799	Target_Hypergeom	0.009	581.5
WP4799	Target_NonCentral	0.009	581.5
WP545	Target_Hypergeom	0.0	582.0
WP623	Target_Hypergeom	0.0	582.25
WP4589	Target_Hypergeom	0.002	582.5
WP4589	Target_NonCentral	0.015	582.5
WP694	Target_NonCentral	0.017	582.5
WP694	Target_Hypergeom	0.012	582.5
WP4521	Target_NonCentral	0.003	582.75
WP692	Target_NonCentral	0.007	583.0
WP692	Target_Hypergeom	0.0	583.0
WP4863	Target_NonCentral	0.049	583.0
WP4922	Target_NonCentral	0.004	583.0
WP4521	Target_Hypergeom	0.0	583.5
WP4922	Target_Hypergeom	0.0	583.5
WP4863	Target_Hypergeom	0.011	583.75
WP3529	Target_NonCentral	0.0	584.0
WP4785	Target_NonCentral	0.014	584.0
WP4785	Target_Hypergeom	0.008	584.0
WP4927	Target_NonCentral	0.003	584.5
WP3529	Target_Hypergeom	0.0	584.5
WP4927	Target_Hypergeom	0.003	584.5
WP4818	Target_NonCentral	0.012	584.75
WP4818	Target_Hypergeom	0.01	584.75
WP4804	Target_Hypergeom	0.01	584.75
WP4804	Target_NonCentral	0.01	584.75
WP3871	Target_Hypergeom	0.003	585.0
WP5037	Target_NonCentral	0.003	585.0
WP1600	Target_Hypergeom	0.036	585.0
WP5037	Target_Hypergeom	0.0	585.0
WP3871	Target_NonCentral	0.033	585.0
WP1600	Target_NonCentral	0.043	585.0
WP136	Target_Hypergeom	0.004	585.5
WP4571	Target_Hypergeom	0.013	585.5
WP80	Target_Hypergeom	0.001	585.5
WP4532	Target_Hypergeom	0.0	585.5
WP3595	Target_Hypergeom	0.047	585.5
WP136	Target_NonCentral	0.011	585.5
WP4571	Target_NonCentral	0.039	585.5
WP3595	Target_NonCentral	0.056	585.5
WP80	Target_NonCentral	0.01	585.5
WP4532	Target_NonCentral	0.005	585.5
WP2943	Target_Hypergeom	0.009	586.0
WP5076	Target_NonCentral	0.032	586.0
WP2943	Target_NonCentral	0.004	586.0
WP5076	Target_Hypergeom	0.033	586.0
WP4751	Target_Hypergeom	0.063	586.0
WP4751	Target_NonCentral	0.062	586.0
WP3875	Target_NonCentral	0.028	586.5
WP58	Target_NonCentral	0.035	586.5
WP561	Target_NonCentral	0.071	586.5
WP3633	Target_NonCentral	0.005	586.5
WP561	Target_Hypergeom	0.047	586.5
WP3633	Target_Hypergeom	0.003	586.5
WP58	Target_Hypergeom	0.003	586.5
WP3875	Target_Hypergeom	0.003	586.5
WP661	Target_NonCentral	0.002	586.75
WP661	Target_Hypergeom	0.157	586.75
WP4966	Target_Hypergeom	0.022	588.0
WP5031	Target_Hypergeom	0.031	588.0
WP4966	Target_NonCentral	0.04	588.0
WP5031	Target_NonCentral	0.06	588.0
WP2276	Target_Hypergeom	0.041	588.0
WP2276	Target_NonCentral	0.041	588.0
WP1941	Target_Hypergeom	0.001	589.0
WP1941	Target_NonCentral	0.003	589.0
WP1495	Target_NonCentral	0.039	589.5
WP1495	Target_Hypergeom	0.038	589.5
WP4853	Target_NonCentral	0.042	589.5
WP4324	Target_NonCentral	0.016	589.5
WP4815	Target_NonCentral	0.001	589.5
WP4815	Target_Hypergeom	0.0	589.5
WP4853	Target_Hypergeom	0.04	589.5
WP78	Target_Hypergeom	0.0	589.5
WP78	Target_NonCentral	0.003	589.5
WP4324	Target_Hypergeom	0.0	589.75
WP2805	Target_Hypergeom	0.001	590.0
WP4507	Target_Hypergeom	0.003	590.0
WP2491	Target_Hypergeom	0.035	590.0
WP2338	Target_Hypergeom	0.001	590.0
WP2805	Target_NonCentral	0.003	590.0
WP2338	Target_NonCentral	0.003	590.0
WP4507	Target_NonCentral	0.004	590.0
WP2491	Target_NonCentral	0.035	590.0
WP2889	Target_Hypergeom	0.0	590.25
WP2889	Target_NonCentral	0.008	590.25
WP2597	Target_Hypergeom	0.001	590.5
WP2597	Target_NonCentral	0.004	590.5
WP4189	Target_Hypergeom	0.019	590.75
WP4189	Target_NonCentral	0.022	590.75
WP4210	Target_Hypergeom	0.0	591.0
WP4210	Target_NonCentral	0.003	591.0
WP690	Target_NonCentral	0.023	592.25
WP690	Target_Hypergeom	0.023	592.25
WP2645	Target_NonCentral	0.001	592.5
WP2645	Target_Hypergeom	0.0	592.5
WP4661	Target_Hypergeom	0.002	593.0
WP4397	Target_Hypergeom	0.0	593.0
WP4661	Target_NonCentral	0.004	593.0
WP4397	Target_NonCentral	0.007	593.0
WP311	Target_NonCentral	0.004	593.5
WP4236	Target_Hypergeom	0.015	593.5
WP4236	Target_NonCentral	0.043	593.5
WP311	Target_Hypergeom	0.002	593.5
WP4317	Target_NonCentral	0.002	593.75
WP4317	Target_Hypergeom	0.0	593.75
WP4789	Target_NonCentral	0.03	594.0
WP4789	Target_Hypergeom	0.03	594.0
WP4194	Target_Hypergeom	0.005	594.25
WP4194	Target_NonCentral	0.052	594.25
WP4931	Target_Hypergeom	0.0	594.5
WP4931	Target_NonCentral	0.0	594.5
WP4506	Target_Hypergeom	0.0	595.0
WP2640	Target_NonCentral	0.026	595.0
WP4506	Target_NonCentral	0.0	595.0
WP4153	Target_NonCentral	0.0	595.0
WP2640	Target_Hypergeom	0.002	595.0
WP4918	Target_NonCentral	0.0	595.0
WP4153	Target_Hypergeom	0.0	595.0
WP4918	Target_Hypergeom	0.0	595.0
WP4400	Target_Hypergeom	0.003	595.5
WP4157	Target_NonCentral	0.024	595.5
WP4400	Target_NonCentral	0.035	595.5
WP521	Target_NonCentral	0.008	595.5
WP4157	Target_Hypergeom	0.02	595.5
WP521	Target_Hypergeom	0.0	595.5
WP4228	Target_Hypergeom	0.0	596.0
WP4228	Target_NonCentral	0.002	596.0
WP5030	Target_NonCentral	0.002	596.0
WP5030	Target_Hypergeom	0.0	596.0
WP4921	Target_NonCentral	0.0	596.25
WP4921	Target_Hypergeom	0.0	596.25
WP134	Target_Hypergeom	0.0	596.25
WP134	Target_NonCentral	0.0	596.25
WP2485	Target_NonCentral	0.0	597.0
WP2485	Target_Hypergeom	0.0	597.0
WP3302	Target_NonCentral	0.011	597.5
WP3302	Target_Hypergeom	0.0	597.5
WP4156	Target_NonCentral	0.0	598.5
WP4233	Target_NonCentral	0.0	598.5
WP4920	Target_NonCentral	0.0	598.5
WP688	Target_NonCentral	0.0	598.5
WP4519	Target_NonCentral	0.0	598.5
WP3666	Target_NonCentral	0.0	598.5
WP3627	Target_NonCentral	0.0	598.5
WP3627	Target_Hypergeom	0.0	598.5
WP4860	Target_Hypergeom	0.0	598.5
WP4233	Target_Hypergeom	0.0	598.5
WP4156	Target_Hypergeom	0.0	598.5
WP4519	Target_Hypergeom	0.0	598.5
WP4920	Target_Hypergeom	0.0	598.5
WP3666	Target_Hypergeom	0.0	598.5
WP688	Target_Hypergeom	0.0	598.5
WP4860	Target_NonCentral	0.0	598.5
