annotation_id	typeOfAnalysis	p_times	ranking
WP5087	Target_Hypergeom	0.999	5.0
WP4659	Target_Hypergeom	0.999	9.0
WP236	TFs_Hypergeom	0.804	12.0
WP3611	Target_Hypergeom	0.994	14.0
WP3646	Target_Hypergeom	0.996	17.0
WP2431	Target_Hypergeom	0.993	19.5
WP4172	Target_Hypergeom	0.986	20.0
WP236	Target_Hypergeom	0.997	21.0
WP710	Target_Hypergeom	0.997	21.0
WP4754	Target_Hypergeom	0.958	21.0
WP3617	Target_Hypergeom	0.965	24.0
WP706	TFs_Hypergeom	0.67	24.75
WP5094	Target_Hypergeom	0.993	26.0
WP3624	Target_Hypergeom	0.969	27.0
WP2261	Target_Hypergeom	0.996	27.0
WP4658	Target_Hypergeom	0.992	29.0
WP366	Target_Hypergeom	0.998	29.0
WP615	Target_Hypergeom	0.986	29.0
WP254	Target_Hypergeom	0.963	33.0
WP2828	Target_Hypergeom	0.996	33.0
WP5055	Target_Hypergeom	0.949	34.0
WP4149	TFs_Hypergeom	0.459	34.0
WP2882	Target_Hypergeom	0.978	35.0
WP4674	Target_Hypergeom	0.996	35.0
WP5115	Target_Hypergeom	0.936	35.5
WP4298	Target_Hypergeom	0.97	36.0
WP1971	Target_Hypergeom	0.978	37.0
WP2586	Target_Hypergeom	0.994	37.0
WP530	Target_Hypergeom	0.891	37.0
WP2374	Target_Hypergeom	0.977	38.0
WP3888	Target_Hypergeom	0.993	38.0
WP1984	Target_Hypergeom	0.981	38.5
WP2853	TFs_Hypergeom	0.62	39.0
WP707	Target_Hypergeom	0.967	39.0
WP170	TFs_Hypergeom	0.448	39.75
WP5098	Target_Hypergeom	0.982	41.0
WP4216	Target_Hypergeom	0.985	42.0
WP45	Target_Hypergeom	0.96	44.0
WP4263	Target_Hypergeom	0.989	44.0
WP306	Target_Hypergeom	0.988	46.0
WP2857	TFs_Hypergeom	0.582	47.0
WP4666	Target_Hypergeom	0.979	49.0
WP179	Target_Hypergeom	0.938	49.0
WP2864	Target_Hypergeom	0.983	51.0
WP4806	Target_Hypergeom	0.983	52.0
WP3614	Target_Hypergeom	0.94	52.0
WP3995	TFs_Hypergeom	0.328	57.5
WP3932	Target_Hypergeom	0.949	58.0
WP2328	Target_Hypergeom	0.886	58.0
WP2324	Target_Hypergeom	0.941	60.0
WP176	Target_Hypergeom	0.92	61.0
WP4155	Target_Hypergeom	0.988	62.0
WP4666	TFs_Hypergeom	0.497	62.0
WP1742	Target_Hypergeom	0.975	63.0
WP1533	Target_Hypergeom	0.901	67.75
WP4255	Target_Hypergeom	0.979	68.0
WP138	Target_Hypergeom	0.984	68.0
WP4262	Target_Hypergeom	0.954	71.0
WP2877	Target_Hypergeom	0.932	71.5
WP2814	Target_Hypergeom	0.971	72.5
WP2355	Target_Hypergeom	0.973	73.0
WP2840	TFs_Hypergeom	0.41	73.0
WP2849	Target_Hypergeom	0.96	73.75
WP1530	Target_Hypergeom	0.918	74.0
WP366	TFs_Hypergeom	0.456	74.0
WP49	Target_Hypergeom	0.982	74.25
WP3599	TFs_Hypergeom	0.502	74.25
WP4970	Target_Hypergeom	0.955	76.0
WP560	Target_Hypergeom	0.963	77.0
WP4816	Target_Hypergeom	0.96	77.0
WP2815	Target_Hypergeom	0.956	77.0
WP706	Target_Hypergeom	0.935	78.0
WP3287	Target_Hypergeom	0.907	79.0
WP3594	TFs_Hypergeom	0.24	79.0
WP437	TFs_Hypergeom	0.402	80.0
WP2873	Target_Hypergeom	0.915	80.0
WP4341	Target_Hypergeom	0.946	80.5
WP2032	Target_Hypergeom	0.97	80.75
WP2882	TFs_Hypergeom	0.342	81.5
WP1984	TFs_Hypergeom	0.426	81.5
WP4484	Target_Hypergeom	0.869	82.5
WP2037	Target_Hypergeom	0.959	84.0
WP3303	Target_Hypergeom	0.943	84.0
WP4494	Target_Hypergeom	0.84	84.0
WP2446	Target_Hypergeom	0.882	85.5
WP4659	TFs_Hypergeom	0.377	86.0
WP1541	TFs_Hypergeom	0.262	86.5
WP474	Target_Hypergeom	0.931	87.5
WP4808	Target_Hypergeom	0.931	87.5
WP4685	Target_Hypergeom	0.956	89.0
WP5088	Target_Hypergeom	0.829	90.0
WP5094	TFs_Hypergeom	0.366	91.0
WP1772	Target_Hypergeom	0.865	92.0
WP2849	TFs_Hypergeom	0.289	92.25
WP3527	TFs_Hypergeom	0.254	93.25
WP4879	TFs_Hypergeom	0.249	94.75
WP2817	TFs_Hypergeom	0.169	94.75
WP23	TFs_Hypergeom	0.328	95.5
WP2064	TFs_Hypergeom	0.318	96.0
WP395	TFs_Hypergeom	0.256	97.0
WP69	Target_Hypergeom	0.881	97.5
WP2572	Target_Hypergeom	0.944	98.0
WP437	Target_Hypergeom	0.958	98.25
WP3888	TFs_Hypergeom	0.15	98.5
WP560	TFs_Hypergeom	0.25	98.5
WP4262	TFs_Hypergeom	0.347	100.0
WP3972	TFs_Hypergeom	0.165	101.25
WP3640	Target_Hypergeom	0.961	101.5
WP4816	TFs_Hypergeom	0.25	103.0
WP3646	TFs_Hypergeom	0.184	103.75
WP4891	Target_Hypergeom	0.794	104.0
WP2203	TFs_Hypergeom	0.186	104.25
WP4211	TFs_Hypergeom	0.503	104.5
WP399	Target_Hypergeom	0.955	105.0
WP2374	TFs_Hypergeom	0.245	105.25
WP4754	TFs_Hypergeom	0.174	105.5
WP3651	Target_Hypergeom	0.949	106.0
WP2324	TFs_Hypergeom	0.239	106.25
WP3863	Target_Hypergeom	0.872	106.25
WP2034	Target_Hypergeom	0.89	106.5
WP138	TFs_Hypergeom	0.285	107.5
WP2813	Target_Hypergeom	0.961	108.0
WP5083	Target_Hypergeom	0.878	108.0
WP170	Target_Hypergeom	0.893	109.0
WP1539	Target_Hypergeom	0.885	109.0
WP286	Target_Hypergeom	0.904	110.0
WP4879	Target_Hypergeom	0.9	111.0
WP5113	Target_Hypergeom	0.821	112.25
WP382	TFs_Hypergeom	0.131	112.5
WP4747	Target_Hypergeom	0.903	114.0
WP2817	Target_Hypergeom	0.926	114.25
WP5102	TFs_Hypergeom	0.133	116.0
WP2877	TFs_Hypergeom	0.141	116.25
WP453	Target_Hypergeom	0.81	116.75
WP1591	TFs_Hypergeom	0.149	117.0
WP2355	TFs_Hypergeom	0.269	117.0
WP15	Target_Hypergeom	0.82	118.0
WP5095	Target_Hypergeom	0.73	119.0
WP2516	Target_Hypergeom	0.839	120.0
WP3893	Target_Hypergeom	0.815	120.0
WP4149	Target_Hypergeom	0.894	120.0
WP23	Target_Hypergeom	0.881	120.0
WP710	TFs_Hypergeom	0.248	120.25
WP205	Target_Hypergeom	0.92	120.75
WP5087	TFs_Hypergeom	0.149	122.0
WP4541	Target_Hypergeom	0.891	123.0
WP2034	TFs_Hypergeom	0.217	123.0
WP2380	TFs_Hypergeom	0.273	125.75
WP399	TFs_Hypergeom	0.234	130.0
WP4341	TFs_Hypergeom	0.182	131.75
WP2037	TFs_Hypergeom	0.191	132.25
WP4018	Target_Hypergeom	0.81	133.0
WP3680	Target_Hypergeom	0.889	133.75
WP363	Target_Hypergeom	0.924	134.0
WP3932	Target_NonCentral	0.211	135.5
WP4136	Target_Hypergeom	0.755	135.75
WP254	TFs_Hypergeom	0.194	136.0
WP2332	Target_Hypergeom	0.84	136.0
WP2858	TFs_Hypergeom	0.227	136.75
WP395	Target_Hypergeom	0.844	137.0
WP3599	Target_Hypergeom	0.814	137.5
WP2865	Target_Hypergeom	0.798	138.0
WP619	Target_Hypergeom	0.773	138.0
WP4216	TFs_Hypergeom	0.17	139.0
WP4925	Target_Hypergeom	0.854	139.25
WP2018	TFs_Hypergeom	0.149	139.25
WP69	TFs_Hypergeom	0.18	140.5
WP5115	TFs_Hypergeom	0.059	141.0
WP127	Target_Hypergeom	0.902	141.0
WP4496	Target_Hypergeom	0.766	141.0
WP45	TFs_Hypergeom	0.149	141.5
WP4300	Target_Hypergeom	0.828	141.5
WP2023	TFs_Hypergeom	0.142	141.75
WP289	TFs_Hypergeom	0.174	142.0
WP4331	Target_Hypergeom	0.788	142.5
WP3892	Target_Hypergeom	0.813	143.5
WP4239	TFs_Hypergeom	0.171	144.0
WP2878	Target_Hypergeom	0.82	145.0
WP2018	Target_Hypergeom	0.839	145.0
WP314	Target_Hypergeom	0.789	145.5
WP4844	TFs_Hypergeom	0.139	146.5
WP4482	Target_Hypergeom	0.785	146.5
WP2203	Target_Hypergeom	0.823	147.0
WP3658	Target_Hypergeom	0.878	147.5
WP673	Target_Hypergeom	0.877	149.0
WP2036	Target_Hypergeom	0.753	150.0
WP5039	Target_Hypergeom	0.739	150.5
WP304	Target_Hypergeom	0.839	150.5
WP4263	TFs_Hypergeom	0.16	151.5
WP408	Target_Hypergeom	0.824	152.0
WP61	Target_Hypergeom	0.857	152.25
WP4787	TFs_Hypergeom	0.167	153.75
WP5097	Target_Hypergeom	0.812	154.25
WP4462	Target_Hypergeom	0.693	154.5
WP382	Target_Hypergeom	0.809	155.0
WP127	TFs_Hypergeom	0.139	155.25
WP4685	TFs_Hypergeom	0.153	155.5
WP2032	TFs_Hypergeom	0.158	155.5
WP179	TFs_Hypergeom	0.154	156.25
WP4141	Target_Hypergeom	0.753	156.75
WP1449	Target_Hypergeom	0.724	157.5
WP2380	Target_Hypergeom	0.828	158.0
WP5087	Target_NonCentral	0.206	158.0
WP2840	Target_Hypergeom	0.844	159.0
WP2839	Target_Hypergeom	0.848	159.0
WP3995	Target_Hypergeom	0.82	159.0
WP4255	TFs_Hypergeom	0.145	159.75
WP289	Target_Hypergeom	0.794	160.0
WP364	Target_Hypergeom	0.7	162.0
WP4673	Target_Hypergeom	0.79	162.0
WP4969	Target_Hypergeom	0.683	162.5
WP3932	TFs_Hypergeom	0.032	162.5
WP4540	Target_Hypergeom	0.803	163.0
WP75	Target_Hypergeom	0.714	163.5
WP3594	Target_Hypergeom	0.788	166.0
WP4481	Target_Hypergeom	0.766	166.0
WP2870	Target_Hypergeom	0.737	167.5
WP313	Target_Hypergeom	0.784	168.0
WP2064	Target_Hypergeom	0.795	168.0
WP4864	Target_Hypergeom	0.732	168.25
WP712	Target_Hypergeom	0.829	169.0
WP4478	Target_Hypergeom	0.658	169.0
WP231	Target_Hypergeom	0.698	170.0
WP2881	Target_Hypergeom	0.745	172.0
WP4217	Target_Hypergeom	0.754	173.0
WP4172	TFs_Hypergeom	0.028	173.0
WP34	Target_Hypergeom	0.757	174.0
WP4658	TFs_Hypergeom	0.155	174.0
WP4396	TFs_Hypergeom	0.15	174.75
WP4522	Target_Hypergeom	0.663	176.0
WP2877	Target_NonCentral	0.182	177.0
WP2880	Target_Hypergeom	0.759	178.0
WP4658	Target_NonCentral	0.207	178.0
WP306	Target_NonCentral	0.125	179.0
WP3872	Target_Hypergeom	0.684	179.0
WP4559	Target_Hypergeom	0.695	180.0
WP2848	Target_Hypergeom	0.746	182.25
WP1403	Target_Hypergeom	0.712	182.5
WP1982	TFs_Hypergeom	0.143	183.0
WP3859	Target_Hypergeom	0.689	183.25
WP4172	Target_NonCentral	0.181	183.5
WP3981	Target_Hypergeom	0.806	184.0
WP23	Target_NonCentral	0.146	185.5
WP2380	Target_NonCentral	0.128	187.0
WP3612	Target_Hypergeom	0.714	187.25
WP2431	TFs_Hypergeom	0.129	189.5
WP3969	Target_Hypergeom	0.733	189.5
WP4970	Target_NonCentral	0.12	190.0
WP3657	Target_Hypergeom	0.704	192.0
WP299	Target_Hypergeom	0.692	192.25
WP430	Target_Hypergeom	0.618	193.25
WP4844	Target_Hypergeom	0.702	193.5
WP236	Target_NonCentral	0.164	195.0
WP4258	TFs_Hypergeom	0.139	195.0
WP4674	Target_NonCentral	0.132	195.5
WP4564	Target_Hypergeom	0.752	196.0
WP4493	Target_Hypergeom	0.643	196.25
WP4495	Target_Hypergeom	0.679	197.5
WP4241	Target_Hypergeom	0.681	198.25
WP395	Target_NonCentral	0.098	199.0
WP5063	Target_Hypergeom	0.655	199.0
WP5094	Target_NonCentral	0.151	200.5
WP2526	Target_Hypergeom	0.678	200.5
WP2374	Target_NonCentral	0.134	201.5
WP5083	TFs_Hypergeom	0.14	201.75
WP4560	Target_Hypergeom	0.713	202.0
WP3672	Target_Hypergeom	0.731	202.25
WP3998	Target_Hypergeom	0.709	202.75
WP4396	Target_Hypergeom	0.658	203.0
WP3678	Target_Hypergeom	0.657	203.75
WP2586	Target_NonCentral	0.098	205.0
WP2858	Target_Hypergeom	0.687	205.75
WP437	Target_NonCentral	0.099	206.0
WP5115	Target_NonCentral	0.248	206.5
WP5092	Target_Hypergeom	0.617	206.75
WP4565	Target_Hypergeom	0.701	207.25
WP5110	Target_Hypergeom	0.592	207.5
WP3611	Target_NonCentral	0.133	207.5
WP4480	Target_Hypergeom	0.627	207.75
WP4483	Target_Hypergeom	0.696	208.0
WP2261	Target_NonCentral	0.107	208.0
WP129	Target_Hypergeom	0.577	208.25
WP3929	Target_Hypergeom	0.594	210.0
WP2324	Target_NonCentral	0.138	210.0
WP3646	Target_NonCentral	0.087	212.0
WP3888	Target_NonCentral	0.068	212.0
WP4539	Target_NonCentral	0.111	212.5
WP3850	Target_Hypergeom	0.664	212.5
WP1544	Target_Hypergeom	0.642	213.0
WP3601	Target_Hypergeom	0.573	213.5
WP1971	Target_NonCentral	0.221	215.5
WP4659	Target_NonCentral	0.088	215.5
WP4541	Target_NonCentral	0.091	216.0
WP1528	Target_Hypergeom	0.657	216.0
WP4746	Target_NonCentral	0.113	217.0
WP3915	Target_NonCentral	0.132	217.0
WP2011	Target_Hypergeom	0.62	217.0
WP51	Target_NonCentral	0.1	219.0
WP3972	Target_Hypergeom	0.598	219.75
WP481	Target_NonCentral	0.074	220.0
WP4928	Target_Hypergeom	0.686	220.25
WP304	Target_NonCentral	0.066	220.5
WP244	Target_NonCentral	0.084	220.5
WP481	Target_Hypergeom	0.636	221.0
WP2037	Target_NonCentral	0.092	221.0
WP428	Target_Hypergeom	0.639	221.5
WP4871	Target_Hypergeom	0.617	221.75
WP69	Target_NonCentral	0.125	222.0
WP2355	Target_NonCentral	0.072	222.0
WP4149	Target_NonCentral	0.084	222.5
WP4357	Target_Hypergeom	0.62	222.75
WP4155	Target_NonCentral	0.114	224.0
WP4823	Target_Hypergeom	0.594	224.5
WP3941	Target_Hypergeom	0.628	224.75
WP3594	Target_NonCentral	0.131	226.5
WP61	Target_NonCentral	0.076	227.0
WP4258	Target_Hypergeom	0.623	228.0
WP3678	Target_NonCentral	0.104	228.5
WP2874	Target_Hypergeom	0.582	228.75
WP5053	Target_Hypergeom	0.608	229.25
WP3929	Target_NonCentral	0.125	230.0
WP4787	Target_NonCentral	0.103	230.0
WP2118	Target_NonCentral	0.08	230.5
WP366	Target_NonCentral	0.064	231.0
WP4790	Target_Hypergeom	0.612	231.75
WP2583	Target_Hypergeom	0.575	232.25
WP4806	Target_NonCentral	0.09	232.5
WP4698	Target_Hypergeom	0.583	232.5
WP4217	Target_NonCentral	0.135	233.0
WP2507	Target_Hypergeom	0.586	233.75
WP585	Target_NonCentral	0.082	235.0
WP710	Target_NonCentral	0.131	235.0
WP530	Target_NonCentral	0.19	235.0
WP5121	Target_Hypergeom	0.607	235.5
WP3959	Target_Hypergeom	0.535	236.75
WP4874	Target_Hypergeom	0.585	237.25
WP2034	Target_NonCentral	0.14	238.0
WP4534	Target_Hypergeom	0.575	238.0
WP3892	Target_NonCentral	0.089	238.5
WP185	Target_NonCentral	0.073	239.0
WP4919	Target_Hypergeom	0.597	239.75
WP4561	Target_Hypergeom	0.582	239.75
WP382	Target_NonCentral	0.085	241.0
WP262	Target_Hypergeom	0.536	241.5
WP4262	Target_NonCentral	0.131	241.5
WP2815	Target_NonCentral	0.093	242.0
WP2032	Target_NonCentral	0.046	242.5
WP4008	Target_Hypergeom	0.553	243.0
WP4216	Target_NonCentral	0.121	243.0
WP2406	Target_NonCentral	0.048	243.0
WP3845	Target_NonCentral	0.099	243.0
WP1434	Target_Hypergeom	0.528	243.25
WP53	Target_NonCentral	0.145	244.0
WP1403	Target_NonCentral	0.1	244.0
WP4206	Target_Hypergeom	0.55	244.0
WP98	Target_Hypergeom	0.552	244.5
WP4666	Target_NonCentral	0.123	244.5
WP2526	Target_NonCentral	0.095	245.0
WP4542	Target_NonCentral	0.063	245.5
WP516	Target_Hypergeom	0.56	246.0
WP363	Target_NonCentral	0.04	246.0
WP138	Target_NonCentral	0.097	246.0
WP2018	Target_NonCentral	0.091	246.0
WP4538	Target_NonCentral	0.085	247.5
WP2853	Target_NonCentral	0.084	247.5
WP4963	Target_Hypergeom	0.547	248.0
WP3640	Target_NonCentral	0.042	248.0
WP2814	Target_NonCentral	0.086	248.5
WP179	Target_NonCentral	0.253	248.5
WP4932	Target_NonCentral	0.071	249.0
WP4211	Target_Hypergeom	0.55	249.75
WP127	Target_NonCentral	0.03	250.0
WP2848	Target_NonCentral	0.063	250.0
WP4754	Target_NonCentral	0.204	250.0
WP3935	Target_Hypergeom	0.537	250.25
WP5111	Target_Hypergeom	0.535	250.25
WP1591	Target_NonCentral	0.035	250.5
WP4136	Target_NonCentral	0.114	250.5
WP3972	Target_NonCentral	0.084	250.5
WP5122	Target_Hypergeom	0.515	250.5
WP3651	Target_NonCentral	0.05	251.0
WP3931	Target_NonCentral	0.105	251.0
WP399	Target_NonCentral	0.055	251.0
WP2858	Target_NonCentral	0.075	251.5
WP2038	Target_NonCentral	0.044	251.5
WP1742	Target_NonCentral	0.082	252.0
WP4239	Target_Hypergeom	0.53	252.5
WP706	Target_NonCentral	0.088	252.5
WP3599	Target_NonCentral	0.077	252.5
WP2795	Target_Hypergeom	0.53	253.0
WP2857	Target_Hypergeom	0.544	253.0
WP5036	Target_Hypergeom	0.517	253.0
WP2203	Target_NonCentral	0.07	253.0
WP4540	Target_NonCentral	0.065	253.0
WP5098	Target_NonCentral	0.106	253.5
WP1541	Target_NonCentral	0.087	254.0
WP4494	Target_NonCentral	0.16	254.0
WP1984	Target_NonCentral	0.155	254.0
WP2332	Target_NonCentral	0.1	254.5
WP3584	Target_Hypergeom	0.523	255.0
WP4331	Target_NonCentral	0.068	255.0
WP428	Target_NonCentral	0.04	255.0
WP1539	Target_NonCentral	0.064	255.5
WP364	Target_NonCentral	0.15	255.5
WP4239	Target_NonCentral	0.074	256.0
WP4148	Target_NonCentral	0.08	256.0
WP5044	Target_Hypergeom	0.54	256.0
WP474	Target_NonCentral	0.065	256.5
WP4808	Target_NonCentral	0.065	256.5
WP4879	Target_NonCentral	0.073	257.0
WP2637	Target_Hypergeom	0.528	257.0
WP185	Target_Hypergeom	0.515	257.25
WP170	Target_NonCentral	0.084	257.5
WP391	Target_NonCentral	0.118	257.5
WP2406	Target_Hypergeom	0.506	258.0
WP4566	Target_NonCentral	0.066	259.0
WP3658	Target_NonCentral	0.086	259.0
WP51	Target_Hypergeom	0.526	259.5
WP4141	Target_NonCentral	0.051	260.5
WP2806	Target_NonCentral	0.116	260.5
WP5110	Target_NonCentral	0.129	260.5
WP3851	Target_Hypergeom	0.497	260.75
WP3995	Target_NonCentral	0.048	261.0
WP2431	Target_NonCentral	0.124	261.0
WP4342	Target_Hypergeom	0.549	261.0
WP2828	Target_NonCentral	0.046	261.0
WP400	Target_NonCentral	0.031	261.5
WP2817	Target_NonCentral	0.046	262.0
WP4925	Target_NonCentral	0.068	262.0
WP1584	Target_NonCentral	0.065	262.5
WP195	Target_Hypergeom	0.513	263.0
WP4535	Target_Hypergeom	0.5	263.0
WP4298	Target_NonCentral	0.1	264.0
WP3996	Target_NonCentral	0.043	264.5
WP707	Target_NonCentral	0.204	264.5
WP3584	Target_NonCentral	0.056	264.5
WP4018	Target_NonCentral	0.163	265.5
WP4582	Target_NonCentral	0.061	265.5
WP4399	Target_Hypergeom	0.493	265.75
WP1545	Target_Hypergeom	0.503	265.75
WP2864	Target_NonCentral	0.086	266.0
WP3630	Target_Hypergeom	0.492	266.5
WP2643	Target_Hypergeom	0.497	266.75
WP49	Target_NonCentral	0.033	267.0
WP3982	Target_Hypergeom	0.497	267.5
WP3657	Target_NonCentral	0.05	267.5
WP4255	Target_NonCentral	0.097	268.0
WP4823	Target_NonCentral	0.092	268.0
WP3931	Target_Hypergeom	0.473	268.0
WP5124	Target_NonCentral	0.062	269.0
WP2118	Target_Hypergeom	0.47	269.25
WP286	Target_NonCentral	0.06	269.5
WP4875	Target_NonCentral	0.091	269.5
WP268	Target_NonCentral	0.064	269.5
WP98	Target_NonCentral	0.053	269.5
WP3303	Target_NonCentral	0.069	270.0
WP2038	Target_Hypergeom	0.471	270.0
WP3915	Target_Hypergeom	0.467	270.0
WP4585	Target_Hypergeom	0.464	270.5
WP3287	Target_NonCentral	0.03	270.5
WP2516	Target_NonCentral	0.192	271.0
WP2637	Target_NonCentral	0.045	271.0
WP241	Target_NonCentral	0.045	271.5
WP4844	Target_NonCentral	0.061	271.5
WP3945	Target_NonCentral	0.076	272.0
WP5112	Target_Hypergeom	0.48	273.0
WP3527	Target_NonCentral	0.047	274.0
WP5053	Target_NonCentral	0.074	274.0
WP4872	Target_NonCentral	0.062	274.5
WP408	Target_NonCentral	0.031	274.5
WP4204	Target_Hypergeom	0.47	274.75
WP2875	Target_NonCentral	0.115	275.0
WP560	Target_NonCentral	0.045	275.0
WP3942	Target_Hypergeom	0.473	275.0
WP4341	Target_NonCentral	0.05	275.5
WP2839	Target_NonCentral	0.03	276.0
WP4191	Target_Hypergeom	0.42	276.0
WP4205	Target_Hypergeom	0.445	276.25
WP2880	Target_NonCentral	0.035	276.5
WP45	Target_NonCentral	0.213	276.5
WP5046	Target_Hypergeom	0.457	276.75
WP4016	Target_Hypergeom	0.461	277.0
WP5072	Target_Hypergeom	0.465	277.0
WP3	Target_Hypergeom	0.466	277.25
WP2876	Target_NonCentral	0.158	277.5
WP3286	Target_Hypergeom	0.448	278.0
WP4538	Target_Hypergeom	0.441	278.0
WP2447	Target_Hypergeom	0.445	278.25
WP322	Target_NonCentral	0.069	278.5
WP410	Target_NonCentral	0.147	278.5
WP3844	Target_NonCentral	0.062	279.0
WP5122	Target_NonCentral	0.058	279.0
WP3872	Target_NonCentral	0.069	279.0
WP5102	Target_Hypergeom	0.43	279.0
WP4336	Target_Hypergeom	0.457	279.0
WP4884	Target_Hypergeom	0.46	279.25
WP254	Target_NonCentral	0.194	279.5
WP4534	Target_NonCentral	0.045	279.5
WP4206	Target_NonCentral	0.061	279.5
WP4756	Target_NonCentral	0.086	280.0
WP4241	Target_NonCentral	0.077	280.0
WP2882	Target_NonCentral	0.145	280.0
WP2328	Target_NonCentral	0.201	280.0
WP5109	Target_Hypergeom	0.474	280.5
WP4337	Target_Hypergeom	0.448	280.5
WP4336	Target_NonCentral	0.032	281.0
WP5072	Target_NonCentral	0.078	281.0
WP2572	Target_NonCentral	0.036	281.0
WP4321	Target_NonCentral	0.044	281.0
WP581	Target_NonCentral	0.049	281.0
WP5090	Target_NonCentral	0.035	281.0
WP4357	Target_NonCentral	0.045	281.5
WP3844	Target_Hypergeom	0.44	281.75
WP231	Target_NonCentral	0.146	282.0
WP2035	Target_NonCentral	0.043	282.0
WP2853	Target_Hypergeom	0.433	282.5
WP581	Target_Hypergeom	0.46	282.5
WP3680	Target_NonCentral	0.026	282.5
WP4816	Target_NonCentral	0.043	283.0
WP3614	Target_NonCentral	0.153	284.0
WP2363	Target_Hypergeom	0.393	284.5
WP3676	Target_NonCentral	0.045	284.5
WP3668	Target_Hypergeom	0.422	285.0
WP2363	Target_NonCentral	0.031	285.0
WP1946	Target_NonCentral	0.104	285.0
WP12	Target_NonCentral	0.035	285.0
WP4304	Target_Hypergeom	0.448	285.25
WP4549	Target_NonCentral	0.063	285.5
WP673	Target_NonCentral	0.038	286.0
WP3613	Target_NonCentral	0.118	286.5
WP2875	Target_Hypergeom	0.433	286.5
WP4522	Target_NonCentral	0.131	287.0
WP4223	Target_Hypergeom	0.404	287.0
WP4484	Target_NonCentral	0.09	287.0
WP53	Target_Hypergeom	0.445	287.5
WP1982	Target_Hypergeom	0.421	287.5
WP5108	Target_Hypergeom	0.451	288.0
WP2583	Target_NonCentral	0.035	288.0
WP5103	Target_Hypergeom	0.411	288.75
WP4263	Target_NonCentral	0.095	289.0
WP691	Target_NonCentral	0.162	289.5
WP4523	Target_Hypergeom	0.434	289.5
WP2064	Target_NonCentral	0.098	290.0
WP4961	Target_Hypergeom	0.434	290.25
WP2849	Target_NonCentral	0.08	290.5
WP534	Target_NonCentral	0.143	290.5
WP2895	Target_NonCentral	0.027	291.0
WP1533	Target_NonCentral	0.11	291.0
WP4329	Target_Hypergeom	0.453	291.0
WP5108	Target_NonCentral	0.118	292.0
WP5112	Target_NonCentral	0.123	292.0
WP2873	Target_NonCentral	0.07	292.5
WP1589	Target_NonCentral	0.047	293.0
WP2525	Target_NonCentral	0.062	293.0
WP585	Target_Hypergeom	0.412	293.5
WP1544	Target_NonCentral	0.036	293.5
WP4874	Target_NonCentral	0.021	293.5
WP2267	Target_NonCentral	0.109	294.0
WP3668	Target_NonCentral	0.033	294.0
WP2868	Target_Hypergeom	0.445	294.0
WP3996	Target_Hypergeom	0.402	294.25
WP5111	Target_NonCentral	0.093	294.5
WP5066	Target_NonCentral	0.123	294.5
WP384	Target_Hypergeom	0.434	294.75
WP2878	Target_NonCentral	0.128	296.0
WP1591	Target_Hypergeom	0.352	296.0
WP2881	Target_NonCentral	0.066	296.5
WP1449	Target_NonCentral	0.15	296.5
WP3850	Target_NonCentral	0.022	296.5
WP2857	Target_NonCentral	0.052	296.5
WP4842	Target_NonCentral	0.068	297.0
WP1772	Target_NonCentral	0.155	297.5
WP4288	Target_NonCentral	0.041	297.5
WP4790	Target_NonCentral	0.01	297.5
WP1541	Target_Hypergeom	0.382	297.5
WP4707	Target_Hypergeom	0.372	298.0
WP205	Target_NonCentral	0.012	298.5
WP314	Target_NonCentral	0.079	298.5
WP3878	Target_NonCentral	0.067	299.0
WP3617	Target_NonCentral	0.243	299.0
WP2361	Target_NonCentral	0.068	299.5
WP3298	Target_NonCentral	0.11	300.0
WP4950	Target_NonCentral	0.04	300.0
WP322	Target_Hypergeom	0.408	300.25
WP4657	Target_NonCentral	0.038	300.5
WP4861	Target_NonCentral	0.037	300.5
WP195	Target_NonCentral	0.035	301.0
WP4767	Target_NonCentral	0.026	301.0
WP4877	Target_NonCentral	0.036	301.0
WP3613	Target_Hypergeom	0.379	301.5
WP3890	Target_Hypergeom	0.376	301.75
WP696	Target_NonCentral	0.073	302.0
WP3	Target_NonCentral	0.043	302.0
WP313	Target_NonCentral	0.026	302.5
WP2795	Target_NonCentral	0.021	302.5
WP176	Target_NonCentral	0.119	302.5
WP5055	Target_NonCentral	0.14	302.5
WP4698	Target_NonCentral	0.039	303.0
WP4838	Target_NonCentral	0.111	303.0
WP4564	Target_NonCentral	0.01	303.5
WP4535	Target_NonCentral	0.018	303.5
WP4150	Target_NonCentral	0.041	304.0
WP712	Target_NonCentral	0.013	304.0
WP3937	Target_NonCentral	0.157	304.0
WP727	Target_NonCentral	0.043	304.0
WP4479	Target_Hypergeom	0.394	304.5
WP3858	Target_NonCentral	0.049	304.5
WP4880	Target_Hypergeom	0.4	304.75
WP288	Target_NonCentral	0.057	305.0
WP453	Target_NonCentral	0.088	305.0
WP2813	Target_NonCentral	0.008	305.0
WP5102	Target_NonCentral	0.043	305.5
WP4269	Target_NonCentral	0.032	305.5
WP4829	Target_NonCentral	0.03	305.5
WP4300	Target_NonCentral	0.026	307.0
WP2289	Target_Hypergeom	0.38	307.0
WP4223	Target_NonCentral	0.032	307.5
WP4186	Target_Hypergeom	0.401	307.75
WP4685	Target_NonCentral	0.047	308.0
WP4718	Target_NonCentral	0.154	308.0
WP3925	Target_NonCentral	0.111	308.0
WP5117	Target_NonCentral	0.046	308.0
WP4877	Target_Hypergeom	0.348	308.25
WP3634	Target_NonCentral	0.061	308.5
WP3935	Target_NonCentral	0.061	308.5
WP3635	Target_NonCentral	0.061	308.5
WP3893	Target_NonCentral	0.114	308.5
WP2446	Target_NonCentral	0.219	309.0
WP4496	Target_NonCentral	0.05	309.0
WP3940	Target_NonCentral	0.023	309.5
WP5036	Target_NonCentral	0.059	309.5
WP5083	Target_NonCentral	0.07	310.0
WP4222	Target_NonCentral	0.047	310.0
WP47	Target_NonCentral	0.069	310.0
WP727	Target_Hypergeom	0.374	310.25
WP4747	Target_NonCentral	0.015	310.5
WP12	Target_Hypergeom	0.371	311.0
WP4565	Target_NonCentral	0.01	311.0
WP289	Target_NonCentral	0.031	311.0
WP384	Target_NonCentral	0.076	311.0
WP2197	Target_Hypergeom	0.324	311.0
WP536	Target_NonCentral	0.077	311.0
WP4147	Target_NonCentral	0.03	311.5
WP3414	Target_Hypergeom	0.343	312.5
WP524	Target_NonCentral	0.038	313.0
WP3926	Target_NonCentral	0.079	313.0
WP3612	Target_NonCentral	0.041	313.5
WP4884	Target_NonCentral	0.053	313.5
WP516	Target_NonCentral	0.014	313.5
WP1433	Target_NonCentral	0.122	313.5
WP4883	Target_NonCentral	0.046	314.0
WP2036	Target_NonCentral	0.134	314.0
WP400	Target_Hypergeom	0.312	314.25
WP4880	Target_NonCentral	0.142	314.5
WP4313	Target_NonCentral	0.025	314.5
WP4969	Target_NonCentral	0.044	314.5
WP4482	Target_NonCentral	0.035	315.0
WP5124	Target_Hypergeom	0.363	315.0
WP4830	Target_NonCentral	0.059	315.0
WP3593	Target_NonCentral	0.029	316.0
WP4868	Target_NonCentral	0.18	316.0
WP4856	Target_NonCentral	0.049	316.0
WP3413	Target_Hypergeom	0.339	316.25
WP3943	Target_Hypergeom	0.324	316.5
WP3969	Target_NonCentral	0.016	316.5
WP4258	Target_NonCentral	0.024	317.0
WP2870	Target_NonCentral	0.046	317.0
WP3407	Target_Hypergeom	0.278	317.0
WP3865	Target_Hypergeom	0.389	318.0
WP2855	Target_NonCentral	0.02	318.5
WP5066	Target_Hypergeom	0.369	318.75
WP1584	Target_Hypergeom	0.339	319.0
WP2840	Target_NonCentral	0.029	319.5
WP4746	Target_Hypergeom	0.345	319.5
WP3593	Target_Hypergeom	0.37	319.75
WP3998	Target_NonCentral	0.024	320.0
WP5049	Target_Hypergeom	0.369	320.0
WP4752	Target_NonCentral	0.146	320.0
WP4533	Target_NonCentral	0.026	320.5
WP1601	Target_NonCentral	0.097	320.5
WP4211	Target_NonCentral	0.026	321.0
WP3863	Target_NonCentral	0.063	321.0
WP3853	Target_NonCentral	0.072	321.5
WP2112	Target_NonCentral	0.035	321.5
WP4483	Target_NonCentral	0.004	321.5
WP3859	Target_NonCentral	0.036	322.0
WP4148	Target_Hypergeom	0.316	322.0
WP528	Target_NonCentral	0.046	322.5
WP75	Target_NonCentral	0.165	322.5
WP1991	Target_NonCentral	0.025	322.5
WP3624	Target_NonCentral	0.152	323.0
WP4560	Target_NonCentral	0.011	323.0
WP4758	Target_NonCentral	0.037	323.0
WP5065	Target_Hypergeom	0.36	323.5
WP2876	Target_Hypergeom	0.357	323.5
WP3927	Target_Hypergeom	0.302	323.5
WP5097	Target_NonCentral	0.027	324.0
WP2447	Target_NonCentral	0.059	324.0
WP2197	Target_NonCentral	0.02	324.0
WP4577	Target_NonCentral	0.03	324.0
WP2436	Target_NonCentral	0.039	324.0
WP1528	Target_NonCentral	0.027	325.0
WP4864	Target_NonCentral	0.067	325.0
WP3596	Target_Hypergeom	0.329	325.25
WP1559	Target_Hypergeom	0.301	325.75
WP615	Target_NonCentral	0.061	326.5
WP430	Target_NonCentral	0.163	326.5
WP5039	Target_NonCentral	0.187	327.0
WP4352	Target_NonCentral	0.106	327.0
WP1995	Target_Hypergeom	0.291	327.5
WP3664	Target_NonCentral	0.008	328.0
WP697	Target_NonCentral	0.131	328.0
WP2865	Target_NonCentral	0.044	328.0
WP2272	Target_NonCentral	0.024	328.0
WP3414	Target_NonCentral	0.012	328.0
WP554	Target_Hypergeom	0.319	328.75
WP4949	Target_Hypergeom	0.237	328.75
WP4871	Target_NonCentral	0.022	329.0
WP4495	Target_NonCentral	0.013	329.0
WP3301	Target_NonCentral	0.018	329.0
WP4313	Target_Hypergeom	0.295	329.25
WP3286	Target_NonCentral	0.01	329.5
WP5046	Target_NonCentral	0.013	329.5
WP2272	Target_Hypergeom	0.295	329.5
WP1471	Target_NonCentral	0.031	329.5
WP4225	Target_NonCentral	0.039	329.5
WP3413	Target_NonCentral	0.034	330.0
WP3298	Target_Hypergeom	0.346	330.0
WP4481	Target_NonCentral	0.021	330.0
WP5038	Target_NonCentral	0.024	330.5
WP4545	Target_NonCentral	0.096	330.5
WP3407	Target_NonCentral	0.024	330.5
WP206	Target_NonCentral	0.084	331.5
WP5120	Target_Hypergeom	0.351	331.5
WP4146	Target_Hypergeom	0.371	331.5
WP4719	Target_NonCentral	0.037	332.0
WP2879	Target_NonCentral	0.052	332.0
WP4787	Target_Hypergeom	0.301	332.5
WP4337	Target_NonCentral	0.029	332.5
WP3865	Target_NonCentral	0.088	332.5
WP4312	Target_Hypergeom	0.298	333.0
WP5092	Target_NonCentral	0.069	333.5
WP5121	Target_NonCentral	0.005	333.5
WP558	Target_NonCentral	0.083	333.5
WP2806	Target_Hypergeom	0.337	334.0
WP4146	Target_NonCentral	0.103	334.5
WP15	Target_NonCentral	0.095	334.5
WP2643	Target_NonCentral	0.013	335.0
WP3927	Target_NonCentral	0.013	335.5
WP554	Target_NonCentral	0.038	335.5
WP4928	Target_NonCentral	0.001	336.0
WP619	Target_NonCentral	0.157	336.0
WP3301	Target_Hypergeom	0.276	336.25
WP167	Target_NonCentral	0.027	336.5
WP4756	Target_Hypergeom	0.314	337.0
WP1530	Target_NonCentral	0.146	337.0
WP5090	Target_Hypergeom	0.268	338.0
WP4224	Target_NonCentral	0.017	338.0
WP4480	Target_NonCentral	0.019	338.0
WP2456	Target_Hypergeom	0.286	338.75
WP3869	Target_NonCentral	0.023	339.0
WP1434	Target_NonCentral	0.056	339.0
WP1438	Target_Hypergeom	0.0	339.25
WP3601	Target_NonCentral	0.131	339.5
WP1982	Target_NonCentral	0.146	340.0
WP3672	Target_NonCentral	0.0	340.5
WP5063	Target_NonCentral	0.028	340.5
WP5101	Target_NonCentral	0.011	341.0
WP422	Target_NonCentral	0.012	341.0
WP4479	Target_NonCentral	0.048	341.5
WP3656	Target_Hypergeom	0.268	341.5
WP5109	Target_NonCentral	0.12	341.5
WP4462	Target_NonCentral	0.135	341.5
WP3878	Target_Hypergeom	0.293	342.0
WP299	Target_NonCentral	0.112	342.0
WP229	Target_NonCentral	0.12	342.0
WP4562	Target_NonCentral	0.023	342.0
WP34	Target_NonCentral	0.02	342.0
WP5033	Target_Hypergeom	0.297	342.25
WP2011	Target_NonCentral	0.069	343.0
WP4919	Target_NonCentral	0.023	343.0
WP2507	Target_NonCentral	0.077	343.0
WP4876	Target_Hypergeom	0.238	343.25
WP3941	Target_NonCentral	0.011	343.5
WP3630	Target_NonCentral	0.012	343.5
WP3967	Target_NonCentral	0.01	344.0
WP1991	Target_Hypergeom	0.284	344.5
WP4312	Target_NonCentral	0.022	345.0
WP4586	Target_NonCentral	0.044	345.0
WP262	Target_NonCentral	0.081	345.0
WP3527	Target_Hypergeom	0.241	345.5
WP5120	Target_NonCentral	0.034	345.5
WP5113	Target_NonCentral	0.057	346.0
WP3591	Target_NonCentral	0.01	346.5
WP4008	Target_NonCentral	0.036	346.5
WP4891	Target_NonCentral	0.17	346.5
WP4906	Target_NonCentral	0.006	347.0
WP186	Target_NonCentral	0.03	347.0
WP24	Target_NonCentral	0.044	347.0
WP2513	Target_NonCentral	0.021	347.0
WP3943	Target_NonCentral	0.007	347.0
WP2509	Target_NonCentral	0.046	347.5
WP3596	Target_NonCentral	0.0	348.0
WP2854	Target_NonCentral	0.021	348.0
WP4561	Target_NonCentral	0.006	348.0
WP4558	Target_NonCentral	0.1	348.0
WP3981	Target_NonCentral	0.002	348.0
WP4396	Target_NonCentral	0.028	348.0
WP2333	Target_NonCentral	0.068	348.5
WP1946	Target_Hypergeom	0.269	348.5
WP2059	Target_NonCentral	0.018	348.5
WP5103	Target_NonCentral	0.008	349.5
WP4537	Target_NonCentral	0.018	350.0
WP3942	Target_NonCentral	0.184	350.0
WP3967	Target_Hypergeom	0.223	350.25
WP4478	Target_NonCentral	0.102	350.5
WP2884	Target_NonCentral	0.064	350.5
WP3851	Target_NonCentral	0.02	351.0
WP4290	Target_NonCentral	0.149	351.0
WP35	Target_NonCentral	0.055	351.0
WP4524	Target_Hypergeom	0.313	351.25
WP4971	Target_NonCentral	0.038	351.5
WP4585	Target_NonCentral	0.032	351.5
WP558	Target_Hypergeom	0.319	351.75
WP500	Target_NonCentral	0.036	352.0
WP5065	Target_NonCentral	0.005	352.0
WP4191	Target_NonCentral	0.015	352.0
WP4846	Target_NonCentral	0.008	352.0
WP2874	Target_NonCentral	0.091	353.0
WP4949	Target_NonCentral	0.007	354.0
WP465	Target_NonCentral	0.069	354.0
WP4204	Target_NonCentral	0.01	354.0
WP732	Target_NonCentral	0.012	354.5
WP4673	Target_NonCentral	0.016	354.5
WP4962	Target_NonCentral	0.014	354.5
WP4549	Target_Hypergeom	0.225	354.5
WP244	Target_Hypergeom	0.228	355.0
WP129	Target_NonCentral	0.042	355.0
WP3933	Target_NonCentral	0.023	355.0
WP3297	Target_Hypergeom	0.28	355.25
WP5074	Target_NonCentral	0.03	355.5
WP4186	Target_NonCentral	0.034	356.5
WP3930	Target_NonCentral	0.034	357.0
WP4205	Target_NonCentral	0.01	358.0
WP734	Target_NonCentral	0.006	358.5
WP5088	Target_NonCentral	0.218	358.5
WP4873	Target_Hypergeom	0.296	358.5
WP2456	Target_NonCentral	0.035	359.0
WP4542	Target_Hypergeom	0.231	359.0
WP2868	Target_NonCentral	0.003	359.5
WP22	Target_NonCentral	0.011	360.0
WP4814	Target_NonCentral	0.04	360.0
WP3876	Target_NonCentral	0.041	360.0
WP272	Target_Hypergeom	0.285	360.75
WP2359	Target_NonCentral	0.049	361.0
WP1531	Target_NonCentral	0.022	361.0
WP5033	Target_NonCentral	0.017	361.0
WP4786	Target_NonCentral	0.008	363.0
WP5044	Target_NonCentral	0.008	363.0
WP3959	Target_NonCentral	0.153	363.0
WP1455	Target_NonCentral	0.004	363.0
WP3965	Target_NonCentral	0.02	363.0
WP4399	Target_NonCentral	0.0	363.0
WP4321	Target_Hypergeom	0.207	363.0
WP3670	Target_Hypergeom	0.202	363.5
WP2035	Target_Hypergeom	0.212	364.25
WP4656	Target_NonCentral	0.038	364.5
WP4147	Target_Hypergeom	0.201	364.75
WP107	Target_NonCentral	0.075	365.0
WP404	Target_NonCentral	0.132	365.5
WP4629	Target_NonCentral	0.131	366.0
WP4724	Target_NonCentral	0.047	366.0
WP4493	Target_NonCentral	0.038	366.0
WP4304	Target_NonCentral	0.039	366.5
WP4586	Target_Hypergeom	0.222	366.75
WP4873	Target_NonCentral	0.024	367.0
WP2007	Target_NonCentral	0.044	367.0
WP4721	Target_NonCentral	0.068	368.0
WP696	Target_Hypergeom	0.263	368.25
WP4723	Target_NonCentral	0.089	368.5
WP3971	Target_NonCentral	0.022	368.5
WP2636	Target_NonCentral	0.011	368.5
WP716	Target_NonCentral	0.06	369.0
WP2911	Target_NonCentral	0.044	369.0
WP4559	Target_NonCentral	0.013	369.5
WP4842	Target_Hypergeom	0.226	369.75
WP4838	Target_Hypergeom	0.282	370.0
WP26	Target_NonCentral	0.01	370.5
WP4197	Target_NonCentral	0.162	371.0
WP2879	Target_Hypergeom	0.248	371.5
WP4950	Target_Hypergeom	0.21	371.75
WP4016	Target_NonCentral	0.21	372.0
WP1992	Target_Hypergeom	0.131	372.0
WP272	Target_NonCentral	0.026	372.0
WP4912	Target_NonCentral	0.089	372.5
WP383	Target_NonCentral	0.017	373.0
WP5049	Target_NonCentral	0.106	373.0
WP3874	Target_NonCentral	0.003	373.0
WP4674	TFs_Hypergeom	0.132	373.0
WP4961	Target_NonCentral	0.008	373.5
WP35	Target_Hypergeom	0.226	374.0
WP3879	Target_NonCentral	0.025	374.0
WP3584	TFs_Hypergeom	0.125	374.5
WP4719	Target_Hypergeom	0.219	374.75
WP4932	Target_Hypergeom	0.195	375.0
WP3580	Target_NonCentral	0.037	375.0
WP3299	Target_Hypergeom	0.123	375.0
WP3679	Target_NonCentral	0.006	375.5
WP1995	Target_NonCentral	0.007	375.5
WP3656	Target_NonCentral	0.018	376.0
WP1423	Target_NonCentral	0.011	376.0
WP4760	Target_NonCentral	0.01	376.5
WP3877	Target_Hypergeom	0.185	377.25
WP4562	Target_Hypergeom	0.226	377.25
WP5053	TFs_Hypergeom	0.136	377.25
WP304	TFs_Hypergeom	0.136	377.5
WP3670	Target_NonCentral	0.008	377.5
WP2289	Target_NonCentral	0.054	377.5
WP4331	TFs_Hypergeom	0.116	377.75
WP43	Target_NonCentral	0.096	378.0
WP3877	Target_NonCentral	0.019	378.0
WP4963	Target_NonCentral	0.078	378.0
WP501	Target_NonCentral	0.058	379.0
WP4269	Target_Hypergeom	0.189	379.25
WP3944	Target_NonCentral	0.007	379.5
WP2113	Target_NonCentral	0.101	380.0
WP4752	Target_Hypergeom	0.298	380.25
WP2586	TFs_Hypergeom	0.128	380.5
WP481	TFs_Hypergeom	0.08	380.5
WP4155	TFs_Hypergeom	0.116	380.5
WP428	TFs_Hypergeom	0.111	380.5
WP4758	Target_Hypergeom	0.179	380.75
WP4342	Target_NonCentral	0.0	381.0
WP2112	Target_Hypergeom	0.203	381.0
WP3931	TFs_Hypergeom	0.132	381.0
WP3947	Target_Hypergeom	0.148	381.25
WP3651	TFs_Hypergeom	0.112	382.5
WP704	Target_NonCentral	0.019	382.5
WP2916	Target_NonCentral	0.011	382.5
WP1971	TFs_Hypergeom	0.105	382.75
WP697	Target_Hypergeom	0.303	382.75
WP3303	TFs_Hypergeom	0.117	383.0
WP49	TFs_Hypergeom	0.107	383.0
WP4482	TFs_Hypergeom	0.442	383.0
WP5064	Target_NonCentral	0.053	383.0
WP4217	TFs_Hypergeom	0.092	383.5
WP3644	Target_NonCentral	0.014	384.0
WP3299	Target_NonCentral	0.001	384.0
WP699	Target_NonCentral	0.022	384.5
WP585	TFs_Hypergeom	0.112	384.75
WP5098	TFs_Hypergeom	0.089	384.75
WP615	TFs_Hypergeom	0.116	385.0
WP3947	Target_NonCentral	0.003	385.0
WP4875	Target_Hypergeom	0.219	385.0
WP5097	TFs_Hypergeom	0.114	385.25
WP534	Target_Hypergeom	0.251	385.5
WP268	Target_Hypergeom	0.176	385.5
WP167	Target_Hypergeom	0.161	386.0
WP3591	Target_Hypergeom	0.151	386.0
WP3924	Target_NonCentral	0.012	386.0
WP2880	TFs_Hypergeom	0.084	386.0
WP43	Target_Hypergeom	0.279	386.25
WP2884	Target_Hypergeom	0.216	386.5
WP3944	Target_Hypergeom	0.144	386.5
WP1545	Target_NonCentral	0.0	386.5
WP2526	TFs_Hypergeom	0.096	386.5
WP673	TFs_Hypergeom	0.093	386.75
WP4190	Target_NonCentral	0.104	387.0
WP5050	Target_NonCentral	0.0	387.0
WP2513	Target_Hypergeom	0.196	387.25
WP4336	TFs_Hypergeom	0.096	387.5
WP712	TFs_Hypergeom	0.342	387.75
WP1449	TFs_Hypergeom	0.077	388.0
WP3982	Target_NonCentral	0.085	388.0
WP4718	Target_Hypergeom	0.267	388.0
WP4249	Target_NonCentral	0.003	388.0
WP4923	Target_NonCentral	0.009	388.0
WP4746	TFs_Hypergeom	0.093	388.25
WP1531	Target_Hypergeom	0.192	388.25
WP4197	Target_Hypergeom	0.302	388.5
WP3611	TFs_Hypergeom	0.087	388.5
WP734	TFs_Hypergeom	0.434	388.5
WP4542	TFs_Hypergeom	0.079	388.5
WP4223	TFs_Hypergeom	0.026	388.5
WP2855	Target_Hypergeom	0.15	388.75
WP4880	TFs_Hypergeom	0.09	389.0
WP4905	Target_NonCentral	0.006	389.5
WP34	TFs_Hypergeom	0.111	389.5
WP364	TFs_Hypergeom	0.083	389.5
WP363	TFs_Hypergeom	0.088	390.0
WP3929	TFs_Hypergeom	0.064	390.0
WP5052	Target_NonCentral	0.078	390.0
WP4673	TFs_Hypergeom	0.095	390.0
WP5101	Target_Hypergeom	0.122	390.0
WP357	Target_NonCentral	0.105	390.0
WP4540	TFs_Hypergeom	0.095	390.25
WP474	TFs_Hypergeom	0.088	390.5
WP400	TFs_Hypergeom	0.069	390.5
WP4767	Target_Hypergeom	0.141	390.5
WP4808	TFs_Hypergeom	0.088	390.5
WP2855	TFs_Hypergeom	0.106	390.5
WP4504	Target_NonCentral	0.01	391.0
WP2446	TFs_Hypergeom	0.067	391.0
WP4949	TFs_Hypergeom	0.08	391.0
WP75	TFs_Hypergeom	0.06	391.5
WP2637	TFs_Hypergeom	0.067	391.5
WP2873	TFs_Hypergeom	0.081	391.5
WP61	TFs_Hypergeom	0.058	391.5
WP1604	Target_Hypergeom	0.288	391.75
WP2332	TFs_Hypergeom	0.065	392.5
WP4585	TFs_Hypergeom	0.295	392.5
WP4942	Target_NonCentral	0.001	393.0
WP3645	Target_NonCentral	0.015	393.0
WP4917	Target_NonCentral	0.022	393.0
WP619	TFs_Hypergeom	0.085	393.0
WP3858	TFs_Hypergeom	0.062	393.0
WP5039	TFs_Hypergeom	0.05	393.0
WP2839	TFs_Hypergeom	0.075	393.25
WP3874	Target_Hypergeom	0.124	393.25
WP2112	TFs_Hypergeom	0.066	393.75
WP2895	TFs_Hypergeom	0.142	393.75
WP3981	TFs_Hypergeom	0.073	394.0
WP3845	Target_Hypergeom	0.188	394.0
WP1991	TFs_Hypergeom	0.386	394.0
WP2029	TFs_Hypergeom	0.074	394.0
WP1992	Target_NonCentral	0.0	394.0
WP4722	Target_NonCentral	0.007	394.0
WP3938	Target_NonCentral	0.017	394.0
WP2406	TFs_Hypergeom	0.088	394.0
WP3915	TFs_Hypergeom	0.066	394.0
WP3967	TFs_Hypergeom	0.386	394.5
WP143	Target_NonCentral	0.09	394.5
WP3938	Target_Hypergeom	0.216	394.75
WP698	Target_NonCentral	0.116	395.0
WP4329	TFs_Hypergeom	0.058	395.0
WP53	TFs_Hypergeom	0.384	395.0
WP205	TFs_Hypergeom	0.105	395.0
WP2261	TFs_Hypergeom	0.043	395.0
WP286	TFs_Hypergeom	0.043	395.0
WP2875	TFs_Hypergeom	0.056	395.5
WP3892	TFs_Hypergeom	0.35	395.5
WP2876	TFs_Hypergeom	0.057	395.5
WP4756	TFs_Hypergeom	0.05	395.5
WP3286	TFs_Hypergeom	0.036	395.5
WP4657	TFs_Hypergeom	0.066	395.5
WP4874	TFs_Hypergeom	0.035	395.5
WP5113	TFs_Hypergeom	0.049	395.5
WP2253	Target_NonCentral	0.032	395.5
WP2881	TFs_Hypergeom	0.322	395.75
WP2036	TFs_Hypergeom	0.037	396.0
WP2516	TFs_Hypergeom	0.045	396.0
WP5055	TFs_Hypergeom	0.043	396.0
WP4906	TFs_Hypergeom	0.044	396.0
WP3414	TFs_Hypergeom	0.049	396.0
WP3299	TFs_Hypergeom	0.341	396.0
WP195	TFs_Hypergeom	0.031	396.0
WP3617	TFs_Hypergeom	0.032	396.0
WP408	TFs_Hypergeom	0.041	396.0
WP2815	TFs_Hypergeom	0.288	396.25
WP4016	TFs_Hypergeom	0.053	396.25
WP229	Target_Hypergeom	0.276	396.5
WP2646	Target_Hypergeom	0.135	396.5
WP4541	TFs_Hypergeom	0.057	396.5
WP2814	TFs_Hypergeom	0.313	396.5
WP4321	TFs_Hypergeom	0.04	396.5
WP3630	TFs_Hypergeom	0.305	396.5
WP4928	TFs_Hypergeom	0.281	396.5
WP3959	TFs_Hypergeom	0.048	396.5
WP1545	TFs_Hypergeom	0.036	396.5
WP313	TFs_Hypergeom	0.036	396.5
WP1530	TFs_Hypergeom	0.036	396.5
WP707	TFs_Hypergeom	0.036	396.5
WP4320	TFs_Hypergeom	0.054	396.5
WP702	Target_NonCentral	0.108	397.0
WP5036	TFs_Hypergeom	0.071	397.0
WP4136	TFs_Hypergeom	0.021	397.0
WP4298	TFs_Hypergeom	0.031	397.0
WP1742	TFs_Hypergeom	0.307	397.0
WP1772	TFs_Hypergeom	0.022	397.0
WP4925	TFs_Hypergeom	0.117	397.0
WP4304	TFs_Hypergeom	0.056	397.0
WP4141	TFs_Hypergeom	0.257	397.0
WP4565	TFs_Hypergeom	0.028	397.0
WP3863	TFs_Hypergeom	0.018	397.0
WP4961	TFs_Hypergeom	0.246	397.0
WP4564	TFs_Hypergeom	0.028	397.0
WP1528	TFs_Hypergeom	0.094	397.0
WP581	TFs_Hypergeom	0.078	397.25
WP4559	TFs_Hypergeom	0.033	397.25
WP22	TFs_Hypergeom	0.265	397.25
WP3680	TFs_Hypergeom	0.035	397.5
WP2878	TFs_Hypergeom	0.091	397.5
WP2059	TFs_Hypergeom	0.003	397.5
WP5124	TFs_Hypergeom	0.004	397.5
WP391	TFs_Hypergeom	0.312	397.5
WP299	TFs_Hypergeom	0.044	397.5
WP176	TFs_Hypergeom	0.017	397.5
WP3893	TFs_Hypergeom	0.034	397.5
WP2884	TFs_Hypergeom	0.053	397.5
WP4337	TFs_Hypergeom	0.27	397.5
WP3674	Target_NonCentral	0.002	397.5
WP1438	Target_NonCentral	0.0	397.5
WP4249	Target_Hypergeom	0.129	397.5
WP4970	TFs_Hypergeom	0.261	398.0
WP231	TFs_Hypergeom	0.021	398.0
WP4842	TFs_Hypergeom	0.126	398.0
WP4814	TFs_Hypergeom	0.325	398.0
WP5044	TFs_Hypergeom	0.218	398.25
WP4269	TFs_Hypergeom	0.312	398.5
WP4018	TFs_Hypergeom	0.022	398.5
WP4877	TFs_Hypergeom	0.024	398.5
WP3942	TFs_Hypergeom	0.032	398.5
WP2525	Target_Hypergeom	0.183	398.75
WP3927	TFs_Hypergeom	0.253	399.0
WP732	TFs_Hypergeom	0.282	399.0
WP3849	Target_NonCentral	0.042	399.0
WP3613	TFs_Hypergeom	0.06	399.0
WP3298	TFs_Hypergeom	0.028	399.5
WP2828	TFs_Hypergeom	0.019	399.5
WP3658	TFs_Hypergeom	0.086	399.5
WP4829	TFs_Hypergeom	0.017	399.5
WP3678	TFs_Hypergeom	0.274	399.5
WP4707	Target_NonCentral	0.0	399.5
WP5063	TFs_Hypergeom	0.213	400.0
WP3668	TFs_Hypergeom	0.08	400.0
WP3865	TFs_Hypergeom	0.011	400.0
WP5066	TFs_Hypergeom	0.266	400.0
WP4919	TFs_Hypergeom	0.197	400.0
WP4655	TFs_Hypergeom	0.011	400.0
WP4566	Target_Hypergeom	0.158	400.0
WP4008	TFs_Hypergeom	0.017	400.0
WP4806	TFs_Hypergeom	0.015	400.0
WP4912	TFs_Hypergeom	0.041	400.0
WP4876	Target_NonCentral	0.042	400.0
WP4868	TFs_Hypergeom	0.041	400.0
WP3664	Target_Hypergeom	0.105	400.0
WP1544	TFs_Hypergeom	0.016	400.25
WP3859	TFs_Hypergeom	0.247	400.25
WP3926	Target_Hypergeom	0.212	400.25
WP4496	TFs_Hypergeom	0.013	400.25
WP3612	TFs_Hypergeom	0.158	400.5
WP4205	TFs_Hypergeom	0.011	400.5
WP2249	TFs_Hypergeom	0.034	400.5
WP4561	TFs_Hypergeom	0.016	400.5
WP4197	TFs_Hypergeom	0.182	400.5
WP4582	Target_Hypergeom	0.158	400.75
WP3945	TFs_Hypergeom	0.021	400.75
WP5092	TFs_Hypergeom	0.033	401.0
WP3657	TFs_Hypergeom	0.232	401.0
WP4495	TFs_Hypergeom	0.21	401.0
WP3853	Target_Hypergeom	0.194	401.0
WP1604	Target_NonCentral	0.158	401.0
WP5038	TFs_Hypergeom	0.018	401.25
WP4545	Target_Hypergeom	0.185	401.25
WP15	TFs_Hypergeom	0.012	401.25
WP262	TFs_Hypergeom	0.105	401.25
WP1533	TFs_Hypergeom	0.012	401.25
WP5072	TFs_Hypergeom	0.008	401.5
WP1981	Target_NonCentral	0.168	401.5
WP4562	TFs_Hypergeom	0.197	401.5
WP3890	Target_NonCentral	0.011	401.5
WP2011	TFs_Hypergeom	0.258	401.75
WP410	TFs_Hypergeom	0.03	402.0
WP4300	TFs_Hypergeom	0.039	402.0
WP4284	Target_Hypergeom	0.069	402.0
WP2846	Target_Hypergeom	0.132	402.0
WP3408	Target_Hypergeom	0.132	402.0
WP2795	TFs_Hypergeom	0.015	402.0
WP4718	TFs_Hypergeom	0.031	402.0
WP4206	TFs_Hypergeom	0.199	402.0
WP4725	Target_NonCentral	0.014	402.0
WP98	TFs_Hypergeom	0.015	402.5
WP3926	TFs_Hypergeom	0.186	402.5
WP3640	TFs_Hypergeom	0.202	402.5
WP3844	TFs_Hypergeom	0.025	402.5
WP4932	TFs_Hypergeom	0.013	402.5
WP4698	TFs_Hypergeom	0.019	402.5
WP2874	TFs_Hypergeom	0.217	402.5
WP3614	TFs_Hypergeom	0.014	402.5
WP3876	TFs_Hypergeom	0.216	402.5
WP4342	TFs_Hypergeom	0.213	402.75
WP4539	Target_Hypergeom	0.159	403.0
WP1559	TFs_Hypergeom	0.151	403.0
WP1403	TFs_Hypergeom	0.015	403.0
WP5103	TFs_Hypergeom	0.144	403.0
WP2363	TFs_Hypergeom	0.008	403.25
WP516	TFs_Hypergeom	0.206	403.5
WP4537	TFs_Hypergeom	0.196	403.5
WP4560	TFs_Hypergeom	0.147	403.5
WP4535	TFs_Hypergeom	0.017	403.5
WP2864	TFs_Hypergeom	0.011	403.5
WP1425	TFs_Hypergeom	0.202	403.5
WP5046	TFs_Hypergeom	0.07	403.5
WP4533	TFs_Hypergeom	0.213	403.5
WP3301	TFs_Hypergeom	0.147	403.5
WP2118	TFs_Hypergeom	0.017	403.5
WP4534	TFs_Hypergeom	0.014	403.5
WP3891	Target_NonCentral	0.018	403.5
WP4352	TFs_Hypergeom	0.0	403.75
WP691	Target_Hypergeom	0.266	403.75
WP4747	TFs_Hypergeom	0.004	403.75
WP3877	TFs_Hypergeom	0.134	404.0
WP4147	TFs_Hypergeom	0.222	404.0
WP3853	TFs_Hypergeom	0.162	404.0
WP3971	TFs_Hypergeom	0.014	404.0
WP2035	TFs_Hypergeom	0.019	404.0
WP2113	TFs_Hypergeom	0.185	404.0
WP4558	TFs_Hypergeom	0.021	404.0
WP1539	TFs_Hypergeom	0.111	404.0
WP4320	Target_NonCentral	0.018	404.0
WP1455	Target_Hypergeom	0.139	404.25
WP4823	TFs_Hypergeom	0.019	404.5
WP1434	TFs_Hypergeom	0.131	404.5
WP4357	TFs_Hypergeom	0.149	404.5
WP422	TFs_Hypergeom	0.008	404.5
WP4481	TFs_Hypergeom	0.007	404.5
WP1589	TFs_Hypergeom	0.149	404.5
WP3	TFs_Hypergeom	0.189	404.5
WP4286	TFs_Hypergeom	0.01	404.5
WP306	TFs_Hypergeom	0.0	404.5
WP4480	TFs_Hypergeom	0.131	404.5
WP4241	TFs_Hypergeom	0.013	404.5
WP4479	TFs_Hypergeom	0.131	404.5
WP3998	TFs_Hypergeom	0.009	404.5
WP4876	TFs_Hypergeom	0.131	404.5
WP3851	TFs_Hypergeom	0.007	404.5
WP5074	TFs_Hypergeom	0.106	405.0
WP2813	TFs_Hypergeom	0.152	405.0
WP4790	TFs_Hypergeom	0.113	405.0
WP4904	Target_NonCentral	0.013	405.0
WP5088	TFs_Hypergeom	0.003	405.0
WP4861	TFs_Hypergeom	0.022	405.0
WP4838	TFs_Hypergeom	0.01	405.0
WP5120	TFs_Hypergeom	0.124	405.0
WP4767	TFs_Hypergeom	0.021	405.0
WP1531	TFs_Hypergeom	0.156	405.0
WP2583	TFs_Hypergeom	0.008	405.0
WP3672	TFs_Hypergeom	0.137	405.0
WP4707	TFs_Hypergeom	0.13	405.0
WP4969	TFs_Hypergeom	0.005	405.25
WP4545	TFs_Hypergeom	0.009	405.25
WP3878	TFs_Hypergeom	0.003	405.5
WP3850	TFs_Hypergeom	0.006	405.5
WP2328	TFs_Hypergeom	0.003	405.5
WP3858	Target_Hypergeom	0.159	405.5
WP716	TFs_Hypergeom	0.003	405.5
WP3297	Target_NonCentral	0.013	405.5
WP4389	Target_NonCentral	0.02	405.5
WP4720	TFs_Hypergeom	0.145	405.75
WP3670	TFs_Hypergeom	0.148	405.75
WP2456	TFs_Hypergeom	0.136	406.0
WP247	Target_NonCentral	0.004	406.0
WP4726	Target_NonCentral	0.01	406.0
WP4240	Target_NonCentral	0.043	406.0
WP1433	TFs_Hypergeom	0.007	406.0
WP3845	TFs_Hypergeom	0.02	406.25
WP1992	TFs_Hypergeom	0.138	406.5
WP3874	TFs_Hypergeom	0.127	406.5
WP4312	TFs_Hypergeom	0.01	406.5
WP2870	TFs_Hypergeom	0.011	406.5
WP2533	Target_NonCentral	0.032	406.5
WP733	TFs_Hypergeom	0.09	406.75
WP3935	TFs_Hypergeom	0.09	406.75
WP4538	TFs_Hypergeom	0.0	406.75
WP2868	TFs_Hypergeom	0.09	406.75
WP2038	TFs_Hypergeom	0.0	406.75
WP4872	TFs_Hypergeom	0.157	407.0
WP531	Target_NonCentral	0.158	407.0
WP3624	TFs_Hypergeom	0.007	407.0
WP3655	TFs_Hypergeom	0.132	407.0
WP4830	TFs_Hypergeom	0.118	407.0
WP3872	TFs_Hypergeom	0.072	407.0
WP4657	Target_Hypergeom	0.11	407.0
WP5052	TFs_Hypergeom	0.136	407.0
WP550	Target_NonCentral	0.061	407.0
WP4963	TFs_Hypergeom	0.008	407.25
WP3664	TFs_Hypergeom	0.122	407.25
WP47	TFs_Hypergeom	0.149	407.25
WP2447	TFs_Hypergeom	0.0	407.5
WP1601	TFs_Hypergeom	0.001	407.5
WP4191	TFs_Hypergeom	0.075	407.5
WP3982	TFs_Hypergeom	0.001	407.5
WP4313	TFs_Hypergeom	0.0	407.5
WP4399	TFs_Hypergeom	0.075	407.5
WP4284	TFs_Hypergeom	0.075	407.5
WP5050	TFs_Hypergeom	0.075	407.5
WP5049	TFs_Hypergeom	0.075	407.5
WP3890	TFs_Hypergeom	0.066	408.0
WP3947	TFs_Hypergeom	0.077	408.0
WP4871	TFs_Hypergeom	0.0	408.0
WP4758	TFs_Hypergeom	0.011	408.0
WP2361	TFs_Hypergeom	0.01	408.0
WP4549	TFs_Hypergeom	0.0	408.0
WP384	TFs_Hypergeom	0.066	408.0
WP4222	TFs_Hypergeom	0.0	408.0
WP3591	TFs_Hypergeom	0.0	408.0
WP4788	TFs_Hypergeom	0.066	408.0
WP4478	TFs_Hypergeom	0.063	408.0
WP5095	TFs_Hypergeom	0.0	408.0
WP3676	TFs_Hypergeom	0.0	408.0
WP314	TFs_Hypergeom	0.0	408.0
WP2865	TFs_Hypergeom	0.017	408.0
WP3656	TFs_Hypergeom	0.066	408.0
WP3941	TFs_Hypergeom	0.0	408.0
WP2636	TFs_Hypergeom	0.0	408.0
WP288	TFs_Hypergeom	0.069	408.0
WP3849	TFs_Hypergeom	0.066	408.0
WP3944	TFs_Hypergeom	0.077	408.0
WP2453	Target_NonCentral	0.002	408.0
WP4186	TFs_Hypergeom	0.087	408.25
WP5116	TFs_Hypergeom	0.086	408.5
WP2023	Target_NonCentral	0.012	408.5
WP2879	TFs_Hypergeom	0.086	408.5
WP3938	TFs_Hypergeom	0.091	408.5
WP4705	TFs_Hypergeom	0.086	408.5
WP288	Target_Hypergeom	0.195	409.0
WP4284	Target_NonCentral	0.0	409.0
WP5121	TFs_Hypergeom	0.009	409.0
WP3969	TFs_Hypergeom	0.082	409.0
WP2249	Target_Hypergeom	0.027	409.25
WP3869	TFs_Hypergeom	0.001	409.5
WP2369	TFs_Hypergeom	0.0	409.5
WP3413	TFs_Hypergeom	0.084	409.5
WP3300	Target_NonCentral	0.0	409.5
WP4786	TFs_Hypergeom	0.003	409.75
WP3674	TFs_Hypergeom	0.081	409.75
WP268	TFs_Hypergeom	0.0	410.0
WP3593	TFs_Hypergeom	0.069	410.0
WP4721	TFs_Hypergeom	0.001	410.0
WP4249	TFs_Hypergeom	0.0	410.0
WP4950	TFs_Hypergeom	0.0	410.0
WP4204	TFs_Hypergeom	0.004	410.0
WP4553	TFs_Hypergeom	0.0	410.0
WP3300	TFs_Hypergeom	0.089	410.0
WP5101	TFs_Hypergeom	0.069	410.0
WP4803	TFs_Hypergeom	0.0	410.0
WP1584	TFs_Hypergeom	0.075	410.5
WP4397	TFs_Hypergeom	0.09	410.5
WP2572	TFs_Hypergeom	0.0	410.5
WP3634	Target_Hypergeom	0.159	410.5
WP3635	Target_Hypergeom	0.159	410.5
WP2943	TFs_Hypergeom	0.076	410.5
WP3996	TFs_Hypergeom	0.001	410.5
WP5109	TFs_Hypergeom	0.083	410.5
WP2289	TFs_Hypergeom	0.072	410.5
WP3297	TFs_Hypergeom	0.074	410.5
WP2366	Target_Hypergeom	0.079	410.75
WP3930	TFs_Hypergeom	0.064	411.0
WP4483	TFs_Hypergeom	0.014	411.0
WP4656	TFs_Hypergeom	0.0	411.0
WP405	TFs_Hypergeom	0.0	411.0
WP4942	TFs_Hypergeom	0.069	411.0
WP5033	TFs_Hypergeom	0.064	411.5
WP2291	Target_NonCentral	0.018	412.0
WP1559	Target_NonCentral	0.001	412.0
WP3287	TFs_Hypergeom	0.0	412.75
WP2533	TFs_Hypergeom	0.0	412.75
WP411	TFs_Hypergeom	0.0	412.75
WP3937	TFs_Hypergeom	0.0	412.75
WP4521	TFs_Hypergeom	0.0	412.75
WP4726	TFs_Hypergeom	0.0	412.75
WP5030	TFs_Hypergeom	0.0	412.75
WP136	TFs_Hypergeom	0.0	412.75
WP530	TFs_Hypergeom	0.0	412.75
WP698	TFs_Hypergeom	0.0	412.75
WP2597	TFs_Hypergeom	0.0	412.75
WP2806	TFs_Hypergeom	0.0	412.75
WP4905	TFs_Hypergeom	0.0	412.75
WP727	TFs_Hypergeom	0.0	412.75
WP500	TFs_Hypergeom	0.0	412.75
WP4962	TFs_Hypergeom	0.0	412.75
WP4292	TFs_Hypergeom	0.0	412.75
WP5065	TFs_Hypergeom	0.0	412.75
WP3645	TFs_Hypergeom	0.0	412.75
WP3408	TFs_Hypergeom	0.0	412.75
WP5061	TFs_Hypergeom	0.0	412.75
WP3585	TFs_Hypergeom	0.0	412.75
WP3875	TFs_Hypergeom	0.0	412.75
WP3635	TFs_Hypergeom	0.0	412.75
WP496	TFs_Hypergeom	0.0	412.75
WP2942	TFs_Hypergeom	0.0	412.75
WP4792	TFs_Hypergeom	0.0	412.75
WP4150	TFs_Hypergeom	0.0	412.75
WP4507	TFs_Hypergeom	0.0	412.75
WP4584	TFs_Hypergeom	0.0	412.75
WP5090	TFs_Hypergeom	0.0	412.75
WP4142	TFs_Hypergeom	0.0	412.75
WP3633	TFs_Hypergeom	0.0	412.75
WP1600	TFs_Hypergeom	0.0	412.75
WP4220	TFs_Hypergeom	0.0	412.75
WP229	TFs_Hypergeom	0.0	412.75
WP696	TFs_Hypergeom	0.0	412.75
WP4595	TFs_Hypergeom	0.0	412.75
WP4873	TFs_Hypergeom	0.0	412.75
WP4233	TFs_Hypergeom	0.0	412.75
WP404	TFs_Hypergeom	0.0	412.75
WP3871	TFs_Hypergeom	0.0	412.75
WP185	TFs_Hypergeom	0.0	412.75
WP4299	TFs_Hypergeom	0.0	412.75
WP4927	TFs_Hypergeom	0.0	412.75
WP4504	TFs_Hypergeom	0.0	412.75
WP4891	TFs_Hypergeom	0.0	412.75
WP2848	TFs_Hypergeom	0.0	412.75
WP4190	TFs_Hypergeom	0.0	412.75
WP2826	TFs_Hypergeom	0.0	412.75
WP4462	TFs_Hypergeom	0.0	412.75
WP4863	TFs_Hypergeom	0.0	412.75
WP465	TFs_Hypergeom	0.0	412.75
WP4904	TFs_Hypergeom	0.0	412.75
WP3924	TFs_Hypergeom	0.0	412.75
WP699	TFs_Hypergeom	0.0	412.75
WP2272	TFs_Hypergeom	0.0	412.75
WP4494	TFs_Hypergeom	0.0	412.75
WP2366	TFs_Hypergeom	0.0	412.75
WP2453	TFs_Hypergeom	0.0	412.75
WP690	TFs_Hypergeom	0.0	412.75
WP1471	TFs_Hypergeom	0.0	412.75
WP5089	TFs_Hypergeom	0.0	412.75
WP4259	TFs_Hypergeom	0.0	412.75
WP3940	TFs_Hypergeom	0.0	412.75
WP4582	TFs_Hypergeom	0.0	412.75
WP531	TFs_Hypergeom	0.0	412.75
WP4174	TFs_Hypergeom	0.0	412.75
WP4804	TFs_Hypergeom	0.0	412.75
WP4566	TFs_Hypergeom	0.0	412.75
WP143	TFs_Hypergeom	0.0	412.75
WP5118	TFs_Hypergeom	0.0	412.75
WP3891	TFs_Hypergeom	0.0	412.75
WP545	TFs_Hypergeom	0.0	412.75
WP2276	TFs_Hypergeom	0.0	412.75
WP4240	TFs_Hypergeom	0.0	412.75
WP5117	TFs_Hypergeom	0.0	412.75
WP4917	TFs_Hypergeom	0.0	412.75
WP2267	TFs_Hypergeom	0.0	412.75
WP4789	TFs_Hypergeom	0.0	412.75
WP4157	TFs_Hypergeom	0.0	412.75
WP5064	TFs_Hypergeom	0.0	412.75
WP78	TFs_Hypergeom	0.0	412.75
WP3963	TFs_Hypergeom	0.0	412.75
WP111	TFs_Hypergeom	0.0	412.75
WP107	TFs_Hypergeom	0.0	412.75
WP4148	TFs_Hypergeom	0.0	412.75
WP4389	TFs_Hypergeom	0.0	412.75
WP5108	TFs_Hypergeom	0.0	412.75
WP80	TFs_Hypergeom	0.0	412.75
WP4506	TFs_Hypergeom	0.0	412.75
WP368	TFs_Hypergeom	0.0	412.75
WP4875	TFs_Hypergeom	0.0	412.75
WP2290	TFs_Hypergeom	0.0	412.75
WP4493	TFs_Hypergeom	0.0	412.75
WP561	TFs_Hypergeom	0.0	412.75
WP58	TFs_Hypergeom	0.0	412.75
WP2371	TFs_Hypergeom	0.0	412.75
WP24	TFs_Hypergeom	0.0	412.75
WP4629	TFs_Hypergeom	0.0	412.75
WP1603	TFs_Hypergeom	0.0	412.75
WP536	TFs_Hypergeom	0.0	412.75
WP4194	TFs_Hypergeom	0.0	412.75
WP322	TFs_Hypergeom	0.0	412.75
WP3644	TFs_Hypergeom	0.0	412.75
WP2291	TFs_Hypergeom	0.0	412.75
WP3934	TFs_Hypergeom	0.0	412.75
WP5112	TFs_Hypergeom	0.0	412.75
WP134	TFs_Hypergeom	0.0	412.75
WP2846	TFs_Hypergeom	0.0	412.75
WP383	TFs_Hypergeom	0.0	412.75
WP4159	TFs_Hypergeom	0.0	412.75
WP477	TFs_Hypergeom	0.0	412.75
WP521	TFs_Hypergeom	0.0	412.75
WP325	TFs_Hypergeom	0.0	412.75
WP4532	TFs_Hypergeom	0.0	412.75
WP694	TFs_Hypergeom	0.0	412.75
WP4742	TFs_Hypergeom	0.0	412.75
WP4922	TFs_Hypergeom	0.0	412.75
WP4799	TFs_Hypergeom	0.0	412.75
WP4900	TFs_Hypergeom	0.0	412.75
WP100	TFs_Hypergeom	0.0	412.75
WP26	TFs_Hypergeom	0.0	412.75
WP4586	TFs_Hypergeom	0.0	412.75
WP4724	TFs_Hypergeom	0.0	412.75
WP3634	TFs_Hypergeom	0.0	412.75
WP2338	TFs_Hypergeom	0.0	412.75
WP4785	TFs_Hypergeom	0.0	412.75
WP691	TFs_Hypergeom	0.0	412.75
WP334	TFs_Hypergeom	0.0	412.75
WP2007	TFs_Hypergeom	0.0	412.75
WP4153	TFs_Hypergeom	0.0	412.75
WP623	TFs_Hypergeom	0.0	412.75
WP5037	TFs_Hypergeom	0.0	412.75
WP3933	TFs_Hypergeom	0.0	412.75
WP3302	TFs_Hypergeom	0.0	412.75
WP1455	TFs_Hypergeom	0.0	412.75
WP1495	TFs_Hypergeom	0.0	412.75
WP4946	TFs_Hypergeom	0.0	412.75
WP702	TFs_Hypergeom	0.0	412.75
WP186	TFs_Hypergeom	0.0	412.75
WP43	TFs_Hypergeom	0.0	412.75
WP241	TFs_Hypergeom	0.0	412.75
WP197	TFs_Hypergeom	0.0	412.75
WP453	TFs_Hypergeom	0.0	412.75
WP1423	TFs_Hypergeom	0.0	412.75
WP4661	TFs_Hypergeom	0.0	412.75
WP4571	TFs_Hypergeom	0.0	412.75
WP5119	TFs_Hypergeom	0.0	412.75
WP4589	TFs_Hypergeom	0.0	412.75
WP550	TFs_Hypergeom	0.0	412.75
WP1604	TFs_Hypergeom	0.0	412.75
WP3595	TFs_Hypergeom	0.0	412.75
WP2436	TFs_Hypergeom	0.0	412.75
WP4156	TFs_Hypergeom	0.0	412.75
WP4846	TFs_Hypergeom	0.0	412.75
WP4022	TFs_Hypergeom	0.0	412.75
WP1422	TFs_Hypergeom	0.0	412.75
WP2643	TFs_Hypergeom	0.0	412.75
WP4931	TFs_Hypergeom	0.0	412.75
WP5111	TFs_Hypergeom	0.0	412.75
WP4784	TFs_Hypergeom	0.0	412.75
WP4536	TFs_Hypergeom	0.0	412.75
WP4688	TFs_Hypergeom	0.0	412.75
WP4577	TFs_Hypergeom	0.0	412.75
WP4920	TFs_Hypergeom	0.0	412.75
WP167	TFs_Hypergeom	0.0	412.75
WP524	TFs_Hypergeom	0.0	412.75
WP4719	TFs_Hypergeom	0.0	412.75
WP4818	TFs_Hypergeom	0.0	412.75
WP4522	TFs_Hypergeom	0.0	412.75
WP2542	TFs_Hypergeom	0.0	412.75
WP4288	TFs_Hypergeom	0.0	412.75
WP2854	TFs_Hypergeom	0.0	412.75
WP4966	TFs_Hypergeom	0.0	412.75
WP4225	TFs_Hypergeom	0.0	412.75
WP2513	TFs_Hypergeom	0.0	412.75
WP688	TFs_Hypergeom	0.0	412.75
WP4236	TFs_Hypergeom	0.0	412.75
WP4518	TFs_Hypergeom	0.0	412.75
WP247	TFs_Hypergeom	0.0	412.75
WP4189	TFs_Hypergeom	0.0	412.75
WP2507	TFs_Hypergeom	0.0	412.75
WP12	TFs_Hypergeom	0.0	412.75
WP2805	TFs_Hypergeom	0.0	412.75
WP4722	TFs_Hypergeom	0.0	412.75
WP697	TFs_Hypergeom	0.0	412.75
WP4751	TFs_Hypergeom	0.0	412.75
WP4290	TFs_Hypergeom	0.0	412.75
WP661	TFs_Hypergeom	0.0	412.75
WP3925	TFs_Hypergeom	0.0	412.75
WP2359	TFs_Hypergeom	0.0	412.75
WP438	TFs_Hypergeom	0.0	412.75
WP4030	TFs_Hypergeom	0.0	412.75
WP2536	TFs_Hypergeom	0.0	412.75
WP4760	TFs_Hypergeom	0.0	412.75
WP35	TFs_Hypergeom	0.0	412.75
WP3529	TFs_Hypergeom	0.0	412.75
WP2197	TFs_Hypergeom	0.0	412.75
WP4753	TFs_Hypergeom	0.0	412.75
WP3958	TFs_Hypergeom	0.0	412.75
WP678	TFs_Hypergeom	0.0	412.75
WP1424	TFs_Hypergeom	0.0	412.75
WP4860	TFs_Hypergeom	0.0	412.75
WP2253	TFs_Hypergeom	0.0	412.75
WP4947	TFs_Hypergeom	0.0	412.75
WP4324	TFs_Hypergeom	0.0	412.75
WP2816	TFs_Hypergeom	0.0	412.75
WP357	TFs_Hypergeom	0.0	412.75
WP4224	TFs_Hypergeom	0.0	412.75
WP4484	TFs_Hypergeom	0.0	412.75
WP4297	TFs_Hypergeom	0.0	412.75
WP2911	TFs_Hypergeom	0.0	412.75
WP1941	TFs_Hypergeom	0.0	412.75
WP5027	TFs_Hypergeom	0.0	412.75
WP244	TFs_Hypergeom	0.0	412.75
WP2509	TFs_Hypergeom	0.0	412.75
WP5110	TFs_Hypergeom	0.0	412.75
WP3879	TFs_Hypergeom	0.0	412.75
WP4884	TFs_Hypergeom	0.0	412.75
WP4146	TFs_Hypergeom	0.0	412.75
WP2646	TFs_Hypergeom	0.0	412.75
WP3943	TFs_Hypergeom	0.0	412.75
WP534	TFs_Hypergeom	0.0	412.75
WP106	TFs_Hypergeom	0.0	412.75
WP466	TFs_Hypergeom	0.0	412.75
WP2491	TFs_Hypergeom	0.0	412.75
WP704	TFs_Hypergeom	0.0	412.75
WP5122	TFs_Hypergeom	0.0	412.75
WP4853	TFs_Hypergeom	0.0	412.75
WP3666	TFs_Hypergeom	0.0	412.75
WP692	TFs_Hypergeom	0.0	412.75
WP4400	TFs_Hypergeom	0.0	412.75
WP1981	TFs_Hypergeom	0.0	412.75
WP183	TFs_Hypergeom	0.0	412.75
WP4539	TFs_Hypergeom	0.0	412.75
WP4725	TFs_Hypergeom	0.0	412.75
WP3679	TFs_Hypergeom	0.0	412.75
WP4940	TFs_Hypergeom	0.0	412.75
WP1602	TFs_Hypergeom	0.0	412.75
WP4971	TFs_Hypergeom	0.0	412.75
WP430	TFs_Hypergeom	0.0	412.75
WP558	TFs_Hypergeom	0.0	412.75
WP4210	TFs_Hypergeom	0.0	412.75
WP4815	TFs_Hypergeom	0.0	412.75
WP4583	TFs_Hypergeom	0.0	412.75
WP311	TFs_Hypergeom	0.0	412.75
WP4918	TFs_Hypergeom	0.0	412.75
WP3407	TFs_Hypergeom	0.0	412.75
WP129	TFs_Hypergeom	0.0	412.75
WP4864	TFs_Hypergeom	0.0	412.75
WP4271	TFs_Hypergeom	0.0	412.75
WP2889	TFs_Hypergeom	0.0	412.75
WP1995	TFs_Hypergeom	0.0	412.75
WP2485	TFs_Hypergeom	0.0	412.75
WP4752	TFs_Hypergeom	0.0	412.75
WP4883	TFs_Hypergeom	0.0	412.75
WP2640	TFs_Hypergeom	0.0	412.75
WP528	TFs_Hypergeom	0.0	412.75
WP497	TFs_Hypergeom	0.0	412.75
WP1438	TFs_Hypergeom	0.0	412.75
WP4301	TFs_Hypergeom	0.0	412.75
WP272	TFs_Hypergeom	0.0	412.75
WP3596	TFs_Hypergeom	0.0	412.75
WP3965	TFs_Hypergeom	0.0	412.75
WP4317	TFs_Hypergeom	0.0	412.75
WP1946	TFs_Hypergeom	0.0	412.75
WP5031	TFs_Hypergeom	0.0	412.75
WP3601	TFs_Hypergeom	0.0	412.75
WP455	TFs_Hypergeom	0.0	412.75
WP4524	TFs_Hypergeom	0.0	412.75
WP5104	TFs_Hypergeom	0.0	412.75
WP4723	TFs_Hypergeom	0.0	412.75
WP4523	TFs_Hypergeom	0.0	412.75
WP3627	TFs_Hypergeom	0.0	412.75
WP3580	TFs_Hypergeom	0.0	412.75
WP2916	TFs_Hypergeom	0.0	412.75
WP2525	TFs_Hypergeom	0.0	412.75
WP206	TFs_Hypergeom	0.0	412.75
WP2596	TFs_Hypergeom	0.0	412.75
WP2645	TFs_Hypergeom	0.0	412.75
WP4228	TFs_Hypergeom	0.0	412.75
WP4921	TFs_Hypergeom	0.0	412.75
WP4856	TFs_Hypergeom	0.0	412.75
WP5076	TFs_Hypergeom	0.0	412.75
WP2333	TFs_Hypergeom	0.0	412.75
WP554	TFs_Hypergeom	0.0	412.75
WP5114	TFs_Hypergeom	0.0	412.75
WP4519	TFs_Hypergeom	0.0	412.75
WP51	TFs_Hypergeom	0.0	412.75
WP4923	TFs_Hypergeom	0.0	412.75
WP117	TFs_Hypergeom	0.0	412.75
WP501	TFs_Hypergeom	0.0	412.75
WP5116	Target_NonCentral	0.027	413.0
WP4523	Target_NonCentral	0.091	413.0
WP100	Target_NonCentral	0.024	413.5
WP4814	Target_Hypergeom	0.164	414.25
WP4329	Target_NonCentral	0.073	414.5
WP4524	Target_NonCentral	0.024	415.0
WP3945	Target_Hypergeom	0.139	415.0
WP2895	Target_Hypergeom	0.087	415.5
WP1424	Target_NonCentral	0.006	416.0
WP734	Target_Hypergeom	0.085	416.25
WP4946	Target_NonCentral	0.234	417.0
WP4389	Target_Hypergeom	0.155	417.0
WP3679	Target_Hypergeom	0.077	418.0
WP1601	Target_Hypergeom	0.216	418.25
WP4942	Target_Hypergeom	0.083	418.25
WP4883	Target_Hypergeom	0.13	418.75
WP4629	Target_Hypergeom	0.296	419.0
WP4259	Target_NonCentral	0.037	419.0
WP4830	Target_Hypergeom	0.147	419.25
WP4595	Target_NonCentral	0.002	419.5
WP496	Target_NonCentral	0.051	420.0
WP4286	Target_Hypergeom	0.121	420.5
WP1471	Target_Hypergeom	0.096	421.5
WP4299	Target_Hypergeom	0.0	423.5
WP4872	Target_Hypergeom	0.116	424.75
WP4753	Target_NonCentral	0.12	425.0
WP4584	Target_NonCentral	0.027	425.5
WP4906	Target_Hypergeom	0.043	426.0
WP368	Target_NonCentral	0.035	426.0
WP5104	Target_NonCentral	0.001	426.5
WP2249	Target_NonCentral	0.0	427.0
WP466	Target_Hypergeom	0.328	427.0
WP186	Target_Hypergeom	0.191	427.0
WP4286	Target_NonCentral	0.075	427.5
WP2509	Target_Hypergeom	0.102	428.25
WP4655	Target_Hypergeom	0.256	429.0
WP5114	Target_NonCentral	0.132	429.5
WP4292	Target_NonCentral	0.016	429.5
WP4655	Target_NonCentral	0.081	430.5
WP5117	Target_Hypergeom	0.115	431.0
WP2371	Target_NonCentral	0.011	431.5
WP3958	Target_NonCentral	0.005	431.5
WP5118	Target_NonCentral	0.021	431.5
WP3924	Target_Hypergeom	0.071	432.5
WP497	Target_NonCentral	0.022	433.0
WP4786	Target_Hypergeom	0.047	433.75
WP2646	Target_NonCentral	0.016	434.0
WP3963	Target_NonCentral	0.107	434.5
WP5095	Target_NonCentral	0.182	434.5
WP2366	Target_NonCentral	0.025	436.0
WP2436	Target_Hypergeom	0.101	436.25
WP733	Target_Hypergeom	0.12	436.5
WP4760	Target_Hypergeom	0.098	436.75
WP4846	Target_Hypergeom	0.078	437.75
WP3940	Target_Hypergeom	0.053	438.0
WP4320	Target_Hypergeom	0.095	438.0
WP3300	Target_Hypergeom	0.013	438.25
WP4537	Target_Hypergeom	0.083	438.5
WP411	Target_NonCentral	0.047	439.0
WP5050	Target_Hypergeom	0.025	439.0
WP197	Target_NonCentral	0.123	439.5
WP3674	Target_Hypergeom	0.044	440.0
WP733	Target_NonCentral	0.0	440.5
WP2846	Target_NonCentral	0.0	440.5
WP3408	Target_NonCentral	0.0	440.5
WP4856	Target_Hypergeom	0.093	440.75
WP4299	Target_NonCentral	0.0	441.5
WP3655	Target_NonCentral	0.044	441.5
WP5038	Target_Hypergeom	0.073	441.5
WP4558	Target_Hypergeom	0.154	441.75
WP716	Target_Hypergeom	0.129	442.25
WP466	Target_NonCentral	0.21	442.5
WP1433	Target_Hypergeom	0.204	442.75
WP47	Target_Hypergeom	0.11	443.0
WP241	Target_Hypergeom	0.064	443.75
WP3965	Target_Hypergeom	0.071	444.0
WP4720	Target_NonCentral	0.035	444.0
WP1422	Target_NonCentral	0.015	445.0
WP4030	Target_NonCentral	0.001	445.5
WP4962	Target_Hypergeom	0.052	445.75
WP536	Target_Hypergeom	0.114	446.0
WP117	Target_NonCentral	0.001	446.5
WP4947	Target_NonCentral	0.0	446.5
WP410	Target_Hypergeom	0.164	446.75
WP3891	Target_Hypergeom	0.067	447.5
WP3937	Target_Hypergeom	0.178	448.5
WP4788	Target_NonCentral	0.0	449.0
WP183	Target_NonCentral	0.004	450.0
WP4553	Target_NonCentral	0.003	450.0
WP334	Target_NonCentral	0.002	451.0
WP206	Target_Hypergeom	0.15	451.0
WP4022	Target_NonCentral	0.154	451.5
WP4720	Target_Hypergeom	0.076	451.75
WP4868	Target_Hypergeom	0.195	451.75
WP2029	Target_NonCentral	0.005	452.5
WP391	Target_Hypergeom	0.119	452.5
WP3879	Target_Hypergeom	0.074	452.5
WP699	Target_Hypergeom	0.059	453.0
WP325	Target_NonCentral	0.03	453.5
WP2059	Target_Hypergeom	0.054	454.0
WP4947	Target_Hypergeom	0.035	454.0
WP4142	Target_NonCentral	0.016	454.5
WP4288	Target_Hypergeom	0.052	455.25
WP2369	Target_NonCentral	0.011	458.0
WP4861	Target_Hypergeom	0.045	459.0
WP1589	Target_Hypergeom	0.054	460.75
WP3849	Target_Hypergeom	0.096	461.0
WP496	Target_Hypergeom	0.16	462.0
WP524	Target_Hypergeom	0.051	462.5
WP528	Target_Hypergeom	0.049	463.5
WP1981	Target_Hypergeom	0.215	465.75
WP4533	Target_Hypergeom	0.038	466.0
WP4705	Target_NonCentral	0.011	466.5
WP1425	Target_NonCentral	0.035	467.5
WP531	Target_Hypergeom	0.235	467.75
WP465	Target_Hypergeom	0.105	469.5
WP22	Target_Hypergeom	0.025	471.5
WP2361	Target_Hypergeom	0.064	472.5
WP732	Target_Hypergeom	0.023	473.75
WP4225	Target_Hypergeom	0.058	473.75
WP704	Target_Hypergeom	0.065	475.5
WP4290	Target_Hypergeom	0.161	476.0
WP4900	Target_NonCentral	0.006	477.5
WP4724	Target_Hypergeom	0.095	477.5
WP1424	Target_Hypergeom	0.031	478.0
WP4829	Target_Hypergeom	0.025	478.75
WP4222	Target_Hypergeom	0.042	479.25
WP4595	Target_Hypergeom	0.017	481.0
WP4159	Target_NonCentral	0.011	481.0
WP4224	Target_Hypergeom	0.029	482.0
WP5118	Target_Hypergeom	0.065	486.0
WP3876	Target_Hypergeom	0.062	486.5
WP5104	Target_Hypergeom	0.015	489.0
WP2333	Target_Hypergeom	0.076	489.0
WP383	Target_Hypergeom	0.03	489.25
WP5064	Target_Hypergeom	0.065	489.75
WP3676	Target_Hypergeom	0.02	490.25
WP5116	Target_Hypergeom	0.041	491.25
WP4030	Target_Hypergeom	0.024	491.5
WP422	Target_Hypergeom	0.008	492.5
WP26	Target_Hypergeom	0.012	493.0
WP2636	Target_Hypergeom	0.018	494.0
WP2854	Target_Hypergeom	0.021	494.75
WP2253	Target_Hypergeom	0.039	498.75
WP4971	Target_Hypergeom	0.031	499.0
WP4259	Target_Hypergeom	0.069	500.0
WP3930	Target_Hypergeom	0.028	500.5
WP4240	Target_Hypergeom	0.059	500.75
WP4905	Target_Hypergeom	0.006	501.0
WP2007	Target_Hypergeom	0.036	501.0
WP4190	Target_Hypergeom	0.11	501.0
WP4723	Target_Hypergeom	0.085	501.25
WP3580	Target_Hypergeom	0.042	501.25
WP4946	Target_Hypergeom	0.26	502.0
WP4688	Target_NonCentral	0.006	503.5
WP5052	Target_Hypergeom	0.09	504.25
WP4150	Target_Hypergeom	0.012	504.75
WP357	Target_Hypergeom	0.115	505.75
WP2911	Target_Hypergeom	0.041	506.5
WP4904	Target_Hypergeom	0.014	506.5
WP4584	Target_Hypergeom	0.05	506.75
WP2453	Target_Hypergeom	0.005	506.75
WP3869	Target_Hypergeom	0.011	507.0
WP2113	Target_Hypergeom	0.097	508.0
WP4753	Target_Hypergeom	0.144	508.5
WP500	Target_Hypergeom	0.021	508.5
WP2916	Target_Hypergeom	0.006	510.5
WP698	Target_Hypergeom	0.115	511.25
WP1423	Target_Hypergeom	0.009	513.0
WP3963	Target_Hypergeom	0.105	513.0
WP2023	Target_Hypergeom	0.012	513.0
WP4912	Target_Hypergeom	0.062	514.75
WP5114	Target_Hypergeom	0.132	516.0
WP404	Target_Hypergeom	0.121	516.0
WP3644	Target_Hypergeom	0.012	517.0
WP4788	Target_Hypergeom	0.003	517.25
WP4923	Target_Hypergeom	0.003	518.0
WP3925	Target_Hypergeom	0.056	518.0
WP455	Target_NonCentral	0.016	518.0
WP4504	Target_Hypergeom	0.008	520.25
WP702	Target_Hypergeom	0.091	520.5
WP4721	Target_Hypergeom	0.04	521.25
WP4722	Target_Hypergeom	0.007	521.75
WP4553	Target_Hypergeom	0.007	521.75
WP2267	Target_Hypergeom	0.025	523.5
WP4803	Target_NonCentral	0.007	524.0
WP4917	Target_Hypergeom	0.011	524.0
WP5074	Target_Hypergeom	0.012	524.25
WP5061	Target_NonCentral	0.132	526.0
WP197	Target_Hypergeom	0.121	527.0
WP4352	Target_Hypergeom	0.05	528.5
WP4688	Target_Hypergeom	0.021	529.25
WP3958	Target_Hypergeom	0.003	531.0
WP24	Target_Hypergeom	0.008	534.0
WP4577	Target_Hypergeom	0.004	535.0
WP3933	Target_Hypergeom	0.005	535.25
WP550	Target_Hypergeom	0.029	536.5
WP4705	Target_Hypergeom	0.01	538.75
WP3971	Target_Hypergeom	0.005	539.0
WP2029	Target_Hypergeom	0.004	539.0
WP501	Target_Hypergeom	0.022	540.0
WP100	Target_Hypergeom	0.008	540.0
WP4536	Target_NonCentral	0.0	541.0
WP678	Target_NonCentral	0.065	543.0
WP4725	Target_Hypergeom	0.004	543.5
WP3655	Target_Hypergeom	0.035	545.0
WP4726	Target_Hypergeom	0.004	546.0
WP405	Target_NonCentral	0.001	546.5
WP477	Target_NonCentral	0.084	547.0
WP325	Target_Hypergeom	0.016	548.0
WP183	Target_Hypergeom	0.0	548.0
WP111	Target_NonCentral	0.003	550.0
WP247	Target_Hypergeom	0.0	550.0
WP143	Target_Hypergeom	0.031	552.0
WP2359	Target_Hypergeom	0.003	553.0
WP107	Target_Hypergeom	0.016	553.0
WP678	Target_Hypergeom	0.066	554.75
WP4022	Target_Hypergeom	0.072	556.0
WP334	Target_Hypergeom	0.001	557.75
WP3645	Target_Hypergeom	0.001	560.0
WP4292	Target_Hypergeom	0.002	560.5
WP497	Target_Hypergeom	0.001	560.75
WP1422	Target_Hypergeom	0.0	561.5
WP4656	Target_Hypergeom	0.001	565.0
WP117	Target_Hypergeom	0.0	567.0
WP2533	Target_Hypergeom	0.002	567.0
WP2371	Target_Hypergeom	0.0	568.0
WP1425	Target_Hypergeom	0.016	568.25
WP2291	Target_Hypergeom	0.002	570.75
WP411	Target_Hypergeom	0.0	572.0
WP368	Target_Hypergeom	0.006	575.75
WP2369	Target_Hypergeom	0.0	578.0
WP455	Target_Hypergeom	0.0	579.0
WP4803	Target_Hypergeom	0.0	580.0
WP4142	Target_Hypergeom	0.0	586.5
WP477	Target_Hypergeom	0.082	588.0
WP4900	Target_Hypergeom	0.0	592.0
WP4536	Target_Hypergeom	0.0	595.0
WP5061	Target_Hypergeom	0.08	599.25
WP1602	Target_NonCentral	0.012	599.25
WP4159	Target_Hypergeom	0.0	599.5
WP111	Target_Hypergeom	0.0	602.0
WP3934	Target_Hypergeom	0.041	604.0
WP4792	Target_NonCentral	0.001	604.0
WP3934	Target_NonCentral	0.058	604.0
WP4792	Target_Hypergeom	0.0	604.25
WP2816	Target_NonCentral	0.0	604.75
WP2536	Target_NonCentral	0.0	604.75
WP4174	Target_NonCentral	0.016	604.75
WP2826	Target_NonCentral	0.0	604.75
WP4174	Target_Hypergeom	0.066	604.75
WP2826	Target_Hypergeom	0.129	604.75
WP2816	Target_Hypergeom	0.0	604.75
WP2536	Target_Hypergeom	0.025	604.75
WP1602	Target_Hypergeom	0.002	605.0
WP5119	Target_Hypergeom	0.002	607.0
WP2942	Target_Hypergeom	0.005	607.0
WP5119	Target_NonCentral	0.007	607.0
WP2942	Target_NonCentral	0.021	607.0
WP4589	Target_NonCentral	0.014	607.25
WP5027	Target_NonCentral	0.007	607.5
WP4301	Target_NonCentral	0.025	607.75
WP4589	Target_Hypergeom	0.001	608.0
WP405	Target_Hypergeom	0.0	609.0
WP4301	Target_Hypergeom	0.001	609.5
WP5027	Target_Hypergeom	0.0	610.0
WP2290	Target_Hypergeom	0.003	611.0
WP2290	Target_NonCentral	0.015	611.0
WP4940	Target_NonCentral	0.001	611.25
WP4940	Target_Hypergeom	0.001	611.25
WP438	Target_Hypergeom	0.017	613.5
WP4518	Target_Hypergeom	0.0	613.5
WP4518	Target_NonCentral	0.0	613.5
WP4784	Target_NonCentral	0.009	613.5
WP438	Target_NonCentral	0.038	613.5
WP4784	Target_Hypergeom	0.001	614.5
WP1603	Target_Hypergeom	0.091	614.75
WP1603	Target_NonCentral	0.029	614.75
WP3529	Target_NonCentral	0.006	614.75
WP3585	Target_Hypergeom	0.034	615.0
WP3585	Target_NonCentral	0.047	615.0
WP2596	Target_NonCentral	0.081	616.0
WP4271	Target_NonCentral	0.011	616.0
WP2596	Target_Hypergeom	0.076	616.0
WP4271	Target_Hypergeom	0.001	616.25
WP4220	Target_Hypergeom	0.153	616.5
WP4220	Target_NonCentral	0.054	616.5
WP106	Target_Hypergeom	0.011	617.0
WP106	Target_NonCentral	0.038	617.0
WP3529	Target_Hypergeom	0.0	617.0
WP4297	Target_Hypergeom	0.011	617.75
WP4297	Target_NonCentral	0.018	617.75
WP692	Target_NonCentral	0.003	618.75
WP692	Target_Hypergeom	0.0	619.5
WP694	Target_NonCentral	0.024	620.0
WP694	Target_Hypergeom	0.006	620.0
WP4799	Target_NonCentral	0.033	620.25
WP4799	Target_Hypergeom	0.036	620.25
WP623	Target_NonCentral	0.003	620.25
WP4583	Target_Hypergeom	0.002	620.5
WP4583	Target_NonCentral	0.013	620.5
WP4785	Target_Hypergeom	0.003	620.75
WP4785	Target_NonCentral	0.019	620.75
WP4742	Target_Hypergeom	0.001	621.0
WP4742	Target_NonCentral	0.014	621.0
WP545	Target_NonCentral	0.006	621.0
WP545	Target_Hypergeom	0.0	621.5
WP5089	Target_Hypergeom	0.0	622.0
WP2542	Target_Hypergeom	0.053	622.0
WP2542	Target_NonCentral	0.046	622.0
WP5089	Target_NonCentral	0.004	622.0
WP4863	Target_NonCentral	0.059	623.75
WP4521	Target_NonCentral	0.0	624.0
WP623	Target_Hypergeom	0.0	624.0
WP4863	Target_Hypergeom	0.006	624.0
WP2276	Target_Hypergeom	0.08	625.0
WP2276	Target_NonCentral	0.085	625.0
WP4521	Target_Hypergeom	0.0	625.0
WP4818	Target_NonCentral	0.021	625.5
WP4818	Target_Hypergeom	0.022	625.5
WP4804	Target_Hypergeom	0.003	626.0
WP1600	Target_NonCentral	0.074	626.0
WP4804	Target_NonCentral	0.014	626.0
WP1600	Target_Hypergeom	0.027	626.0
WP136	Target_NonCentral	0.019	626.5
WP3871	Target_Hypergeom	0.001	626.5
WP3871	Target_NonCentral	0.027	626.5
WP136	Target_Hypergeom	0.002	626.5
WP2943	Target_NonCentral	0.017	627.0
WP4927	Target_Hypergeom	0.002	627.0
WP4927	Target_NonCentral	0.022	627.0
WP2943	Target_Hypergeom	0.017	627.0
WP5037	Target_Hypergeom	0.0	627.5
WP3595	Target_Hypergeom	0.015	627.5
WP561	Target_Hypergeom	0.069	627.5
WP661	Target_Hypergeom	0.03	627.5
WP661	Target_NonCentral	0.0	627.5
WP5037	Target_NonCentral	0.002	627.5
WP4922	Target_NonCentral	0.0	627.5
WP3595	Target_NonCentral	0.045	627.5
WP561	Target_NonCentral	0.103	627.5
WP5031	Target_Hypergeom	0.015	627.75
WP5031	Target_NonCentral	0.084	627.75
WP4922	Target_Hypergeom	0.0	628.0
WP4966	Target_Hypergeom	0.024	628.5
WP4966	Target_NonCentral	0.075	628.5
WP58	Target_NonCentral	0.056	628.5
WP58	Target_Hypergeom	0.0	628.5
WP4532	Target_Hypergeom	0.0	629.0
WP4571	Target_Hypergeom	0.011	629.0
WP4532	Target_NonCentral	0.006	629.0
WP4571	Target_NonCentral	0.067	629.0
WP3633	Target_Hypergeom	0.016	629.5
WP3633	Target_NonCentral	0.019	629.5
WP5076	Target_NonCentral	0.059	629.5
WP5076	Target_Hypergeom	0.074	629.5
WP2805	Target_NonCentral	0.015	631.0
WP4815	Target_NonCentral	0.001	631.0
WP4751	Target_NonCentral	0.085	631.0
WP1941	Target_NonCentral	0.031	631.0
WP2338	Target_NonCentral	0.015	631.0
WP4751	Target_Hypergeom	0.085	631.0
WP4815	Target_Hypergeom	0.0	631.0
WP2338	Target_Hypergeom	0.0	631.0
WP2805	Target_Hypergeom	0.0	631.0
WP1941	Target_Hypergeom	0.025	631.0
WP4853	Target_NonCentral	0.077	631.5
WP3875	Target_NonCentral	0.031	631.5
WP3875	Target_Hypergeom	0.006	631.5
WP4853	Target_Hypergeom	0.023	631.5
WP1495	Target_NonCentral	0.047	632.0
WP1495	Target_Hypergeom	0.05	632.0
WP4507	Target_Hypergeom	0.0	632.5
WP80	Target_Hypergeom	0.0	632.5
WP4507	Target_NonCentral	0.011	632.5
WP80	Target_NonCentral	0.011	632.5
WP4324	Target_NonCentral	0.003	633.0
WP2597	Target_NonCentral	0.014	633.0
WP78	Target_NonCentral	0.002	633.0
WP2597	Target_Hypergeom	0.001	633.0
WP78	Target_Hypergeom	0.0	633.0
WP4324	Target_Hypergeom	0.0	633.5
WP4189	Target_Hypergeom	0.023	633.5
WP690	Target_Hypergeom	0.075	633.5
WP4189	Target_NonCentral	0.023	633.5
WP690	Target_NonCentral	0.082	633.5
WP2889	Target_Hypergeom	0.0	634.25
WP2889	Target_NonCentral	0.0	634.25
WP4210	Target_NonCentral	0.0	634.5
WP2645	Target_NonCentral	0.0	634.5
WP2645	Target_Hypergeom	0.0	634.5
WP2491	Target_Hypergeom	0.068	634.5
WP4210	Target_Hypergeom	0.0	634.5
WP2491	Target_NonCentral	0.072	634.5
WP4789	Target_Hypergeom	0.087	635.0
WP4789	Target_NonCentral	0.087	635.0
WP4661	Target_NonCentral	0.007	635.0
WP4661	Target_Hypergeom	0.0	635.0
WP311	Target_Hypergeom	0.0	635.5
WP311	Target_NonCentral	0.006	635.5
WP4317	Target_NonCentral	0.0	636.0
WP4317	Target_Hypergeom	0.0	636.0
WP4236	Target_NonCentral	0.073	636.5
WP4236	Target_Hypergeom	0.007	636.5
WP4397	Target_Hypergeom	0.0	637.0
WP2640	Target_Hypergeom	0.0	637.0
WP4157	Target_Hypergeom	0.009	637.0
WP4194	Target_Hypergeom	0.003	637.0
WP4194	Target_NonCentral	0.009	637.0
WP4397	Target_NonCentral	0.0	637.0
WP4157	Target_NonCentral	0.071	637.0
WP2640	Target_NonCentral	0.0	637.0
WP4153	Target_Hypergeom	0.0	637.5
WP4506	Target_NonCentral	0.0	637.5
WP4918	Target_NonCentral	0.0	637.5
WP4153	Target_NonCentral	0.0	637.5
WP4918	Target_Hypergeom	0.0	637.5
WP4506	Target_Hypergeom	0.0	637.5
WP5030	Target_Hypergeom	0.0	638.0
WP4931	Target_Hypergeom	0.0	638.0
WP521	Target_Hypergeom	0.0	638.0
WP5030	Target_NonCentral	0.0	638.0
WP4931	Target_NonCentral	0.0	638.0
WP521	Target_NonCentral	0.0	638.0
WP4228	Target_NonCentral	0.0	638.5
WP4228	Target_Hypergeom	0.0	638.5
WP2485	Target_NonCentral	0.0	639.0
WP4400	Target_Hypergeom	0.0	639.0
WP4400	Target_NonCentral	0.012	639.0
WP134	Target_Hypergeom	0.0	639.0
WP134	Target_NonCentral	0.0	639.0
WP2485	Target_Hypergeom	0.0	639.0
WP3302	Target_NonCentral	0.0	639.25
WP3302	Target_Hypergeom	0.0	639.25
WP4921	Target_Hypergeom	0.0	639.5
WP4921	Target_NonCentral	0.0	639.5
WP3627	Target_NonCentral	0.0	641.0
WP4233	Target_NonCentral	0.0	641.0
WP4156	Target_NonCentral	0.0	641.0
WP688	Target_NonCentral	0.0	641.0
WP4920	Target_NonCentral	0.0	641.0
WP4860	Target_NonCentral	0.0	641.0
WP3666	Target_Hypergeom	0.0	641.0
WP4519	Target_Hypergeom	0.0	641.0
WP4860	Target_Hypergeom	0.0	641.0
WP4156	Target_Hypergeom	0.0	641.0
WP4233	Target_Hypergeom	0.0	641.0
WP4920	Target_Hypergeom	0.0	641.0
WP688	Target_Hypergeom	0.0	641.0
WP3627	Target_Hypergeom	0.0	641.0
WP3666	Target_NonCentral	0.0	641.0
WP4519	Target_NonCentral	0.0	641.0
