annotation_id	typeOfAnalysis	p_times	ranking
WP4659	Target_Hypergeom	0.608	38.0
WP5087	Target_Hypergeom	0.545	46.5
WP3646	Target_Hypergeom	0.509	61.0
WP366	Target_Hypergeom	0.497	69.5
WP710	Target_Hypergeom	0.501	70.5
WP4216	Target_Hypergeom	0.464	75.25
WP5094	Target_Hypergeom	0.462	77.5
WP2431	Target_Hypergeom	0.453	81.25
WP2261	Target_Hypergeom	0.47	84.0
WP3611	Target_Hypergeom	0.453	85.0
WP4674	Target_Hypergeom	0.44	86.0
WP2828	Target_Hypergeom	0.464	86.25
WP4172	Target_Hypergeom	0.409	87.0
WP236	Target_Hypergeom	0.459	88.0
WP2882	Target_Hypergeom	0.439	90.0
WP3888	Target_Hypergeom	0.403	91.0
WP1984	Target_Hypergeom	0.39	94.5
WP4263	Target_Hypergeom	0.42	94.75
WP4666	Target_Hypergeom	0.389	96.0
WP306	Target_Hypergeom	0.404	97.0
WP4658	Target_Hypergeom	0.432	97.5
WP4155	Target_Hypergeom	0.434	97.5
WP2586	Target_Hypergeom	0.446	98.0
WP4806	Target_Hypergeom	0.422	99.75
WP615	Target_Hypergeom	0.394	100.5
WP707	Target_Hypergeom	0.406	106.75
WP4262	Target_Hypergeom	0.388	108.5
WP4754	Target_Hypergeom	0.374	113.0
WP5098	Target_Hypergeom	0.375	115.0
WP4298	Target_Hypergeom	0.357	115.5
WP1971	Target_Hypergeom	0.405	117.5
WP3932	Target_Hypergeom	0.319	118.0
WP138	Target_Hypergeom	0.375	118.25
WP4255	Target_Hypergeom	0.365	120.5
WP2374	Target_Hypergeom	0.331	124.0
WP1742	Target_Hypergeom	0.359	126.0
WP2864	Target_Hypergeom	0.368	126.75
WP179	Target_Hypergeom	0.383	127.5
WP2355	Target_Hypergeom	0.316	128.5
WP2813	Target_Hypergeom	0.353	129.5
WP2877	Target_Hypergeom	0.369	129.75
WP49	Target_Hypergeom	0.397	130.5
WP45	Target_Hypergeom	0.415	131.0
WP3932	Target_NonCentral	0.117	131.0
WP3888	Target_NonCentral	0.052	132.0
WP1530	Target_Hypergeom	0.36	132.5
WP399	Target_Hypergeom	0.347	133.0
WP5055	Target_Hypergeom	0.357	134.5
WP4685	Target_Hypergeom	0.364	135.0
WP4970	Target_Hypergeom	0.311	135.25
WP5115	Target_Hypergeom	0.368	136.0
WP254	Target_Hypergeom	0.349	137.0
WP673	Target_Hypergeom	0.356	137.25
WP2814	Target_Hypergeom	0.37	138.25
WP3929	Target_NonCentral	0.085	141.0
WP4541	Target_Hypergeom	0.326	141.25
WP363	Target_Hypergeom	0.317	141.5
WP306	Target_NonCentral	0.035	143.0
WP236	Target_NonCentral	0.058	145.5
WP5087	Target_NonCentral	0.086	146.0
WP2032	Target_Hypergeom	0.337	146.0
WP706	Target_Hypergeom	0.273	146.0
WP61	Target_Hypergeom	0.344	147.25
WP437	Target_NonCentral	0.054	148.5
WP2446	Target_Hypergeom	0.321	149.0
WP2037	Target_Hypergeom	0.295	150.5
WP3303	Target_Hypergeom	0.295	150.5
WP3617	Target_Hypergeom	0.375	150.75
WP2858	Target_NonCentral	0.07	151.0
WP3680	Target_Hypergeom	0.32	151.25
WP4172	Target_NonCentral	0.106	152.0
WP3915	Target_NonCentral	0.098	152.0
WP437	Target_Hypergeom	0.252	152.5
WP2882	Target_NonCentral	0.108	154.0
WP2572	Target_Hypergeom	0.302	154.0
WP185	Target_NonCentral	0.084	154.5
WP382	Target_Hypergeom	0.211	155.0
WP3624	Target_Hypergeom	0.335	155.25
WP560	Target_Hypergeom	0.305	155.25
WP2817	Target_Hypergeom	0.33	156.5
WP3651	Target_Hypergeom	0.289	156.75
WP4816	Target_Hypergeom	0.303	157.25
WP51	Target_NonCentral	0.075	157.5
WP2380	Target_NonCentral	0.061	158.0
WP5124	Target_NonCentral	0.074	158.0
WP3614	Target_Hypergeom	0.318	158.5
WP5094	Target_NonCentral	0.06	159.0
WP706	Target_NonCentral	0.066	159.0
WP481	Target_NonCentral	0.048	160.5
WP3594	Target_NonCentral	0.068	161.0
WP4341	Target_Hypergeom	0.296	161.0
WP2877	Target_NonCentral	0.095	162.0
WP3640	Target_Hypergeom	0.276	163.0
WP5083	Target_Hypergeom	0.261	163.0
WP127	Target_Hypergeom	0.323	163.5
WP289	Target_NonCentral	0.04	164.0
WP5115	Target_NonCentral	0.119	165.0
WP4223	Target_NonCentral	0.035	165.0
WP4879	Target_Hypergeom	0.267	165.75
WP205	Target_Hypergeom	0.303	166.0
WP4540	Target_NonCentral	0.055	167.5
WP4754	Target_NonCentral	0.117	168.0
WP366	Target_NonCentral	0.021	168.0
WP2324	Target_Hypergeom	0.272	169.0
WP289	Target_Hypergeom	0.224	169.0
WP382	Target_NonCentral	0.05	169.0
WP4541	Target_NonCentral	0.034	169.0
WP2853	Target_NonCentral	0.063	169.0
WP2849	Target_Hypergeom	0.278	169.25
WP4666	Target_NonCentral	0.048	170.0
WP4217	Target_NonCentral	0.044	171.5
WP2355	Target_NonCentral	0.033	172.0
WP4808	Target_Hypergeom	0.257	172.5
WP474	Target_Hypergeom	0.257	172.5
WP2864	Target_NonCentral	0.04	173.0
WP710	Target_NonCentral	0.046	174.0
WP2572	Target_NonCentral	0.025	174.0
WP4673	Target_Hypergeom	0.211	174.0
WP2059	Target_NonCentral	0.056	175.0
WP2034	Target_Hypergeom	0.255	175.5
WP2858	Target_Hypergeom	0.214	175.75
WP3594	Target_Hypergeom	0.22	176.0
WP1772	Target_Hypergeom	0.281	176.5
WP428	Target_Hypergeom	0.223	177.0
WP399	Target_NonCentral	0.039	178.0
WP3658	Target_Hypergeom	0.26	178.5
WP2261	Target_NonCentral	0.034	178.5
WP615	Target_NonCentral	0.057	178.5
WP2857	Target_Hypergeom	0.196	179.25
WP1984	Target_NonCentral	0.052	179.5
WP4258	Target_Hypergeom	0.261	180.0
WP4341	Target_NonCentral	0.067	180.5
WP2840	Target_Hypergeom	0.233	180.75
WP1545	Target_Hypergeom	0.323	181.0
WP4262	Target_NonCentral	0.044	182.0
WP2380	Target_Hypergeom	0.167	183.0
WP3981	Target_Hypergeom	0.286	183.0
WP69	Target_NonCentral	0.053	184.0
WP23	Target_NonCentral	0.062	184.5
WP69	Target_Hypergeom	0.242	184.5
WP2857	Target_NonCentral	0.033	184.5
WP286	Target_Hypergeom	0.278	185.0
WP4659	Target_NonCentral	0.03	185.0
WP4879	Target_NonCentral	0.057	186.0
WP5083	Target_NonCentral	0.071	186.0
WP4674	Target_NonCentral	0.028	186.0
WP138	Target_NonCentral	0.026	186.0
WP4321	Target_NonCentral	0.054	186.5
WP4239	Target_NonCentral	0.064	186.5
WP176	Target_Hypergeom	0.289	187.0
WP4263	Target_NonCentral	0.036	187.0
WP2064	Target_Hypergeom	0.238	187.5
WP4540	Target_Hypergeom	0.227	187.75
WP2037	Target_NonCentral	0.036	188.0
WP2032	Target_NonCentral	0.018	189.0
WP2431	Target_NonCentral	0.052	189.0
WP4658	Target_NonCentral	0.052	189.0
WP5097	Target_Hypergeom	0.259	189.0
WP4806	Target_NonCentral	0.023	189.5
WP474	Target_NonCentral	0.047	190.5
WP4808	Target_NonCentral	0.047	190.5
WP4787	Target_NonCentral	0.083	190.5
WP4673	Target_NonCentral	0.039	190.5
WP4747	Target_Hypergeom	0.232	192.0
WP2374	Target_NonCentral	0.059	192.0
WP2839	Target_Hypergeom	0.296	192.5
WP23	Target_Hypergeom	0.225	193.0
WP428	Target_NonCentral	0.013	193.5
WP2064	Target_NonCentral	0.045	195.0
WP4396	Target_NonCentral	0.072	195.5
WP3651	Target_NonCentral	0.023	195.5
WP5055	Target_NonCentral	0.087	195.5
WP4018	Target_NonCentral	0.064	196.0
WP4255	Target_NonCentral	0.027	196.0
WP4155	Target_NonCentral	0.036	196.0
WP4298	Target_NonCentral	0.054	196.5
WP4217	Target_Hypergeom	0.161	196.5
WP363	Target_NonCentral	0.013	197.0
WP3929	Target_Hypergeom	0.153	197.5
WP4018	Target_Hypergeom	0.21	199.0
WP2324	Target_NonCentral	0.053	199.0
WP4816	Target_NonCentral	0.035	199.0
WP560	Target_NonCentral	0.034	200.0
WP3646	Target_NonCentral	0.043	200.0
WP481	Target_Hypergeom	0.145	201.0
WP3303	Target_NonCentral	0.04	201.0
WP2815	Target_Hypergeom	0.339	201.75
WP5098	Target_NonCentral	0.053	202.0
WP2034	Target_NonCentral	0.046	202.5
WP4336	Target_Hypergeom	0.199	202.5
WP3287	Target_Hypergeom	0.265	204.0
WP4258	Target_NonCentral	0.031	205.0
WP231	Target_NonCentral	0.07	205.5
WP1544	Target_NonCentral	0.033	205.5
WP15	Target_Hypergeom	0.249	206.0
WP5124	Target_Hypergeom	0.134	206.0
WP2018	Target_NonCentral	0.036	206.5
WP4685	Target_NonCentral	0.03	207.0
WP536	Target_NonCentral	0.045	207.0
WP2586	Target_NonCentral	0.017	207.5
WP2884	Target_NonCentral	0.071	208.0
WP3931	Target_NonCentral	0.033	208.0
WP4223	Target_Hypergeom	0.108	209.0
WP673	Target_NonCentral	0.009	209.0
WP1403	Target_NonCentral	0.062	209.0
WP4216	Target_NonCentral	0.032	209.0
WP2328	Target_Hypergeom	0.264	209.0
WP2849	Target_NonCentral	0.046	212.0
WP254	Target_NonCentral	0.072	212.0
WP3680	Target_NonCentral	0.019	212.0
WP51	Target_Hypergeom	0.128	212.5
WP2018	Target_Hypergeom	0.212	213.75
WP179	Target_NonCentral	0.083	214.0
WP3624	Target_NonCentral	0.092	214.0
WP304	Target_Hypergeom	0.181	214.25
WP1403	Target_Hypergeom	0.172	214.25
WP5097	Target_NonCentral	0.033	215.0
WP1533	Target_Hypergeom	0.279	215.5
WP2853	Target_Hypergeom	0.133	216.25
WP2878	Target_Hypergeom	0.303	216.25
WP1772	Target_NonCentral	0.066	218.0
WP4336	Target_NonCentral	0.013	218.0
WP61	Target_NonCentral	0.018	218.0
WP3611	Target_NonCentral	0.056	219.0
WP4239	Target_Hypergeom	0.155	219.0
WP2873	Target_Hypergeom	0.262	219.25
WP4549	Target_NonCentral	0.044	219.5
WP2118	Target_NonCentral	0.061	220.0
WP4396	Target_Hypergeom	0.159	220.25
WP2840	Target_NonCentral	0.013	220.5
WP1449	Target_NonCentral	0.095	221.0
WP707	Target_NonCentral	0.06	221.5
WP4747	Target_NonCentral	0.023	221.5
WP2828	Target_NonCentral	0.027	222.5
WP304	Target_NonCentral	0.037	222.5
WP176	Target_NonCentral	0.076	224.0
WP1449	Target_Hypergeom	0.197	224.5
WP15	Target_NonCentral	0.084	224.5
WP2203	Target_Hypergeom	0.217	224.5
WP395	Target_NonCentral	0.046	226.0
WP4657	Target_NonCentral	0.022	226.0
WP3915	Target_Hypergeom	0.114	226.5
WP2880	Target_Hypergeom	0.198	227.0
WP1971	Target_NonCentral	0.055	228.0
WP3863	Target_Hypergeom	0.228	228.5
WP1530	Target_NonCentral	0.049	229.0
WP2059	Target_Hypergeom	0.079	229.5
WP286	Target_NonCentral	0.035	229.5
WP5053	Target_NonCentral	0.046	229.5
WP395	Target_Hypergeom	0.198	231.0
WP2446	Target_NonCentral	0.068	231.5
WP3998	Target_Hypergeom	0.252	232.0
WP2880	Target_NonCentral	0.025	232.5
WP4205	Target_Hypergeom	0.115	236.25
WP49	Target_NonCentral	0.012	237.0
WP231	Target_Hypergeom	0.179	237.5
WP3931	Target_Hypergeom	0.124	238.0
WP2516	Target_Hypergeom	0.246	238.0
WP5090	Target_NonCentral	0.046	238.5
WP2637	Target_Hypergeom	0.167	239.0
WP2332	Target_Hypergeom	0.214	240.0
WP127	Target_NonCentral	0.003	242.0
WP45	Target_NonCentral	0.081	243.0
WP4205	Target_NonCentral	0.004	243.0
WP3981	Target_NonCentral	0.008	243.0
WP5053	Target_Hypergeom	0.211	243.25
WP313	Target_Hypergeom	0.194	243.75
WP185	Target_Hypergeom	0.129	244.25
WP1544	Target_Hypergeom	0.145	244.5
WP75	Target_Hypergeom	0.204	246.25
WP3584	Target_NonCentral	0.051	246.5
WP4928	Target_Hypergeom	0.181	247.25
WP4657	Target_Hypergeom	0.07	249.0
WP75	Target_NonCentral	0.085	252.5
WP2203	Target_NonCentral	0.029	254.0
WP2637	Target_NonCentral	0.015	255.0
WP314	Target_Hypergeom	0.206	255.5
WP4970	Target_NonCentral	0.013	255.5
WP170	Target_Hypergeom	0.253	255.75
WP3941	Target_Hypergeom	0.223	256.5
WP1533	Target_NonCentral	0.098	256.5
WP4149	Target_Hypergeom	0.207	256.75
WP3614	Target_NonCentral	0.046	257.0
WP4564	Target_Hypergeom	0.203	257.5
WP3658	Target_NonCentral	0.035	258.5
WP2817	Target_NonCentral	0.017	259.0
WP4321	Target_Hypergeom	0.082	260.5
WP2328	Target_NonCentral	0.108	261.0
WP3640	Target_NonCentral	0.008	261.5
WP4149	Target_NonCentral	0.064	262.0
WP4844	Target_Hypergeom	0.202	262.25
WP4565	Target_Hypergeom	0.196	264.75
WP4932	Target_NonCentral	0.024	265.0
WP2873	Target_NonCentral	0.064	265.5
WP4352	Target_NonCentral	0.076	267.5
WP3998	Target_NonCentral	0.035	267.5
WP1742	Target_NonCentral	0.029	269.0
WP2332	Target_NonCentral	0.019	272.0
WP3286	Target_Hypergeom	0.155	272.0
WP5095	Target_Hypergeom	0.22	273.0
WP205	Target_NonCentral	0.004	273.0
WP3863	Target_NonCentral	0.072	273.5
WP4549	Target_Hypergeom	0.084	274.5
WP1545	Target_NonCentral	0.0	276.0
WP4746	Target_NonCentral	0.06	276.5
WP4787	Target_Hypergeom	0.103	279.0
WP4790	Target_Hypergeom	0.213	279.5
WP3617	Target_NonCentral	0.061	280.5
WP4241	Target_Hypergeom	0.21	280.5
WP2795	Target_NonCentral	0.024	281.0
WP536	Target_Hypergeom	0.057	281.5
WP2839	Target_NonCentral	0.013	282.5
WP3995	Target_Hypergeom	0.175	283.25
WP314	Target_NonCentral	0.027	286.0
WP408	Target_Hypergeom	0.185	286.75
WP4538	Target_NonCentral	0.035	289.5
WP2813	Target_NonCentral	0.01	292.0
WP170	Target_NonCentral	0.067	293.5
WP2884	Target_Hypergeom	0.084	302.0
WP5095	Target_NonCentral	0.109	302.0
WP3584	Target_Hypergeom	0.104	302.5
WP4844	Target_NonCentral	0.039	304.5
WP2118	Target_Hypergeom	0.108	305.5
WP35	Target_NonCentral	0.081	306.0
WP4698	Target_Hypergeom	0.154	306.0
WP5090	Target_Hypergeom	0.084	307.0
WP3286	Target_NonCentral	0.017	307.5
WP313	Target_NonCentral	0.017	308.5
WP4932	Target_Hypergeom	0.064	310.25
WP2526	Target_Hypergeom	0.133	310.5
WP4535	Target_Hypergeom	0.117	311.75
WP4534	Target_NonCentral	0.063	314.0
WP4963	Target_Hypergeom	0.173	315.25
WP2848	Target_Hypergeom	0.186	316.5
WP3995	Target_NonCentral	0.019	316.5
WP4963	Target_NonCentral	0.035	318.5
WP2516	Target_NonCentral	0.051	320.0
WP4565	Target_NonCentral	0.01	320.5
WP3941	Target_NonCentral	0.01	320.5
WP4564	Target_NonCentral	0.01	321.0
WP4534	Target_Hypergeom	0.133	322.5
WP4746	Target_Hypergeom	0.091	324.5
WP2795	Target_Hypergeom	0.107	324.75
WP5039	Target_Hypergeom	0.194	324.75
WP4538	Target_Hypergeom	0.076	326.5
WP34	Target_Hypergeom	0.172	329.0
WP2848	Target_NonCentral	0.043	334.0
WP4535	Target_NonCentral	0.013	334.0
WP4949	Target_Hypergeom	0.079	335.75
WP2870	Target_Hypergeom	0.165	338.0
WP4698	Target_NonCentral	0.02	339.5
WP4241	Target_NonCentral	0.046	340.0
WP2814	Target_NonCentral	0.009	341.0
WP2878	Target_NonCentral	0.039	342.5
WP3287	Target_NonCentral	0.033	342.5
WP2526	Target_NonCentral	0.032	349.5
WP2406	Target_NonCentral	0.051	351.0
WP4352	Target_Hypergeom	0.056	351.5
WP236	TFs_Hypergeom	0.268	352.5
WP2853	TFs_Hypergeom	0.206	353.5
WP3888	TFs_Hypergeom	0.007	353.5
WP3594	TFs_Hypergeom	0.046	353.5
WP706	TFs_Hypergeom	0.232	353.5
WP2882	TFs_Hypergeom	0.057	353.5
WP2857	TFs_Hypergeom	0.186	353.5
WP366	TFs_Hypergeom	0.143	354.0
WP4262	TFs_Hypergeom	0.145	354.0
WP437	TFs_Hypergeom	0.14	354.0
WP2064	TFs_Hypergeom	0.129	354.0
WP4879	TFs_Hypergeom	0.125	354.0
WP382	TFs_Hypergeom	0.033	354.0
WP4754	TFs_Hypergeom	0.037	354.0
WP5115	TFs_Hypergeom	0.027	354.0
WP5087	TFs_Hypergeom	0.036	354.0
WP5094	TFs_Hypergeom	0.122	354.0
WP4659	TFs_Hypergeom	0.131	354.0
WP1984	TFs_Hypergeom	0.144	354.0
WP2840	TFs_Hypergeom	0.145	354.0
WP4149	TFs_Hypergeom	0.146	354.0
WP4666	TFs_Hypergeom	0.144	354.0
WP2380	TFs_Hypergeom	0.093	354.5
WP2355	TFs_Hypergeom	0.1	354.5
WP2037	TFs_Hypergeom	0.077	354.5
WP4787	TFs_Hypergeom	0.086	354.5
WP3646	TFs_Hypergeom	0.084	354.5
WP4816	TFs_Hypergeom	0.098	354.5
WP23	TFs_Hypergeom	0.107	354.5
WP399	TFs_Hypergeom	0.098	354.5
WP4844	TFs_Hypergeom	0.097	354.5
WP170	TFs_Hypergeom	0.154	354.5
WP1541	TFs_Hypergeom	0.112	354.5
WP2374	TFs_Hypergeom	0.101	354.5
WP4341	TFs_Hypergeom	0.089	354.5
WP4216	TFs_Hypergeom	0.086	354.5
WP2324	TFs_Hypergeom	0.087	354.5
WP138	TFs_Hypergeom	0.094	354.5
WP560	TFs_Hypergeom	0.098	354.5
WP2877	TFs_Hypergeom	0.093	354.5
WP4396	TFs_Hypergeom	0.077	354.5
WP3527	TFs_Hypergeom	0.088	354.5
WP2034	TFs_Hypergeom	0.079	354.5
WP395	TFs_Hypergeom	0.09	354.5
WP710	TFs_Hypergeom	0.107	354.5
WP3932	TFs_Hypergeom	0.023	354.75
WP2023	TFs_Hypergeom	0.069	355.0
WP3599	TFs_Hypergeom	0.072	355.0
WP5097	TFs_Hypergeom	0.059	355.0
WP2839	TFs_Hypergeom	0.054	355.0
WP2637	TFs_Hypergeom	0.042	355.0
WP481	TFs_Hypergeom	0.05	355.0
WP4329	TFs_Hypergeom	0.043	355.0
WP4331	TFs_Hypergeom	0.069	355.0
WP3929	TFs_Hypergeom	0.044	355.0
WP3942	TFs_Hypergeom	0.038	355.0
WP2875	TFs_Hypergeom	0.041	355.0
WP3995	TFs_Hypergeom	0.095	355.0
WP2526	TFs_Hypergeom	0.051	355.0
WP3584	TFs_Hypergeom	0.064	355.0
WP5102	TFs_Hypergeom	0.07	355.0
WP4217	TFs_Hypergeom	0.06	355.0
WP2881	TFs_Hypergeom	0.035	355.0
WP2586	TFs_Hypergeom	0.062	355.0
WP5083	TFs_Hypergeom	0.063	355.0
WP2036	TFs_Hypergeom	0.041	355.0
WP5039	TFs_Hypergeom	0.041	355.0
WP1991	TFs_Hypergeom	0.046	355.0
WP49	TFs_Hypergeom	0.058	355.0
WP4258	TFs_Hypergeom	0.073	355.0
WP585	TFs_Hypergeom	0.049	355.0
WP2858	TFs_Hypergeom	0.086	355.0
WP205	TFs_Hypergeom	0.036	355.0
WP4746	TFs_Hypergeom	0.05	355.0
WP673	TFs_Hypergeom	0.053	355.0
WP2112	TFs_Hypergeom	0.047	355.0
WP5036	TFs_Hypergeom	0.035	355.0
WP4223	TFs_Hypergeom	0.051	355.0
WP2895	TFs_Hypergeom	0.055	355.0
WP3915	TFs_Hypergeom	0.049	355.0
WP734	TFs_Hypergeom	0.053	355.0
WP3299	TFs_Hypergeom	0.039	355.0
WP1982	TFs_Hypergeom	0.068	355.0
WP4880	TFs_Hypergeom	0.053	355.0
WP3630	TFs_Hypergeom	0.041	355.0
WP4155	TFs_Hypergeom	0.067	355.0
WP5053	TFs_Hypergeom	0.062	355.0
WP364	TFs_Hypergeom	0.045	355.0
WP4320	TFs_Hypergeom	0.054	355.0
WP3303	TFs_Hypergeom	0.054	355.0
WP1591	TFs_Hypergeom	0.065	355.0
WP4482	TFs_Hypergeom	0.054	355.0
WP286	TFs_Hypergeom	0.036	355.0
WP400	TFs_Hypergeom	0.043	355.0
WP4674	TFs_Hypergeom	0.067	355.0
WP4657	TFs_Hypergeom	0.049	355.0
WP127	TFs_Hypergeom	0.063	355.0
WP45	TFs_Hypergeom	0.065	355.0
WP2817	TFs_Hypergeom	0.083	355.0
WP712	TFs_Hypergeom	0.049	355.0
WP3981	TFs_Hypergeom	0.047	355.0
WP4949	TFs_Hypergeom	0.056	355.0
WP2446	TFs_Hypergeom	0.046	355.0
WP2018	TFs_Hypergeom	0.082	355.0
WP4685	TFs_Hypergeom	0.075	355.0
WP363	TFs_Hypergeom	0.068	355.0
WP4239	TFs_Hypergeom	0.089	355.0
WP4172	TFs_Hypergeom	0.021	355.0
WP3972	TFs_Hypergeom	0.061	355.0
WP1971	TFs_Hypergeom	0.064	355.0
WP3611	TFs_Hypergeom	0.048	355.0
WP69	TFs_Hypergeom	0.071	355.0
WP75	TFs_Hypergeom	0.048	355.0
WP2203	TFs_Hypergeom	0.075	355.0
WP2880	TFs_Hypergeom	0.056	355.0
WP4263	TFs_Hypergeom	0.07	355.0
WP2873	TFs_Hypergeom	0.052	355.0
WP4540	TFs_Hypergeom	0.062	355.0
WP4255	TFs_Hypergeom	0.065	355.0
WP289	TFs_Hypergeom	0.086	355.0
WP2032	TFs_Hypergeom	0.068	355.0
WP34	TFs_Hypergeom	0.067	355.0
WP4542	TFs_Hypergeom	0.04	355.0
WP2406	TFs_Hypergeom	0.046	355.0
WP299	TFs_Hypergeom	0.046	355.0
WP2849	TFs_Hypergeom	0.094	355.0
WP254	TFs_Hypergeom	0.07	355.0
WP61	TFs_Hypergeom	0.047	355.0
WP4658	TFs_Hypergeom	0.071	355.0
WP4673	TFs_Hypergeom	0.059	355.0
WP474	TFs_Hypergeom	0.058	355.0
WP4756	TFs_Hypergeom	0.047	355.0
WP4906	TFs_Hypergeom	0.044	355.0
WP1449	TFs_Hypergeom	0.06	355.0
WP2332	TFs_Hypergeom	0.048	355.0
WP428	TFs_Hypergeom	0.066	355.0
WP231	TFs_Hypergeom	0.036	355.0
WP4211	TFs_Hypergeom	0.079	355.0
WP3678	TFs_Hypergeom	0.042	355.0
WP2431	TFs_Hypergeom	0.062	355.0
WP3858	TFs_Hypergeom	0.043	355.0
WP615	TFs_Hypergeom	0.065	355.0
WP3931	TFs_Hypergeom	0.056	355.0
WP195	TFs_Hypergeom	0.035	355.0
WP4336	TFs_Hypergeom	0.066	355.0
WP4808	TFs_Hypergeom	0.058	355.0
WP3651	TFs_Hypergeom	0.05	355.0
WP3617	TFs_Hypergeom	0.038	355.0
WP5098	TFs_Hypergeom	0.055	355.0
WP304	TFs_Hypergeom	0.063	355.0
WP179	TFs_Hypergeom	0.07	355.0
WP4141	TFs_Hypergeom	0.034	355.25
WP2814	TFs_Hypergeom	0.039	355.25
WP4321	TFs_Hypergeom	0.038	355.25
WP4541	TFs_Hypergeom	0.04	355.25
WP3286	TFs_Hypergeom	0.034	355.25
WP176	TFs_Hypergeom	0.034	355.25
WP3892	TFs_Hypergeom	0.042	355.25
WP2878	TFs_Hypergeom	0.034	355.25
WP5055	TFs_Hypergeom	0.035	355.25
WP1772	TFs_Hypergeom	0.034	355.25
WP4970	TFs_Hypergeom	0.034	355.25
WP4753	TFs_Hypergeom	0.0	355.5
WP4971	TFs_Hypergeom	0.0	355.5
WP3658	TFs_Hypergeom	0.037	355.5
WP3591	TFs_Hypergeom	0.009	355.5
WP2366	TFs_Hypergeom	0.0	355.5
WP5109	TFs_Hypergeom	0.011	355.5
WP391	TFs_Hypergeom	0.037	355.5
WP4723	TFs_Hypergeom	0.0	355.5
WP1584	TFs_Hypergeom	0.005	355.5
WP4559	TFs_Hypergeom	0.027	355.5
WP5117	TFs_Hypergeom	0.0	355.5
WP4030	TFs_Hypergeom	0.0	355.5
WP4389	TFs_Hypergeom	0.0	355.5
WP3925	TFs_Hypergeom	0.0	355.5
WP1423	TFs_Hypergeom	0.0	355.5
WP4538	TFs_Hypergeom	0.003	355.5
WP3674	TFs_Hypergeom	0.006	355.5
WP4947	TFs_Hypergeom	0.0	355.5
WP325	TFs_Hypergeom	0.0	355.5
WP2874	TFs_Hypergeom	0.027	355.5
WP4342	TFs_Hypergeom	0.026	355.5
WP1455	TFs_Hypergeom	0.0	355.5
WP2916	TFs_Hypergeom	0.0	355.5
WP3945	TFs_Hypergeom	0.026	355.5
WP5122	TFs_Hypergeom	0.0	355.5
WP3872	TFs_Hypergeom	0.009	355.5
WP4932	TFs_Hypergeom	0.031	355.5
WP4752	TFs_Hypergeom	0.0	355.5
WP5066	TFs_Hypergeom	0.039	355.5
WP2328	TFs_Hypergeom	0.016	355.5
WP702	TFs_Hypergeom	0.0	355.5
WP322	TFs_Hypergeom	0.0	355.5
WP2291	TFs_Hypergeom	0.0	355.5
WP1424	TFs_Hypergeom	0.0	355.5
WP4927	TFs_Hypergeom	0.0	355.5
WP4788	TFs_Hypergeom	0.007	355.5
WP2854	TFs_Hypergeom	0.0	355.5
WP2868	TFs_Hypergeom	0.003	355.5
WP5030	TFs_Hypergeom	0.0	355.5
WP2943	TFs_Hypergeom	0.008	355.5
WP4698	TFs_Hypergeom	0.023	355.5
WP4891	TFs_Hypergeom	0.0	355.5
WP2038	TFs_Hypergeom	0.003	355.5
WP4493	TFs_Hypergeom	0.0	355.5
WP4917	TFs_Hypergeom	0.0	355.5
WP2276	TFs_Hypergeom	0.0	355.5
WP3613	TFs_Hypergeom	0.024	355.5
WP430	TFs_Hypergeom	0.0	355.5
WP4324	TFs_Hypergeom	0.0	355.5
WP4721	TFs_Hypergeom	0.009	355.5
WP4400	TFs_Hypergeom	0.0	355.5
WP2583	TFs_Hypergeom	0.011	355.5
WP4537	TFs_Hypergeom	0.022	355.5
WP2261	TFs_Hypergeom	0.033	355.5
WP4288	TFs_Hypergeom	0.0	355.5
WP4871	TFs_Hypergeom	0.007	355.5
WP4799	TFs_Hypergeom	0.0	355.5
WP5033	TFs_Hypergeom	0.004	355.5
WP4877	TFs_Hypergeom	0.03	355.5
WP4595	TFs_Hypergeom	0.0	355.5
WP3965	TFs_Hypergeom	0.0	355.5
WP727	TFs_Hypergeom	0.0	355.5
WP3935	TFs_Hypergeom	0.003	355.5
WP4481	TFs_Hypergeom	0.014	355.5
WP465	TFs_Hypergeom	0.0	355.5
WP2525	TFs_Hypergeom	0.0	355.5
WP1589	TFs_Hypergeom	0.02	355.5
WP2542	TFs_Hypergeom	0.0	355.5
WP368	TFs_Hypergeom	0.0	355.5
WP4920	TFs_Hypergeom	0.0	355.5
WP53	TFs_Hypergeom	0.042	355.5
WP4532	TFs_Hypergeom	0.0	355.5
WP3874	TFs_Hypergeom	0.012	355.5
WP5088	TFs_Hypergeom	0.015	355.5
WP4016	TFs_Hypergeom	0.036	355.5
WP4562	TFs_Hypergeom	0.021	355.5
WP1600	TFs_Hypergeom	0.0	355.5
WP4758	TFs_Hypergeom	0.014	355.5
WP4495	TFs_Hypergeom	0.018	355.5
WP4159	TFs_Hypergeom	0.0	355.5
WP2640	TFs_Hypergeom	0.0	355.5
WP1545	TFs_Hypergeom	0.032	355.5
WP5119	TFs_Hypergeom	0.0	355.5
WP3878	TFs_Hypergeom	0.012	355.5
WP501	TFs_Hypergeom	0.0	355.5
WP80	TFs_Hypergeom	0.0	355.5
WP3924	TFs_Hypergeom	0.0	355.5
WP4789	TFs_Hypergeom	0.0	355.5
WP4146	TFs_Hypergeom	0.0	355.5
WP314	TFs_Hypergeom	0.01	355.5
WP534	TFs_Hypergeom	0.0	355.5
WP4860	TFs_Hypergeom	0.0	355.5
WP411	TFs_Hypergeom	0.0	355.5
WP106	TFs_Hypergeom	0.0	355.5
WP4204	TFs_Hypergeom	0.006	355.5
WP43	TFs_Hypergeom	0.0	355.5
WP4718	TFs_Hypergeom	0.034	355.5
WP5046	TFs_Hypergeom	0.015	355.5
WP4582	TFs_Hypergeom	0.0	355.5
WP4585	TFs_Hypergeom	0.036	355.5
WP2596	TFs_Hypergeom	0.0	355.5
WP1495	TFs_Hypergeom	0.0	355.5
WP3664	TFs_Hypergeom	0.025	355.5
WP5072	TFs_Hypergeom	0.021	355.5
WP4803	TFs_Hypergeom	0.006	355.5
WP1434	TFs_Hypergeom	0.014	355.5
WP3614	TFs_Hypergeom	0.022	355.5
WP4533	TFs_Hypergeom	0.022	355.5
WP4240	TFs_Hypergeom	0.0	355.5
WP707	TFs_Hypergeom	0.032	355.5
WP3302	TFs_Hypergeom	0.0	355.5
WP117	TFs_Hypergeom	0.0	355.5
WP3645	TFs_Hypergeom	0.0	355.5
WP4838	TFs_Hypergeom	0.011	355.5
WP2806	TFs_Hypergeom	0.0	355.5
WP3635	TFs_Hypergeom	0.0	355.5
WP5110	TFs_Hypergeom	0.0	355.5
WP5116	TFs_Hypergeom	0.005	355.5
WP2879	TFs_Hypergeom	0.009	355.5
WP4271	TFs_Hypergeom	0.0	355.5
WP2436	TFs_Hypergeom	0.0	355.5
WP384	TFs_Hypergeom	0.007	355.5
WP5120	TFs_Hypergeom	0.019	355.5
WP4560	TFs_Hypergeom	0.015	355.5
WP4655	TFs_Hypergeom	0.019	355.5
WP4873	TFs_Hypergeom	0.0	355.5
WP4868	TFs_Hypergeom	0.028	355.5
WP4304	TFs_Hypergeom	0.04	355.5
WP4950	TFs_Hypergeom	0.004	355.5
WP1471	TFs_Hypergeom	0.0	355.5
WP4719	TFs_Hypergeom	0.0	355.5
WP3287	TFs_Hypergeom	0.0	355.5
WP4298	TFs_Hypergeom	0.03	355.5
WP4790	TFs_Hypergeom	0.019	355.5
WP4724	TFs_Hypergeom	0.0	355.5
WP4483	TFs_Hypergeom	0.008	355.5
WP1531	TFs_Hypergeom	0.018	355.5
WP12	TFs_Hypergeom	0.0	355.5
WP2507	TFs_Hypergeom	0.0	355.5
WP4883	TFs_Hypergeom	0.0	355.5
WP4521	TFs_Hypergeom	0.0	355.5
WP4299	TFs_Hypergeom	0.0	355.5
WP2371	TFs_Hypergeom	0.0	355.5
WP2290	TFs_Hypergeom	0.0	355.5
WP4767	TFs_Hypergeom	0.018	355.5
WP3666	TFs_Hypergeom	0.0	355.5
WP206	TFs_Hypergeom	0.0	355.5
WP688	TFs_Hypergeom	0.0	355.5
WP404	TFs_Hypergeom	0.0	355.5
WP5044	TFs_Hypergeom	0.025	355.5
WP4785	TFs_Hypergeom	0.0	355.5
WP134	TFs_Hypergeom	0.0	355.5
WP696	TFs_Hypergeom	0.0	355.5
WP4197	TFs_Hypergeom	0.028	355.5
WP2876	TFs_Hypergeom	0.041	355.5
WP5064	TFs_Hypergeom	0.0	355.5
WP4872	TFs_Hypergeom	0.019	355.5
WP528	TFs_Hypergeom	0.0	355.5
WP3670	TFs_Hypergeom	0.016	355.5
WP2828	TFs_Hypergeom	0.027	355.5
WP58	TFs_Hypergeom	0.0	355.5
WP3585	TFs_Hypergeom	0.0	355.5
WP3408	TFs_Hypergeom	0.0	355.5
WP3655	TFs_Hypergeom	0.015	355.5
WP4507	TFs_Hypergeom	0.0	355.5
WP143	TFs_Hypergeom	0.0	355.5
WP4629	TFs_Hypergeom	0.0	355.5
WP4536	TFs_Hypergeom	0.0	355.5
WP4931	TFs_Hypergeom	0.0	355.5
WP4804	TFs_Hypergeom	0.0	355.5
WP3943	TFs_Hypergeom	0.0	355.5
WP678	TFs_Hypergeom	0.0	355.5
WP3668	TFs_Hypergeom	0.028	355.5
WP129	TFs_Hypergeom	0.0	355.5
WP2942	TFs_Hypergeom	0.0	355.5
WP5052	TFs_Hypergeom	0.009	355.5
WP4301	TFs_Hypergeom	0.0	355.5
WP4722	TFs_Hypergeom	0.0	355.5
WP2889	TFs_Hypergeom	0.0	355.5
WP2636	TFs_Hypergeom	0.005	355.5
WP268	TFs_Hypergeom	0.011	355.5
WP554	TFs_Hypergeom	0.0	355.5
WP3927	TFs_Hypergeom	0.03	355.5
WP3996	TFs_Hypergeom	0.006	355.5
WP2572	TFs_Hypergeom	0.006	355.5
WP524	TFs_Hypergeom	0.0	355.5
WP5103	TFs_Hypergeom	0.025	355.5
WP2361	TFs_Hypergeom	0.016	355.5
WP3967	TFs_Hypergeom	0.038	355.5
WP3850	TFs_Hypergeom	0.014	355.5
WP4584	TFs_Hypergeom	0.0	355.5
WP2456	TFs_Hypergeom	0.023	355.5
WP732	TFs_Hypergeom	0.03	355.5
WP4720	TFs_Hypergeom	0.022	355.5
WP247	TFs_Hypergeom	0.0	355.5
WP5114	TFs_Hypergeom	0.0	355.5
WP716	TFs_Hypergeom	0.017	355.5
WP4747	TFs_Hypergeom	0.018	355.5
WP4549	TFs_Hypergeom	0.005	355.5
WP24	TFs_Hypergeom	0.0	355.5
WP383	TFs_Hypergeom	0.0	355.5
WP4357	TFs_Hypergeom	0.028	355.5
WP1530	TFs_Hypergeom	0.032	355.5
WP4008	TFs_Hypergeom	0.019	355.5
WP2855	TFs_Hypergeom	0.048	355.5
WP516	TFs_Hypergeom	0.017	355.5
WP3958	TFs_Hypergeom	0.0	355.5
WP410	TFs_Hypergeom	0.036	355.5
WP4815	TFs_Hypergeom	0.0	355.5
WP4912	TFs_Hypergeom	0.028	355.5
WP51	TFs_Hypergeom	0.0	355.5
WP4961	TFs_Hypergeom	0.026	355.5
WP4925	TFs_Hypergeom	0.031	355.5
WP1995	TFs_Hypergeom	0.0	355.5
WP4153	TFs_Hypergeom	0.0	355.5
WP4853	TFs_Hypergeom	0.0	355.5
WP4156	TFs_Hypergeom	0.0	355.5
WP4284	TFs_Hypergeom	0.008	355.5
WP4856	TFs_Hypergeom	0.0	355.5
WP5076	TFs_Hypergeom	0.0	355.5
WP4571	TFs_Hypergeom	0.0	355.5
WP3934	TFs_Hypergeom	0.0	355.5
WP2536	TFs_Hypergeom	0.0	355.5
WP2267	TFs_Hypergeom	0.0	355.5
WP4524	TFs_Hypergeom	0.0	355.5
WP98	TFs_Hypergeom	0.032	355.5
WP2333	TFs_Hypergeom	0.0	355.5
WP4222	TFs_Hypergeom	0.005	355.5
WP4290	TFs_Hypergeom	0.0	355.5
WP4842	TFs_Hypergeom	0.037	355.5
WP4918	TFs_Hypergeom	0.0	355.5
WP4966	TFs_Hypergeom	0.0	355.5
WP4249	TFs_Hypergeom	0.006	355.5
WP1603	TFs_Hypergeom	0.0	355.5
WP2911	TFs_Hypergeom	0.0	355.5
WP3849	TFs_Hypergeom	0.007	355.5
WP167	TFs_Hypergeom	0.0	355.5
WP2646	TFs_Hypergeom	0.0	355.5
WP272	TFs_Hypergeom	0.0	355.5
WP2118	TFs_Hypergeom	0.033	355.5
WP438	TFs_Hypergeom	0.0	355.5
WP2513	TFs_Hypergeom	0.0	355.5
WP2643	TFs_Hypergeom	0.0	355.5
WP561	TFs_Hypergeom	0.0	355.5
WP422	TFs_Hypergeom	0.015	355.5
WP4136	TFs_Hypergeom	0.026	355.5
WP3845	TFs_Hypergeom	0.023	355.5
WP4566	TFs_Hypergeom	0.0	355.5
WP4480	TFs_Hypergeom	0.014	355.5
WP477	TFs_Hypergeom	0.0	355.5
WP3871	TFs_Hypergeom	0.0	355.5
WP4564	TFs_Hypergeom	0.028	355.5
WP2369	TFs_Hypergeom	0.005	355.5
WP497	TFs_Hypergeom	0.0	355.5
WP4300	TFs_Hypergeom	0.019	355.5
WP2846	TFs_Hypergeom	0.0	355.5
WP4922	TFs_Hypergeom	0.0	355.5
WP1539	TFs_Hypergeom	0.025	355.5
WP536	TFs_Hypergeom	0.0	355.5
WP2645	TFs_Hypergeom	0.0	355.5
WP3998	TFs_Hypergeom	0.018	355.5
WP3876	TFs_Hypergeom	0.021	355.5
WP2289	TFs_Hypergeom	0.009	355.5
WP4205	TFs_Hypergeom	0.024	355.5
WP47	TFs_Hypergeom	0.009	355.5
WP1422	TFs_Hypergeom	0.0	355.5
WP5111	TFs_Hypergeom	0.0	355.5
WP3634	TFs_Hypergeom	0.0	355.5
WP3656	TFs_Hypergeom	0.007	355.5
WP3930	TFs_Hypergeom	0.005	355.5
WP496	TFs_Hypergeom	0.0	355.5
WP3298	TFs_Hypergeom	0.028	355.5
WP262	TFs_Hypergeom	0.026	355.5
WP2509	TFs_Hypergeom	0.0	355.5
WP2029	TFs_Hypergeom	0.042	355.5
WP2870	TFs_Hypergeom	0.012	355.5
WP4018	TFs_Hypergeom	0.026	355.5
WP3413	TFs_Hypergeom	0.011	355.5
WP107	TFs_Hypergeom	0.0	355.5
WP4875	TFs_Hypergeom	0.0	355.5
WP4190	TFs_Hypergeom	0.0	355.5
WP136	TFs_Hypergeom	0.0	355.5
WP2848	TFs_Hypergeom	0.0	355.5
WP2113	TFs_Hypergeom	0.023	355.5
WP2533	TFs_Hypergeom	0.0	355.5
WP4496	TFs_Hypergeom	0.024	355.5
WP3612	TFs_Hypergeom	0.024	355.5
WP4224	TFs_Hypergeom	0.0	355.5
WP1438	TFs_Hypergeom	0.0	355.5
WP3941	TFs_Hypergeom	0.007	355.5
WP4786	TFs_Hypergeom	0.011	355.5
WP2249	TFs_Hypergeom	0.025	355.5
WP531	TFs_Hypergeom	0.0	355.5
WP3672	TFs_Hypergeom	0.018	355.5
WP3877	TFs_Hypergeom	0.017	355.5
WP690	TFs_Hypergeom	0.0	355.5
WP186	TFs_Hypergeom	0.0	355.5
WP4688	TFs_Hypergeom	0.0	355.5
WP5090	TFs_Hypergeom	0.0	355.5
WP1601	TFs_Hypergeom	0.008	355.5
WP5031	TFs_Hypergeom	0.0	355.5
WP4705	TFs_Hypergeom	0.005	355.5
WP3969	TFs_Hypergeom	0.01	355.5
WP4259	TFs_Hypergeom	0.0	355.5
WP2453	TFs_Hypergeom	0.0	355.5
WP704	TFs_Hypergeom	0.0	355.5
WP4928	TFs_Hypergeom	0.033	355.5
WP697	TFs_Hypergeom	0.0	355.5
WP3595	TFs_Hypergeom	0.0	355.5
WP4174	TFs_Hypergeom	0.0	355.5
WP3580	TFs_Hypergeom	0.0	355.5
WP4150	TFs_Hypergeom	0.0	355.5
WP2815	TFs_Hypergeom	0.03	355.5
WP3301	TFs_Hypergeom	0.015	355.5
WP3933	TFs_Hypergeom	0.0	355.5
WP2272	TFs_Hypergeom	0.0	355.5
WP2805	TFs_Hypergeom	0.0	355.5
WP4297	TFs_Hypergeom	0.0	355.5
WP4317	TFs_Hypergeom	0.0	355.5
WP4478	TFs_Hypergeom	0.007	355.5
WP3640	TFs_Hypergeom	0.02	355.5
WP4142	TFs_Hypergeom	0.0	355.5
WP2813	TFs_Hypergeom	0.018	355.5
WP4292	TFs_Hypergeom	0.0	355.5
WP2597	TFs_Hypergeom	0.0	355.5
WP4518	TFs_Hypergeom	0.0	355.5
WP2864	TFs_Hypergeom	0.026	355.5
WP1604	TFs_Hypergeom	0.0	355.5
WP3657	TFs_Hypergeom	0.023	355.5
WP5113	TFs_Hypergeom	0.033	355.5
WP4742	TFs_Hypergeom	0.0	355.5
WP4963	TFs_Hypergeom	0.012	355.5
WP4905	TFs_Hypergeom	0.0	355.5
WP3407	TFs_Hypergeom	0.0	355.5
WP4946	TFs_Hypergeom	0.0	355.5
WP4760	TFs_Hypergeom	0.0	355.5
WP545	TFs_Hypergeom	0.0	355.5
WP4725	TFs_Hypergeom	0.0	355.5
WP4900	TFs_Hypergeom	0.0	355.5
WP698	TFs_Hypergeom	0.0	355.5
WP3863	TFs_Hypergeom	0.03	355.5
WP3596	TFs_Hypergeom	0.0	355.5
WP4962	TFs_Hypergeom	0.0	355.5
WP5038	TFs_Hypergeom	0.024	355.5
WP3644	TFs_Hypergeom	0.0	355.5
WP530	TFs_Hypergeom	0.0	355.5
WP4553	TFs_Hypergeom	0.004	355.5
WP1433	TFs_Hypergeom	0.01	355.5
WP5118	TFs_Hypergeom	0.0	355.5
WP3	TFs_Hypergeom	0.028	355.5
WP1946	TFs_Hypergeom	0.0	355.5
WP4823	TFs_Hypergeom	0.02	355.5
WP453	TFs_Hypergeom	0.0	355.5
WP5089	TFs_Hypergeom	0.0	355.5
WP288	TFs_Hypergeom	0.007	355.5
WP3593	TFs_Hypergeom	0.01	355.5
WP3844	TFs_Hypergeom	0.015	355.5
WP3982	TFs_Hypergeom	0.008	355.5
WP4519	TFs_Hypergeom	0.0	355.5
WP1533	TFs_Hypergeom	0.026	355.5
WP3297	TFs_Hypergeom	0.006	355.5
WP5095	TFs_Hypergeom	0.007	355.5
WP3879	TFs_Hypergeom	0.0	355.5
WP500	TFs_Hypergeom	0.0	355.5
WP4506	TFs_Hypergeom	0.0	355.5
WP313	TFs_Hypergeom	0.027	355.5
WP5121	TFs_Hypergeom	0.01	355.5
WP3414	TFs_Hypergeom	0.028	355.5
WP4535	TFs_Hypergeom	0.018	355.5
WP1981	TFs_Hypergeom	0.0	355.5
WP306	TFs_Hypergeom	0.003	355.5
WP4225	TFs_Hypergeom	0.0	355.5
WP699	TFs_Hypergeom	0.0	355.5
WP4942	TFs_Hypergeom	0.009	355.5
WP2485	TFs_Hypergeom	0.0	355.5
WP311	TFs_Hypergeom	0.0	355.5
WP4194	TFs_Hypergeom	0.0	355.5
WP4565	TFs_Hypergeom	0.028	355.5
WP4504	TFs_Hypergeom	0.0	355.5
WP26	TFs_Hypergeom	0.0	355.5
WP4830	TFs_Hypergeom	0.011	355.5
WP111	TFs_Hypergeom	0.0	355.5
WP4864	TFs_Hypergeom	0.0	355.5
WP5061	TFs_Hypergeom	0.0	355.5
WP5065	TFs_Hypergeom	0.0	355.5
WP1559	TFs_Hypergeom	0.01	355.5
WP4861	TFs_Hypergeom	0.018	355.5
WP3940	TFs_Hypergeom	0.0	355.5
WP4484	TFs_Hypergeom	0.0	355.5
WP4286	TFs_Hypergeom	0.023	355.5
WP4818	TFs_Hypergeom	0.0	355.5
WP2516	TFs_Hypergeom	0.031	355.5
WP4397	TFs_Hypergeom	0.005	355.5
WP2447	TFs_Hypergeom	0.008	355.5
WP4312	TFs_Hypergeom	0.027	355.5
WP3853	TFs_Hypergeom	0.01	355.5
WP185	TFs_Hypergeom	0.0	355.5
WP4534	TFs_Hypergeom	0.022	355.5
WP3633	TFs_Hypergeom	0.0	355.5
WP4577	TFs_Hypergeom	0.0	355.5
WP2011	TFs_Hypergeom	0.038	355.5
WP455	TFs_Hypergeom	0.0	355.5
WP550	TFs_Hypergeom	0.0	355.5
WP1425	TFs_Hypergeom	0.027	355.5
WP22	TFs_Hypergeom	0.027	355.5
WP15	TFs_Hypergeom	0.026	355.5
WP2884	TFs_Hypergeom	0.033	355.5
WP2795	TFs_Hypergeom	0.018	355.5
WP1941	TFs_Hypergeom	0.0	355.5
WP197	TFs_Hypergeom	0.0	355.5
WP4220	TFs_Hypergeom	0.0	355.5
WP357	TFs_Hypergeom	0.0	355.5
WP4814	TFs_Hypergeom	0.037	355.5
WP5112	TFs_Hypergeom	0.0	355.5
WP229	TFs_Hypergeom	0.0	355.5
WP2059	TFs_Hypergeom	0.006	355.5
WP4751	TFs_Hypergeom	0.0	355.5
WP466	TFs_Hypergeom	0.0	355.5
WP4269	TFs_Hypergeom	0.026	355.5
WP5104	TFs_Hypergeom	0.0	355.5
WP3676	TFs_Hypergeom	0.005	355.5
WP4186	TFs_Hypergeom	0.006	355.5
WP1992	TFs_Hypergeom	0.013	355.5
WP5074	TFs_Hypergeom	0.02	355.5
WP4806	TFs_Hypergeom	0.016	355.5
WP3963	TFs_Hypergeom	0.0	355.5
WP3601	TFs_Hypergeom	0.0	355.5
WP2197	TFs_Hypergeom	0.0	355.5
WP3893	TFs_Hypergeom	0.035	355.5
WP2816	TFs_Hypergeom	0.0	355.5
WP691	TFs_Hypergeom	0.0	355.5
WP3959	TFs_Hypergeom	0.034	355.5
WP2035	TFs_Hypergeom	0.011	355.5
WP1403	TFs_Hypergeom	0.029	355.5
WP733	TFs_Hypergeom	0.003	355.5
WP244	TFs_Hypergeom	0.0	355.5
WP2007	TFs_Hypergeom	0.0	355.5
WP4656	TFs_Hypergeom	0.011	355.5
WP4874	TFs_Hypergeom	0.029	355.5
WP4661	TFs_Hypergeom	0.0	355.5
WP3624	TFs_Hypergeom	0.02	355.5
WP3944	TFs_Hypergeom	0.009	355.5
WP78	TFs_Hypergeom	0.0	355.5
WP4479	TFs_Hypergeom	0.014	355.5
WP2363	TFs_Hypergeom	0.017	355.5
WP4494	TFs_Hypergeom	0.0	355.5
WP35	TFs_Hypergeom	0.0	355.5
WP2865	TFs_Hypergeom	0.007	355.5
WP3300	TFs_Hypergeom	0.003	355.5
WP4707	TFs_Hypergeom	0.016	355.5
WP692	TFs_Hypergeom	0.0	355.5
WP4923	TFs_Hypergeom	0.0	355.5
WP558	TFs_Hypergeom	0.0	355.5
WP4210	TFs_Hypergeom	0.0	355.5
WP3971	TFs_Hypergeom	0.029	355.5
WP4233	TFs_Hypergeom	0.0	355.5
WP4523	TFs_Hypergeom	0.0	355.5
WP4583	TFs_Hypergeom	0.0	355.5
WP3926	TFs_Hypergeom	0.024	355.5
WP2253	TFs_Hypergeom	0.0	355.5
WP5063	TFs_Hypergeom	0.018	355.5
WP4784	TFs_Hypergeom	0.0	355.5
WP3937	TFs_Hypergeom	0.0	355.5
WP183	TFs_Hypergeom	0.0	355.5
WP4313	TFs_Hypergeom	0.008	355.5
WP3947	TFs_Hypergeom	0.009	355.5
WP4337	TFs_Hypergeom	0.024	355.5
WP4228	TFs_Hypergeom	0.0	355.5
WP3679	TFs_Hypergeom	0.0	355.5
WP4969	TFs_Hypergeom	0.016	355.5
WP4241	TFs_Hypergeom	0.024	355.5
WP5037	TFs_Hypergeom	0.0	355.5
WP3859	TFs_Hypergeom	0.029	355.5
WP408	TFs_Hypergeom	0.032	355.5
WP4148	TFs_Hypergeom	0.0	355.5
WP1742	TFs_Hypergeom	0.033	355.5
WP4726	TFs_Hypergeom	0.0	355.5
WP4792	TFs_Hypergeom	0.0	355.5
WP4522	TFs_Hypergeom	0.0	355.5
WP4352	TFs_Hypergeom	0.006	355.5
WP5101	TFs_Hypergeom	0.01	355.5
WP4462	TFs_Hypergeom	0.0	355.5
WP4876	TFs_Hypergeom	0.014	355.5
WP4884	TFs_Hypergeom	0.0	355.5
WP5092	TFs_Hypergeom	0.022	355.5
WP4236	TFs_Hypergeom	0.0	355.5
WP694	TFs_Hypergeom	0.0	355.5
WP3891	TFs_Hypergeom	0.0	355.5
WP3529	TFs_Hypergeom	0.0	355.5
WP4399	TFs_Hypergeom	0.008	355.5
WP100	TFs_Hypergeom	0.0	355.5
WP619	TFs_Hypergeom	0.041	355.5
WP3680	TFs_Hypergeom	0.031	355.5
WP4829	TFs_Hypergeom	0.018	355.5
WP1528	TFs_Hypergeom	0.029	355.5
WP2338	TFs_Hypergeom	0.0	355.5
WP4586	TFs_Hypergeom	0.0	355.5
WP4846	TFs_Hypergeom	0.0	355.5
WP3875	TFs_Hypergeom	0.0	355.5
WP5050	TFs_Hypergeom	0.008	355.5
WP4191	TFs_Hypergeom	0.008	355.5
WP2491	TFs_Hypergeom	0.0	355.5
WP2359	TFs_Hypergeom	0.0	355.5
WP581	TFs_Hypergeom	0.027	355.5
WP3890	TFs_Hypergeom	0.007	355.5
WP4904	TFs_Hypergeom	0.0	355.5
WP5108	TFs_Hypergeom	0.0	355.5
WP661	TFs_Hypergeom	0.0	355.5
WP4147	TFs_Hypergeom	0.026	355.5
WP334	TFs_Hypergeom	0.0	355.5
WP4545	TFs_Hypergeom	0.02	355.5
WP4921	TFs_Hypergeom	0.0	355.5
WP4157	TFs_Hypergeom	0.0	355.5
WP3627	TFs_Hypergeom	0.0	355.5
WP4561	TFs_Hypergeom	0.019	355.5
WP405	TFs_Hypergeom	0.01	355.5
WP3938	TFs_Hypergeom	0.01	355.5
WP4189	TFs_Hypergeom	0.0	355.5
WP2826	TFs_Hypergeom	0.0	355.5
WP5124	TFs_Hypergeom	0.006	355.5
WP1602	TFs_Hypergeom	0.0	355.5
WP4539	TFs_Hypergeom	0.0	355.5
WP4940	TFs_Hypergeom	0.0	355.5
WP623	TFs_Hypergeom	0.0	355.5
WP241	TFs_Hypergeom	0.0	355.5
WP5049	TFs_Hypergeom	0.008	355.5
WP4558	TFs_Hypergeom	0.023	355.5
WP3865	TFs_Hypergeom	0.019	355.5
WP4022	TFs_Hypergeom	0.0	355.5
WP3869	TFs_Hypergeom	0.008	355.5
WP3851	TFs_Hypergeom	0.012	355.5
WP5027	TFs_Hypergeom	0.0	355.5
WP1544	TFs_Hypergeom	0.017	355.5
WP521	TFs_Hypergeom	0.0	355.5
WP4589	TFs_Hypergeom	0.0	355.5
WP4206	TFs_Hypergeom	0.023	355.5
WP4863	TFs_Hypergeom	0.0	355.5
WP4919	TFs_Hypergeom	0.026	355.5
WP35	Target_Hypergeom	0.101	357.0
WP5039	Target_NonCentral	0.098	358.5
WP408	Target_NonCentral	0.027	359.5
WP4141	Target_Hypergeom	0.171	364.75
WP4286	Target_Hypergeom	0.063	365.5
WP4949	Target_NonCentral	0.006	366.0
WP4906	Target_NonCentral	0.004	369.5
WP4286	Target_NonCentral	0.009	370.0
WP34	Target_NonCentral	0.016	375.0
WP1982	Target_NonCentral	0.06	375.5
WP2406	Target_Hypergeom	0.088	376.75
WP4790	Target_NonCentral	0.004	377.0
WP4871	Target_Hypergeom	0.124	377.0
WP1982	Target_Hypergeom	0.124	377.5
WP4331	Target_Hypergeom	0.193	378.0
WP2363	Target_Hypergeom	0.192	378.0
WP4906	Target_Hypergeom	0.063	378.25
WP4331	Target_NonCentral	0.032	378.5
WP4928	Target_NonCentral	0.002	379.25
WP5121	Target_Hypergeom	0.196	379.25
WP2815	Target_NonCentral	0.012	379.75
WP2870	Target_NonCentral	0.025	381.5
WP4008	Target_Hypergeom	0.151	382.0
WP2363	Target_NonCentral	0.009	382.0
WP4249	Target_Hypergeom	0.115	382.25
WP1539	Target_Hypergeom	0.203	382.75
WP1591	Target_Hypergeom	0.107	382.75
WP2806	Target_NonCentral	0.063	383.0
WP3850	Target_Hypergeom	0.129	383.0
WP4871	Target_NonCentral	0.02	383.5
WP4141	Target_NonCentral	0.027	384.5
WP98	Target_Hypergeom	0.152	387.0
WP98	Target_NonCentral	0.028	387.75
WP1591	Target_NonCentral	0.014	387.75
WP712	Target_Hypergeom	0.232	388.5
WP3850	Target_NonCentral	0.019	389.25
WP2038	Target_NonCentral	0.029	390.0
WP5122	Target_NonCentral	0.007	390.25
WP5122	Target_Hypergeom	0.206	390.25
WP1539	Target_NonCentral	0.038	391.0
WP4300	Target_Hypergeom	0.17	391.0
WP4008	Target_NonCentral	0.03	391.5
WP4874	Target_Hypergeom	0.102	391.75
WP2806	Target_Hypergeom	0.099	391.75
WP3872	Target_Hypergeom	0.222	392.5
WP5121	Target_NonCentral	0.005	392.5
WP4874	Target_NonCentral	0.023	392.75
WP4481	Target_Hypergeom	0.204	393.0
WP4823	Target_Hypergeom	0.173	393.0
WP2038	Target_Hypergeom	0.089	393.75
WP4300	Target_NonCentral	0.016	395.0
WP5088	Target_Hypergeom	0.228	395.0
WP195	Target_NonCentral	0.056	395.25
WP195	Target_Hypergeom	0.112	395.25
WP4823	Target_NonCentral	0.048	395.5
WP400	Target_NonCentral	0.002	395.5
WP712	Target_NonCentral	0.003	395.5
WP400	Target_Hypergeom	0.095	395.5
WP702	Target_NonCentral	0.068	395.75
WP3872	Target_NonCentral	0.025	397.0
WP4249	Target_NonCentral	0.014	397.0
WP4925	Target_Hypergeom	0.216	397.0
WP3612	Target_Hypergeom	0.152	397.0
WP4877	Target_Hypergeom	0.133	397.0
WP5113	Target_Hypergeom	0.193	397.25
WP299	Target_Hypergeom	0.228	397.75
WP4481	Target_NonCentral	0.055	398.25
WP3599	Target_Hypergeom	0.184	398.25
WP3657	Target_Hypergeom	0.17	398.5
WP5092	Target_Hypergeom	0.177	398.5
WP5072	Target_NonCentral	0.034	398.5
WP1541	Target_NonCentral	0.045	399.75
WP5072	Target_Hypergeom	0.095	399.75
WP3612	Target_NonCentral	0.026	400.0
WP3969	Target_Hypergeom	0.201	400.0
WP3942	Target_Hypergeom	0.123	400.0
WP3942	Target_NonCentral	0.085	400.75
WP4877	Target_NonCentral	0.014	400.75
WP4925	Target_NonCentral	0.026	401.75
WP4561	Target_Hypergeom	0.12	401.75
WP2272	Target_NonCentral	0.05	401.75
WP364	Target_Hypergeom	0.163	402.0
WP4483	Target_Hypergeom	0.19	402.75
WP2249	Target_Hypergeom	0.066	402.75
WP5092	Target_NonCentral	0.044	403.0
WP4482	Target_Hypergeom	0.176	403.5
WP5088	Target_NonCentral	0.071	403.5
WP1541	Target_Hypergeom	0.09	403.75
WP5044	Target_Hypergeom	0.169	404.0
WP4016	Target_Hypergeom	0.135	404.0
WP3657	Target_NonCentral	0.029	404.0
WP585	Target_NonCentral	0.051	404.0
WP3599	Target_NonCentral	0.037	404.0
WP4312	Target_Hypergeom	0.129	404.0
WP4312	Target_NonCentral	0.028	404.25
WP3969	Target_NonCentral	0.013	404.5
WP5113	Target_NonCentral	0.084	404.75
WP3672	Target_Hypergeom	0.241	404.75
WP2272	Target_Hypergeom	0.096	405.0
WP364	Target_NonCentral	0.074	405.0
WP702	Target_Hypergeom	0.056	405.0
WP2036	Target_Hypergeom	0.211	405.0
WP2249	Target_NonCentral	0.0	405.5
WP299	Target_NonCentral	0.075	405.5
WP5044	Target_NonCentral	0.011	406.0
WP4482	Target_NonCentral	0.022	406.0
WP3672	Target_NonCentral	0.0	406.0
WP4483	Target_NonCentral	0.003	406.0
WP4016	Target_NonCentral	0.076	406.0
WP2036	Target_NonCentral	0.049	406.0
WP3972	Target_Hypergeom	0.138	406.0
WP585	Target_Hypergeom	0.077	406.0
WP3527	Target_NonCentral	0.037	406.0
WP4560	Target_Hypergeom	0.097	406.5
WP4561	Target_NonCentral	0.007	406.5
WP4496	Target_Hypergeom	0.204	407.0
WP5102	Target_Hypergeom	0.084	407.0
WP4496	Target_NonCentral	0.069	407.25
WP4204	Target_Hypergeom	0.1	407.25
WP3959	Target_Hypergeom	0.155	407.25
WP2643	Target_Hypergeom	0.092	407.25
WP3527	Target_Hypergeom	0.053	407.5
WP5102	Target_NonCentral	0.045	407.5
WP2875	Target_NonCentral	0.053	408.0
WP3972	Target_NonCentral	0.035	408.0
WP3893	Target_Hypergeom	0.191	408.0
WP3959	Target_NonCentral	0.063	408.0
WP2643	Target_NonCentral	0.008	408.0
WP2447	Target_Hypergeom	0.158	408.0
WP2875	Target_Hypergeom	0.097	408.0
WP4946	Target_NonCentral	0.05	408.25
WP2447	Target_NonCentral	0.019	408.25
WP4204	Target_NonCentral	0.043	408.5
WP4357	Target_Hypergeom	0.081	409.0
WP4969	Target_Hypergeom	0.16	409.0
WP3892	Target_Hypergeom	0.152	410.0
WP4329	Target_Hypergeom	0.132	410.5
WP3299	Target_Hypergeom	0.069	410.75
WP4767	Target_NonCentral	0.005	411.25
WP1528	Target_Hypergeom	0.141	411.25
WP4329	Target_NonCentral	0.077	411.5
WP4969	Target_NonCentral	0.051	411.5
WP4756	Target_NonCentral	0.032	411.5
WP4767	Target_Hypergeom	0.052	411.5
WP4357	Target_NonCentral	0.021	411.5
WP530	Target_Hypergeom	0.243	411.5
WP3893	Target_NonCentral	0.081	411.75
WP4864	Target_Hypergeom	0.163	412.25
WP1528	Target_NonCentral	0.017	412.5
WP4136	Target_Hypergeom	0.195	412.5
WP3299	Target_NonCentral	0.001	412.75
WP3414	Target_NonCentral	0.036	413.0
WP2583	Target_Hypergeom	0.1	413.25
WP4864	Target_NonCentral	0.045	413.75
WP4559	Target_Hypergeom	0.146	413.75
WP4861	Target_NonCentral	0.019	414.25
WP3865	Target_NonCentral	0.058	414.25
WP4559	Target_NonCentral	0.072	414.25
WP4560	Target_NonCentral	0.016	414.25
WP3865	Target_Hypergeom	0.106	414.5
WP3298	Target_NonCentral	0.049	414.5
WP4136	Target_NonCentral	0.075	415.0
WP4946	Target_Hypergeom	0.05	415.0
WP3298	Target_Hypergeom	0.08	415.0
WP4880	Target_NonCentral	0.03	415.0
WP3892	Target_NonCentral	0.018	415.0
WP3945	Target_NonCentral	0.039	415.0
WP2583	Target_NonCentral	0.029	415.0
WP4313	Target_Hypergeom	0.091	415.0
WP4880	Target_Hypergeom	0.091	415.0
WP453	Target_Hypergeom	0.201	415.0
WP530	Target_NonCentral	0.107	415.0
WP3668	Target_Hypergeom	0.082	415.25
WP4756	Target_Hypergeom	0.079	415.5
WP3414	Target_Hypergeom	0.082	415.5
WP4313	Target_NonCentral	0.021	415.5
WP2197	Target_NonCentral	0.024	415.5
WP2011	Target_Hypergeom	0.133	415.5
WP3591	Target_Hypergeom	0.068	415.75
WP3859	Target_Hypergeom	0.144	416.0
WP558	Target_NonCentral	0.062	416.0
WP3678	Target_Hypergeom	0.129	416.0
WP453	Target_NonCentral	0.062	416.25
WP3591	Target_NonCentral	0.023	416.25
WP4304	Target_NonCentral	0.024	416.5
WP558	Target_Hypergeom	0.11	416.5
WP4707	Target_Hypergeom	0.139	416.5
WP2865	Target_Hypergeom	0.193	416.5
WP2197	Target_Hypergeom	0.066	416.5
WP4304	Target_Hypergeom	0.104	416.5
WP3668	Target_NonCentral	0.015	416.5
WP5036	Target_NonCentral	0.037	416.75
WP5036	Target_Hypergeom	0.098	416.75
WP2881	Target_Hypergeom	0.142	416.75
WP3844	Target_NonCentral	0.037	417.0
WP2876	Target_NonCentral	0.051	417.25
WP3859	Target_NonCentral	0.03	417.25
WP4891	Target_Hypergeom	0.163	417.5
WP4206	Target_Hypergeom	0.13	417.5
WP619	Target_Hypergeom	0.155	417.5
WP4206	Target_NonCentral	0.028	417.5
WP3844	Target_Hypergeom	0.062	417.5
WP4758	Target_NonCentral	0.041	417.5
WP2876	Target_Hypergeom	0.098	418.0
WP2865	Target_NonCentral	0.055	418.5
WP3678	Target_NonCentral	0.023	418.5
WP4707	Target_NonCentral	0.001	418.5
WP4585	Target_Hypergeom	0.101	418.5
WP3925	Target_NonCentral	0.042	418.75
WP516	Target_Hypergeom	0.122	419.0
WP2507	Target_Hypergeom	0.126	419.0
WP2881	Target_NonCentral	0.034	419.0
WP2011	Target_NonCentral	0.061	419.0
WP4148	Target_NonCentral	0.081	419.0
WP4494	Target_Hypergeom	0.211	419.0
WP4861	Target_Hypergeom	0.036	419.0
WP716	Target_NonCentral	0.039	420.0
WP5103	Target_Hypergeom	0.081	420.0
WP4585	Target_NonCentral	0.023	420.0
WP4539	Target_NonCentral	0.071	420.0
WP2507	Target_NonCentral	0.03	420.0
WP727	Target_NonCentral	0.029	420.0
WP3945	Target_Hypergeom	0.034	420.25
WP4148	Target_Hypergeom	0.117	420.25
WP43	Target_NonCentral	0.092	420.25
WP516	Target_NonCentral	0.012	420.75
WP3878	Target_NonCentral	0.042	421.0
WP619	Target_NonCentral	0.062	421.0
WP4566	Target_NonCentral	0.025	421.0
WP4786	Target_NonCentral	0.028	421.0
WP727	Target_Hypergeom	0.082	421.0
WP430	Target_Hypergeom	0.161	421.0
WP4494	Target_NonCentral	0.086	421.75
WP4758	Target_Hypergeom	0.06	422.5
WP43	Target_Hypergeom	0.121	422.5
WP430	Target_NonCentral	0.127	422.75
WP5103	Target_NonCentral	0.01	422.75
WP3940	Target_NonCentral	0.013	423.25
WP3413	Target_Hypergeom	0.068	423.5
WP4493	Target_Hypergeom	0.144	424.0
WP129	Target_Hypergeom	0.154	424.0
WP3925	Target_Hypergeom	0.025	424.0
WP3851	Target_Hypergeom	0.141	424.0
WP4786	Target_Hypergeom	0.042	424.0
WP4484	Target_Hypergeom	0.186	424.0
WP4566	Target_Hypergeom	0.04	424.0
WP5046	Target_Hypergeom	0.133	424.0
WP4891	Target_NonCentral	0.074	424.0
WP167	Target_NonCentral	0.01	424.0
WP3413	Target_NonCentral	0.016	424.0
WP3613	Target_NonCentral	0.059	424.25
WP3878	Target_Hypergeom	0.069	424.25
WP716	Target_Hypergeom	0.044	424.25
WP3996	Target_NonCentral	0.04	424.25
WP3996	Target_Hypergeom	0.073	424.25
WP3982	Target_Hypergeom	0.138	424.5
WP3613	Target_Hypergeom	0.08	424.5
WP167	Target_Hypergeom	0.056	424.5
WP4495	Target_Hypergeom	0.144	424.5
WP3982	Target_NonCentral	0.049	424.5
WP129	Target_NonCentral	0.074	424.5
WP5046	Target_NonCentral	0.013	424.5
WP3851	Target_NonCentral	0.055	424.5
WP3927	Target_Hypergeom	0.066	424.5
WP3927	Target_NonCentral	0.016	424.75
WP581	Target_NonCentral	0.035	424.75
WP268	Target_NonCentral	0.051	424.75
WP4961	Target_Hypergeom	0.081	425.0
WP4961	Target_NonCentral	0.019	425.0
WP3596	Target_Hypergeom	0.2	425.75
WP581	Target_Hypergeom	0.08	425.75
WP4950	Target_NonCentral	0.054	425.75
WP4493	Target_NonCentral	0.071	426.0
WP4919	Target_Hypergeom	0.156	426.0
WP4484	Target_NonCentral	0.053	426.0
WP4539	Target_Hypergeom	0.067	426.25
WP3940	Target_Hypergeom	0.014	426.5
WP2035	Target_NonCentral	0.031	426.5
WP4919	Target_NonCentral	0.014	426.5
WP4719	Target_NonCentral	0.033	426.5
WP4719	Target_Hypergeom	0.082	426.5
WP3596	Target_NonCentral	0.007	426.75
WP4950	Target_Hypergeom	0.064	427.0
WP244	Target_NonCentral	0.033	427.0
WP2035	Target_Hypergeom	0.044	427.0
WP4399	Target_Hypergeom	0.224	427.0
WP268	Target_Hypergeom	0.07	427.0
WP4545	Target_NonCentral	0.071	427.0
WP262	Target_NonCentral	0.05	427.25
WP262	Target_Hypergeom	0.151	427.25
WP4542	Target_NonCentral	0.043	428.0
WP4545	Target_Hypergeom	0.107	428.0
WP4522	Target_Hypergeom	0.154	428.0
WP2509	Target_Hypergeom	0.029	428.0
WP4399	Target_NonCentral	0.002	428.0
WP4495	Target_NonCentral	0.021	428.0
WP4337	Target_Hypergeom	0.096	428.0
WP1584	Target_NonCentral	0.06	428.25
WP4917	Target_NonCentral	0.04	428.25
WP5063	Target_Hypergeom	0.155	428.5
WP3	Target_Hypergeom	0.072	428.5
WP4542	Target_Hypergeom	0.047	428.5
WP4718	Target_NonCentral	0.081	428.5
WP2509	Target_NonCentral	0.011	428.5
WP3	Target_NonCentral	0.027	428.75
WP1471	Target_NonCentral	0.031	428.75
WP4337	Target_NonCentral	0.027	428.75
WP4320	Target_NonCentral	0.025	429.0
WP1584	Target_Hypergeom	0.077	429.0
WP1471	Target_Hypergeom	0.031	429.0
WP534	Target_NonCentral	0.076	429.0
WP4522	Target_NonCentral	0.117	429.0
WP455	Target_NonCentral	0.015	429.0
WP4320	Target_Hypergeom	0.046	429.0
WP244	Target_Hypergeom	0.036	429.0
WP4211	Target_Hypergeom	0.107	429.25
WP4211	Target_NonCentral	0.04	429.5
WP4478	Target_Hypergeom	0.165	429.5
WP5114	Target_NonCentral	0.04	430.0
WP5111	Target_Hypergeom	0.105	430.0
WP534	Target_Hypergeom	0.085	430.0
WP4462	Target_Hypergeom	0.122	430.25
WP4655	Target_NonCentral	0.066	430.25
WP4478	Target_NonCentral	0.078	430.5
WP4884	Target_Hypergeom	0.121	430.5
WP4718	Target_Hypergeom	0.086	430.5
WP4655	Target_Hypergeom	0.088	430.5
WP4884	Target_NonCentral	0.065	430.5
WP5111	Target_NonCentral	0.083	430.5
WP5063	Target_NonCentral	0.041	430.5
WP4842	Target_NonCentral	0.044	431.0
WP2289	Target_Hypergeom	0.113	431.25
WP3664	Target_NonCentral	0.008	431.25
WP2289	Target_NonCentral	0.053	431.25
WP3664	Target_Hypergeom	0.035	431.25
WP4462	Target_NonCentral	0.081	431.5
WP2855	Target_Hypergeom	0.055	431.5
WP2855	Target_NonCentral	0.045	431.5
WP4875	Target_NonCentral	0.061	431.75
WP4480	Target_Hypergeom	0.16	431.75
WP5049	Target_Hypergeom	0.078	432.0
WP4842	Target_Hypergeom	0.045	432.0
WP5049	Target_NonCentral	0.019	432.25
WP4480	Target_NonCentral	0.032	432.25
WP3947	Target_Hypergeom	0.058	432.25
WP3935	Target_Hypergeom	0.09	432.5
WP272	Target_Hypergeom	0.073	432.5
WP5114	Target_Hypergeom	0.039	432.5
WP3935	Target_NonCentral	0.04	432.5
WP272	Target_NonCentral	0.021	432.5
WP3947	Target_NonCentral	0.011	432.5
WP4875	Target_Hypergeom	0.065	432.75
WP3845	Target_NonCentral	0.044	433.0
WP2023	Target_NonCentral	0.035	433.0
WP4838	Target_NonCentral	0.046	433.25
WP4838	Target_Hypergeom	0.062	433.25
WP4917	Target_Hypergeom	0.044	433.25
WP3670	Target_Hypergeom	0.041	433.5
WP3670	Target_NonCentral	0.02	433.5
WP3877	Target_NonCentral	0.01	433.5
WP3967	Target_NonCentral	0.037	433.5
WP3845	Target_Hypergeom	0.044	433.5
WP3967	Target_Hypergeom	0.052	433.5
WP4222	Target_NonCentral	0.034	433.75
WP12	Target_NonCentral	0.04	434.0
WP524	Target_NonCentral	0.043	434.0
WP322	Target_Hypergeom	0.1	434.0
WP4523	Target_Hypergeom	0.131	434.0
WP455	Target_Hypergeom	0.0	434.0
WP322	Target_NonCentral	0.048	434.0
WP12	Target_Hypergeom	0.078	434.0
WP4290	Target_NonCentral	0.064	434.25
WP4971	Target_NonCentral	0.049	434.25
WP24	Target_NonCentral	0.025	434.25
WP2895	Target_Hypergeom	0.013	434.5
WP5110	Target_Hypergeom	0.139	434.5
WP2895	Target_NonCentral	0.007	434.5
WP465	Target_NonCentral	0.043	434.75
WP3877	Target_Hypergeom	0.048	434.75
WP4191	Target_Hypergeom	0.14	434.75
WP1559	Target_NonCentral	0.01	434.75
WP5110	Target_NonCentral	0.096	434.75
WP1559	Target_Hypergeom	0.052	434.75
WP4829	Target_NonCentral	0.029	435.0
WP4523	Target_NonCentral	0.047	435.0
WP4558	Target_NonCentral	0.033	435.0
WP2636	Target_NonCentral	0.015	435.0
WP5066	Target_NonCentral	0.063	435.0
WP3630	Target_NonCentral	0.026	435.25
WP410	Target_NonCentral	0.052	435.25
WP3630	Target_Hypergeom	0.096	435.25
WP3943	Target_Hypergeom	0.118	435.25
WP3943	Target_NonCentral	0.007	435.75
WP3944	Target_Hypergeom	0.063	435.75
WP3937	Target_NonCentral	0.042	436.0
WP1601	Target_Hypergeom	0.071	436.0
WP4558	Target_Hypergeom	0.052	436.0
WP3944	Target_NonCentral	0.01	436.0
WP1601	Target_NonCentral	0.042	436.0
WP4191	Target_NonCentral	0.012	436.0
WP2023	Target_Hypergeom	0.029	436.25
WP465	Target_Hypergeom	0.062	436.25
WP524	Target_Hypergeom	0.041	436.5
WP4586	Target_Hypergeom	0.101	436.5
WP5066	Target_Hypergeom	0.09	436.5
WP2112	Target_NonCentral	0.038	436.5
WP4586	Target_NonCentral	0.017	436.5
WP4829	Target_Hypergeom	0.023	436.75
WP2879	Target_Hypergeom	0.066	437.0
WP5109	Target_Hypergeom	0.124	437.0
WP3593	Target_Hypergeom	0.131	437.0
WP384	Target_Hypergeom	0.086	437.0
WP3601	Target_Hypergeom	0.142	437.0
WP2874	Target_Hypergeom	0.135	437.0
WP2911	Target_NonCentral	0.016	437.0
WP384	Target_NonCentral	0.044	437.0
WP1433	Target_NonCentral	0.055	437.0
WP1434	Target_NonCentral	0.048	437.0
WP2874	Target_NonCentral	0.075	437.0
WP2879	Target_NonCentral	0.053	437.0
WP5109	Target_NonCentral	0.087	437.0
WP1434	Target_Hypergeom	0.117	437.0
WP3601	Target_NonCentral	0.085	437.25
WP3937	Target_Hypergeom	0.041	437.5
WP4222	Target_Hypergeom	0.027	437.5
WP2112	Target_Hypergeom	0.073	437.5
WP3593	Target_NonCentral	0.02	437.5
WP1438	Target_Hypergeom	0.192	437.5
WP4803	Target_NonCentral	0.02	437.5
WP1438	Target_NonCentral	0.0	437.5
WP3874	Target_NonCentral	0.006	437.5
WP3874	Target_Hypergeom	0.037	437.75
WP2636	Target_Hypergeom	0.015	438.0
WP4290	Target_Hypergeom	0.059	438.0
WP1991	Target_NonCentral	0.009	438.0
WP5065	Target_NonCentral	0.001	438.0
WP1433	Target_Hypergeom	0.057	438.0
WP5065	Target_Hypergeom	0.147	438.0
WP1991	Target_Hypergeom	0.056	438.0
WP4971	Target_Hypergeom	0.042	438.0
WP3301	Target_Hypergeom	0.048	438.25
WP183	Target_NonCentral	0.009	438.5
WP5117	Target_NonCentral	0.043	438.5
WP3965	Target_NonCentral	0.026	438.5
WP734	Target_NonCentral	0.016	438.5
WP4752	Target_NonCentral	0.057	438.5
WP5101	Target_NonCentral	0.007	438.5
WP3301	Target_NonCentral	0.009	438.5
WP410	Target_Hypergeom	0.049	438.5
WP554	Target_Hypergeom	0.085	438.5
WP4942	Target_Hypergeom	0.017	438.5
WP24	Target_Hypergeom	0.004	438.5
WP2868	Target_Hypergeom	0.128	438.5
WP4752	Target_Hypergeom	0.067	438.5
WP3965	Target_Hypergeom	0.033	438.5
WP2868	Target_NonCentral	0.001	438.5
WP4942	Target_NonCentral	0.009	438.5
WP554	Target_NonCentral	0.036	438.5
WP5101	Target_Hypergeom	0.012	438.75
WP734	Target_Hypergeom	0.023	439.0
WP3858	Target_NonCentral	0.031	439.0
WP422	Target_NonCentral	0.011	439.0
WP117	Target_NonCentral	0.012	439.0
WP4830	Target_NonCentral	0.056	439.25
WP2911	Target_Hypergeom	0.015	439.25
WP1604	Target_Hypergeom	0.064	439.25
WP383	Target_NonCentral	0.032	439.25
WP1604	Target_NonCentral	0.037	439.5
WP2513	Target_NonCentral	0.023	439.5
WP2525	Target_NonCentral	0.04	439.5
WP3676	Target_NonCentral	0.025	439.5
WP4803	Target_Hypergeom	0.004	439.5
WP2525	Target_Hypergeom	0.047	439.5
WP1946	Target_Hypergeom	0.049	439.75
WP1946	Target_NonCentral	0.03	439.75
WP5117	Target_Hypergeom	0.049	439.75
WP2513	Target_Hypergeom	0.044	440.0
WP4147	Target_Hypergeom	0.065	440.0
WP4147	Target_NonCentral	0.028	440.0
WP466	Target_NonCentral	0.044	440.25
WP3890	Target_Hypergeom	0.129	440.25
WP5108	Target_NonCentral	0.098	440.75
WP5112	Target_NonCentral	0.085	440.75
WP183	Target_Hypergeom	0.007	440.75
WP5112	Target_Hypergeom	0.106	440.75
WP466	Target_Hypergeom	0.054	440.75
WP5108	Target_Hypergeom	0.121	440.75
WP1992	Target_NonCentral	0.01	441.0
WP3656	Target_NonCentral	0.012	441.0
WP4288	Target_NonCentral	0.008	441.0
WP5033	Target_NonCentral	0.052	441.0
WP4479	Target_NonCentral	0.023	441.0
WP5038	Target_NonCentral	0.026	441.0
WP3890	Target_NonCentral	0.016	441.0
WP383	Target_Hypergeom	0.033	441.0
WP5033	Target_Hypergeom	0.082	441.0
WP3297	Target_Hypergeom	0.1	441.0
WP3407	Target_NonCentral	0.017	441.0
WP3858	Target_Hypergeom	0.052	441.0
WP1992	Target_Hypergeom	0.033	441.0
WP4288	Target_Hypergeom	0.008	441.0
WP3407	Target_Hypergeom	0.12	441.0
WP4479	Target_Hypergeom	0.104	441.0
WP3656	Target_Hypergeom	0.059	441.0
WP422	Target_Hypergeom	0.012	441.25
WP5038	Target_Hypergeom	0.035	441.25
WP4150	Target_NonCentral	0.021	441.25
WP4022	Target_NonCentral	0.044	441.5
WP3853	Target_NonCentral	0.022	441.5
WP3853	Target_Hypergeom	0.054	441.5
WP4595	Target_NonCentral	0.002	441.5
WP26	Target_NonCentral	0.011	441.5
WP4872	Target_Hypergeom	0.042	441.5
WP4830	Target_Hypergeom	0.06	441.5
WP3676	Target_Hypergeom	0.02	441.5
WP26	Target_Hypergeom	0.007	441.5
WP4872	Target_NonCentral	0.05	441.5
WP2029	Target_NonCentral	0.019	441.5
WP3297	Target_NonCentral	0.041	441.75
WP500	Target_NonCentral	0.019	441.75
WP117	Target_Hypergeom	0.005	442.0
WP5120	Target_Hypergeom	0.084	442.0
WP53	Target_Hypergeom	0.079	442.0
WP4595	Target_Hypergeom	0.017	442.0
WP4389	Target_Hypergeom	0.046	442.0
WP4389	Target_NonCentral	0.021	442.0
WP5120	Target_NonCentral	0.033	442.0
WP4760	Target_Hypergeom	0.042	442.0
WP4524	Target_Hypergeom	0.062	442.0
WP4186	Target_Hypergeom	0.128	442.0
WP4760	Target_NonCentral	0.031	442.0
WP4524	Target_NonCentral	0.029	442.0
WP5064	Target_NonCentral	0.034	442.0
WP4656	Target_NonCentral	0.02	442.0
WP53	Target_NonCentral	0.05	442.0
WP4582	Target_NonCentral	0.026	442.25
WP4342	Target_NonCentral	0.027	442.5
WP4186	Target_NonCentral	0.018	442.5
WP2029	Target_Hypergeom	0.014	442.5
WP4342	Target_Hypergeom	0.151	442.5
WP500	Target_Hypergeom	0.014	442.5
WP4582	Target_Hypergeom	0.036	442.75
WP1455	Target_Hypergeom	0.044	443.0
WP4876	Target_Hypergeom	0.086	443.0
WP1455	Target_NonCentral	0.014	443.0
WP4876	Target_NonCentral	0.016	443.0
WP1531	Target_NonCentral	0.023	443.25
WP2456	Target_NonCentral	0.024	443.25
WP2456	Target_Hypergeom	0.091	443.25
WP1531	Target_Hypergeom	0.052	443.25
WP1995	Target_Hypergeom	0.099	443.25
WP4022	Target_Hypergeom	0.032	443.25
WP5050	Target_NonCentral	0.0	443.5
WP4962	Target_NonCentral	0.021	443.5
WP4856	Target_NonCentral	0.026	443.5
WP4753	Target_NonCentral	0.042	443.5
WP4197	Target_Hypergeom	0.046	443.5
WP5064	Target_Hypergeom	0.034	443.5
WP4577	Target_NonCentral	0.008	443.5
WP5050	Target_Hypergeom	0.049	443.5
WP4150	Target_Hypergeom	0.019	443.5
WP4962	Target_Hypergeom	0.021	443.5
WP4197	Target_NonCentral	0.038	443.5
WP4753	Target_Hypergeom	0.042	443.75
WP3869	Target_NonCentral	0.023	443.75
WP2267	Target_NonCentral	0.045	443.75
WP4553	Target_NonCentral	0.017	443.75
WP732	Target_NonCentral	0.002	443.75
WP1995	Target_NonCentral	0.009	443.75
WP732	Target_Hypergeom	0.003	444.0
WP4284	Target_Hypergeom	0.072	444.0
WP4146	Target_NonCentral	0.043	444.0
WP3869	Target_Hypergeom	0.019	444.0
WP4146	Target_Hypergeom	0.062	444.0
WP4868	Target_NonCentral	0.045	444.0
WP4284	Target_NonCentral	0.0	444.0
WP3971	Target_NonCentral	0.022	444.0
WP241	Target_NonCentral	0.036	444.5
WP691	Target_NonCentral	0.058	444.5
WP2371	Target_NonCentral	0.007	444.5
WP3679	Target_NonCentral	0.012	444.5
WP229	Target_NonCentral	0.037	444.5
WP4814	Target_NonCentral	0.032	444.5
WP229	Target_Hypergeom	0.042	444.5
WP4814	Target_Hypergeom	0.056	444.5
WP3679	Target_Hypergeom	0.034	444.5
WP697	Target_Hypergeom	0.067	444.5
WP241	Target_Hypergeom	0.036	444.5
WP697	Target_NonCentral	0.054	444.5
WP4577	Target_Hypergeom	0.005	444.75
WP691	Target_Hypergeom	0.058	444.75
WP22	Target_NonCentral	0.01	445.0
WP4856	Target_Hypergeom	0.026	445.0
WP2361	Target_NonCentral	0.038	445.25
WP2361	Target_Hypergeom	0.038	445.25
WP4537	Target_NonCentral	0.021	445.25
WP3971	Target_Hypergeom	0.019	445.5
WP4537	Target_Hypergeom	0.021	445.5
WP22	Target_Hypergeom	0.011	445.5
WP2267	Target_Hypergeom	0.03	445.5
WP4868	Target_Hypergeom	0.046	445.5
WP391	Target_NonCentral	0.036	445.75
WP4553	Target_Hypergeom	0.017	445.75
WP4947	Target_NonCentral	0.008	446.0
WP4947	Target_Hypergeom	0.042	446.0
WP4846	Target_NonCentral	0.019	446.25
WP391	Target_Hypergeom	0.033	446.25
WP4846	Target_Hypergeom	0.024	446.25
WP143	Target_NonCentral	0.022	446.5
WP4656	Target_Hypergeom	0.008	446.5
WP2359	Target_NonCentral	0.03	446.5
WP3849	Target_NonCentral	0.015	446.5
WP4721	Target_NonCentral	0.032	446.5
WP4873	Target_Hypergeom	0.066	446.5
WP2453	Target_NonCentral	0.007	446.5
WP186	Target_NonCentral	0.049	446.5
WP4873	Target_NonCentral	0.032	446.5
WP2453	Target_Hypergeom	0.005	446.5
WP3300	Target_Hypergeom	0.065	446.75
WP4923	Target_NonCentral	0.008	446.75
WP3879	Target_NonCentral	0.017	446.75
WP3300	Target_NonCentral	0.002	446.75
WP4269	Target_NonCentral	0.017	446.75
WP4269	Target_Hypergeom	0.028	446.75
WP2359	Target_Hypergeom	0.009	447.0
WP2436	Target_Hypergeom	0.029	447.0
WP2436	Target_NonCentral	0.027	447.0
WP3879	Target_Hypergeom	0.021	447.25
WP4721	Target_Hypergeom	0.017	447.25
WP186	Target_Hypergeom	0.052	447.5
WP4562	Target_Hypergeom	0.07	447.5
WP3849	Target_Hypergeom	0.036	447.5
WP4562	Target_NonCentral	0.018	447.5
WP4720	Target_NonCentral	0.017	447.5
WP4720	Target_Hypergeom	0.049	447.5
WP411	Target_NonCentral	0.029	447.75
WP47	Target_Hypergeom	0.03	447.75
WP47	Target_NonCentral	0.036	447.75
WP2371	Target_Hypergeom	0.006	448.0
WP4905	Target_NonCentral	0.012	448.0
WP4912	Target_NonCentral	0.023	448.0
WP143	Target_Hypergeom	0.021	448.0
WP288	Target_Hypergeom	0.053	448.25
WP531	Target_NonCentral	0.04	448.25
WP288	Target_NonCentral	0.032	448.25
WP3926	Target_NonCentral	0.037	448.5
WP5052	Target_NonCentral	0.032	448.5
WP698	Target_NonCentral	0.039	448.5
WP4224	Target_NonCentral	0.021	448.5
WP411	Target_Hypergeom	0.007	448.5
WP325	Target_NonCentral	0.014	448.5
WP4923	Target_Hypergeom	0.004	448.5
WP325	Target_Hypergeom	0.014	448.5
WP531	Target_Hypergeom	0.04	448.5
WP4905	Target_Hypergeom	0.011	448.5
WP5052	Target_Hypergeom	0.029	448.5
WP3926	Target_Hypergeom	0.044	448.5
WP206	Target_Hypergeom	0.051	448.75
WP206	Target_NonCentral	0.051	448.75
WP357	Target_NonCentral	0.023	448.75
WP4533	Target_NonCentral	0.013	448.75
WP4224	Target_Hypergeom	0.016	448.75
WP3674	Target_Hypergeom	0.05	449.0
WP3635	Target_NonCentral	0.041	449.0
WP3634	Target_Hypergeom	0.056	449.0
WP4533	Target_Hypergeom	0.011	449.0
WP3635	Target_Hypergeom	0.056	449.0
WP696	Target_Hypergeom	0.085	449.0
WP696	Target_NonCentral	0.053	449.0
WP3634	Target_NonCentral	0.041	449.0
WP3674	Target_NonCentral	0.01	449.0
WP698	Target_Hypergeom	0.038	449.25
WP4788	Target_NonCentral	0.001	449.25
WP4724	Target_NonCentral	0.047	449.75
WP4724	Target_Hypergeom	0.048	449.75
WP5118	Target_NonCentral	0.019	450.0
WP107	Target_NonCentral	0.032	450.0
WP5118	Target_Hypergeom	0.029	450.0
WP357	Target_Hypergeom	0.021	450.0
WP4788	Target_Hypergeom	0.002	450.25
WP4912	Target_Hypergeom	0.021	450.25
WP3930	Target_Hypergeom	0.016	450.5
WP3930	Target_NonCentral	0.027	450.5
WP3876	Target_NonCentral	0.043	450.5
WP3876	Target_Hypergeom	0.04	450.5
WP4883	Target_Hypergeom	0.029	450.75
WP4883	Target_NonCentral	0.02	450.75
WP4723	Target_Hypergeom	0.038	451.0
WP4723	Target_NonCentral	0.04	451.0
WP3644	Target_Hypergeom	0.012	451.25
WP3644	Target_NonCentral	0.022	451.25
WP4629	Target_Hypergeom	0.055	451.25
WP111	Target_NonCentral	0.01	451.25
WP4629	Target_NonCentral	0.045	451.25
WP5104	Target_Hypergeom	0.013	451.5
WP1424	Target_NonCentral	0.03	451.5
WP5074	Target_NonCentral	0.012	451.5
WP3580	Target_Hypergeom	0.016	451.5
WP1424	Target_Hypergeom	0.03	451.5
WP5074	Target_Hypergeom	0.002	451.5
WP3580	Target_NonCentral	0.025	451.5
WP5104	Target_NonCentral	0.007	451.5
WP699	Target_Hypergeom	0.052	452.0
WP699	Target_NonCentral	0.042	452.0
WP4722	Target_NonCentral	0.005	452.0
WP4722	Target_Hypergeom	0.004	452.0
WP4225	Target_NonCentral	0.044	452.25
WP3924	Target_NonCentral	0.005	452.5
WP111	Target_Hypergeom	0.0	452.5
WP3924	Target_Hypergeom	0.029	452.5
WP107	Target_Hypergeom	0.015	453.0
WP4190	Target_Hypergeom	0.029	453.0
WP2854	Target_Hypergeom	0.007	453.0
WP4225	Target_Hypergeom	0.042	453.0
WP4725	Target_Hypergeom	0.005	453.0
WP4584	Target_Hypergeom	0.033	453.0
WP4726	Target_NonCentral	0.011	453.0
WP2854	Target_NonCentral	0.016	453.0
WP2369	Target_NonCentral	0.018	453.0
WP4584	Target_NonCentral	0.033	453.0
WP4725	Target_NonCentral	0.011	453.0
WP100	Target_NonCentral	0.016	453.0
WP4190	Target_NonCentral	0.037	453.0
WP404	Target_NonCentral	0.043	453.0
WP4726	Target_Hypergeom	0.005	453.0
WP3645	Target_NonCentral	0.007	453.25
WP1422	Target_NonCentral	0.012	453.5
WP528	Target_Hypergeom	0.025	453.5
WP3958	Target_NonCentral	0.014	453.5
WP3645	Target_Hypergeom	0.002	453.5
WP4030	Target_NonCentral	0.025	453.5
WP5116	Target_Hypergeom	0.017	453.5
WP404	Target_Hypergeom	0.042	453.5
WP3958	Target_Hypergeom	0.014	453.5
WP4030	Target_Hypergeom	0.023	453.5
WP3938	Target_NonCentral	0.03	453.5
WP497	Target_NonCentral	0.019	453.5
WP100	Target_Hypergeom	0.011	453.5
WP2916	Target_Hypergeom	0.002	453.5
WP3938	Target_Hypergeom	0.074	453.5
WP4259	Target_NonCentral	0.028	453.5
WP5116	Target_NonCentral	0.016	453.5
WP2916	Target_NonCentral	0.007	453.5
WP528	Target_NonCentral	0.029	453.5
WP405	Target_NonCentral	0.0	453.75
WP4900	Target_NonCentral	0.003	453.75
WP4240	Target_NonCentral	0.025	454.0
WP3891	Target_Hypergeom	0.035	454.25
WP3891	Target_NonCentral	0.03	454.25
WP2007	Target_NonCentral	0.046	454.5
WP704	Target_Hypergeom	0.019	454.5
WP704	Target_NonCentral	0.018	454.5
WP4705	Target_NonCentral	0.026	454.5
WP477	Target_NonCentral	0.017	454.5
WP2646	Target_NonCentral	0.044	454.5
WP1422	Target_Hypergeom	0.007	454.5
WP247	Target_NonCentral	0.005	454.5
WP4900	Target_Hypergeom	0.0	454.5
WP2646	Target_Hypergeom	0.072	454.5
WP497	Target_Hypergeom	0.009	454.5
WP4705	Target_Hypergeom	0.023	454.5
WP550	Target_NonCentral	0.025	454.5
WP4259	Target_Hypergeom	0.028	454.5
WP2007	Target_Hypergeom	0.029	454.5
WP247	Target_Hypergeom	0.002	454.75
WP501	Target_Hypergeom	0.014	454.75
WP501	Target_NonCentral	0.018	454.75
WP5061	Target_NonCentral	0.026	455.25
WP496	Target_NonCentral	0.032	455.25
WP1981	Target_NonCentral	0.051	455.25
WP1981	Target_Hypergeom	0.054	455.25
WP5061	Target_Hypergeom	0.023	455.25
WP4240	Target_Hypergeom	0.028	455.25
WP496	Target_Hypergeom	0.046	455.25
WP3408	Target_NonCentral	0.026	455.5
WP550	Target_Hypergeom	0.02	455.5
WP3655	Target_NonCentral	0.019	455.5
WP678	Target_NonCentral	0.015	455.5
WP197	Target_NonCentral	0.037	455.5
WP1425	Target_NonCentral	0.018	455.5
WP2846	Target_NonCentral	0.026	455.5
WP4688	Target_NonCentral	0.022	455.5
WP1425	Target_Hypergeom	0.016	455.5
WP4688	Target_Hypergeom	0.032	455.5
WP197	Target_Hypergeom	0.035	455.5
WP3408	Target_Hypergeom	0.07	455.5
WP3655	Target_Hypergeom	0.019	455.5
WP678	Target_Hypergeom	0.015	455.5
WP477	Target_Hypergeom	0.009	455.5
WP2846	Target_Hypergeom	0.07	455.5
WP1589	Target_Hypergeom	0.033	456.0
WP1589	Target_NonCentral	0.036	456.0
WP2533	Target_NonCentral	0.003	456.25
WP733	Target_NonCentral	0.028	456.25
WP733	Target_Hypergeom	0.049	456.25
WP4299	Target_Hypergeom	0.063	456.25
WP2369	Target_Hypergeom	0.007	456.25
WP4299	Target_NonCentral	0.005	456.25
WP334	Target_Hypergeom	0.009	456.5
WP3934	Target_NonCentral	0.04	456.5
WP368	Target_Hypergeom	0.009	456.5
WP2366	Target_Hypergeom	0.066	456.5
WP405	Target_Hypergeom	0.0	456.5
WP2533	Target_Hypergeom	0.002	456.5
WP2333	Target_Hypergeom	0.028	456.5
WP334	Target_NonCentral	0.01	456.5
WP1602	Target_Hypergeom	0.003	456.5
WP2366	Target_NonCentral	0.038	456.5
WP1602	Target_NonCentral	0.014	456.5
WP2333	Target_NonCentral	0.039	456.5
WP3934	Target_Hypergeom	0.022	456.5
WP368	Target_NonCentral	0.012	456.5
WP4504	Target_NonCentral	0.016	456.75
WP2816	Target_Hypergeom	0.057	457.0
WP2253	Target_Hypergeom	0.053	457.0
WP4504	Target_Hypergeom	0.01	457.0
WP2826	Target_Hypergeom	0.051	457.0
WP4784	Target_Hypergeom	0.0	457.0
WP4174	Target_Hypergeom	0.059	457.0
WP4904	Target_Hypergeom	0.03	457.0
WP2536	Target_Hypergeom	0.064	457.0
WP4301	Target_NonCentral	0.012	457.0
WP3963	Target_Hypergeom	0.046	457.0
WP2816	Target_NonCentral	0.028	457.0
WP3963	Target_NonCentral	0.049	457.0
WP4174	Target_NonCentral	0.035	457.0
WP4904	Target_NonCentral	0.032	457.0
WP4536	Target_NonCentral	0.009	457.0
WP4784	Target_NonCentral	0.004	457.0
WP2826	Target_NonCentral	0.031	457.0
WP4142	Target_NonCentral	0.016	457.0
WP2536	Target_NonCentral	0.031	457.0
WP2253	Target_NonCentral	0.055	457.0
WP623	Target_NonCentral	0.007	457.0
WP2113	Target_Hypergeom	0.035	457.25
WP2113	Target_NonCentral	0.052	457.25
WP1423	Target_NonCentral	0.015	457.25
WP4940	Target_NonCentral	0.02	457.5
WP2942	Target_NonCentral	0.013	457.5
WP4583	Target_NonCentral	0.005	457.5
WP2942	Target_Hypergeom	0.01	457.5
WP1423	Target_Hypergeom	0.009	457.5
WP4301	Target_Hypergeom	0.001	457.5
WP438	Target_Hypergeom	0.015	457.5
WP2290	Target_Hypergeom	0.001	457.5
WP4940	Target_Hypergeom	0.011	457.5
WP4583	Target_Hypergeom	0.0	457.5
WP2290	Target_NonCentral	0.013	457.5
WP438	Target_NonCentral	0.031	457.5
WP4220	Target_Hypergeom	0.021	457.75
WP4297	Target_NonCentral	0.012	457.75
WP694	Target_Hypergeom	0.02	457.75
WP4142	Target_Hypergeom	0.004	457.75
WP694	Target_NonCentral	0.034	457.75
WP4297	Target_Hypergeom	0.005	457.75
WP4220	Target_NonCentral	0.021	457.75
WP106	Target_NonCentral	0.017	458.0
WP2596	Target_NonCentral	0.012	458.0
WP2291	Target_NonCentral	0.011	458.0
WP5089	Target_NonCentral	0.016	458.0
WP4799	Target_NonCentral	0.018	458.0
WP1603	Target_NonCentral	0.047	458.0
WP3933	Target_NonCentral	0.034	458.0
WP2542	Target_NonCentral	0.027	458.0
WP106	Target_Hypergeom	0.007	458.0
WP2291	Target_Hypergeom	0.002	458.0
WP4292	Target_Hypergeom	0.006	458.0
WP5089	Target_Hypergeom	0.009	458.0
WP3933	Target_Hypergeom	0.013	458.0
WP2596	Target_Hypergeom	0.005	458.0
WP4536	Target_Hypergeom	0.005	458.0
WP2542	Target_Hypergeom	0.023	458.0
WP4799	Target_Hypergeom	0.014	458.0
WP1603	Target_Hypergeom	0.048	458.0
WP4292	Target_NonCentral	0.017	458.0
WP4159	Target_NonCentral	0.001	458.25
WP4922	Target_Hypergeom	0.0	458.5
WP5076	Target_Hypergeom	0.031	458.5
WP4742	Target_Hypergeom	0.008	458.5
WP545	Target_Hypergeom	0.0	458.5
WP4271	Target_NonCentral	0.018	458.5
WP4792	Target_NonCentral	0.01	458.5
WP4863	Target_NonCentral	0.015	458.5
WP5027	Target_NonCentral	0.006	458.5
WP4922	Target_NonCentral	0.01	458.5
WP5076	Target_NonCentral	0.033	458.5
WP5119	Target_NonCentral	0.018	458.5
WP5027	Target_Hypergeom	0.001	458.5
WP5119	Target_Hypergeom	0.011	458.5
WP4271	Target_Hypergeom	0.005	458.5
WP4792	Target_Hypergeom	0.004	458.5
WP623	Target_Hypergeom	0.0	458.5
WP4927	Target_Hypergeom	0.005	458.5
WP4742	Target_NonCentral	0.014	458.5
WP4927	Target_NonCentral	0.011	458.5
WP545	Target_NonCentral	0.004	458.5
WP1600	Target_NonCentral	0.02	458.5
WP4863	Target_Hypergeom	0.011	458.5
WP1600	Target_Hypergeom	0.016	458.5
WP692	Target_Hypergeom	0.005	458.75
WP3585	Target_Hypergeom	0.029	458.75
WP692	Target_NonCentral	0.012	458.75
WP3585	Target_NonCentral	0.036	458.75
WP4589	Target_NonCentral	0.031	458.75
WP3633	Target_NonCentral	0.03	459.0
WP3871	Target_NonCentral	0.014	459.0
WP4571	Target_Hypergeom	0.005	459.0
WP3633	Target_Hypergeom	0.024	459.0
WP3871	Target_Hypergeom	0.008	459.0
WP4571	Target_NonCentral	0.005	459.0
WP4589	Target_Hypergeom	0.004	459.0
WP4818	Target_NonCentral	0.021	459.25
WP4159	Target_Hypergeom	0.001	459.25
WP4818	Target_Hypergeom	0.013	459.25
WP3529	Target_NonCentral	0.003	459.5
WP4815	Target_NonCentral	0.007	459.5
WP4785	Target_NonCentral	0.022	459.5
WP2276	Target_NonCentral	0.015	459.5
WP80	Target_NonCentral	0.009	459.5
WP4853	Target_NonCentral	0.025	459.5
WP1941	Target_NonCentral	0.019	459.5
WP4751	Target_NonCentral	0.024	459.5
WP80	Target_Hypergeom	0.006	459.5
WP2943	Target_NonCentral	0.024	459.5
WP2943	Target_Hypergeom	0.024	459.5
WP4815	Target_Hypergeom	0.001	459.5
WP4751	Target_Hypergeom	0.024	459.5
WP2276	Target_Hypergeom	0.009	459.5
WP2491	Target_NonCentral	0.024	459.5
WP2491	Target_Hypergeom	0.01	459.5
WP4785	Target_Hypergeom	0.004	459.5
WP1941	Target_Hypergeom	0.017	459.5
WP4853	Target_Hypergeom	0.021	459.5
WP4804	Target_Hypergeom	0.023	459.5
WP3529	Target_Hypergeom	0.0	459.5
WP4804	Target_NonCentral	0.028	459.5
WP4518	Target_Hypergeom	0.026	459.75
WP4966	Target_NonCentral	0.032	459.75
WP561	Target_Hypergeom	0.027	459.75
WP561	Target_NonCentral	0.032	459.75
WP4966	Target_Hypergeom	0.027	459.75
WP4518	Target_NonCentral	0.029	459.75
WP2805	Target_NonCentral	0.009	460.0
WP2338	Target_NonCentral	0.009	460.0
WP690	Target_NonCentral	0.021	460.0
WP78	Target_NonCentral	0.008	460.0
WP690	Target_Hypergeom	0.011	460.0
WP78	Target_Hypergeom	0.0	460.0
WP2338	Target_Hypergeom	0.003	460.0
WP2805	Target_Hypergeom	0.003	460.0
WP58	Target_Hypergeom	0.011	460.25
WP4210	Target_Hypergeom	0.0	460.25
WP5037	Target_Hypergeom	0.003	460.25
WP136	Target_Hypergeom	0.008	460.25
WP58	Target_NonCentral	0.012	460.25
WP4210	Target_NonCentral	0.002	460.25
WP4324	Target_NonCentral	0.004	460.25
WP5037	Target_NonCentral	0.01	460.25
WP136	Target_NonCentral	0.016	460.25
WP4189	Target_NonCentral	0.035	460.5
WP4789	Target_Hypergeom	0.013	460.5
WP4189	Target_Hypergeom	0.035	460.5
WP4521	Target_Hypergeom	0.0	460.5
WP2889	Target_Hypergeom	0.005	460.5
WP4507	Target_Hypergeom	0.0	460.5
WP4661	Target_Hypergeom	0.016	460.5
WP311	Target_Hypergeom	0.006	460.5
WP1495	Target_Hypergeom	0.02	460.5
WP1495	Target_NonCentral	0.02	460.5
WP3595	Target_NonCentral	0.023	460.5
WP5031	Target_NonCentral	0.026	460.5
WP3875	Target_Hypergeom	0.008	460.5
WP4661	Target_NonCentral	0.02	460.5
WP3595	Target_Hypergeom	0.016	460.5
WP4324	Target_Hypergeom	0.004	460.5
WP2597	Target_Hypergeom	0.006	460.5
WP661	Target_Hypergeom	0.034	460.5
WP2889	Target_NonCentral	0.014	460.5
WP4507	Target_NonCentral	0.0	460.5
WP661	Target_NonCentral	0.033	460.5
WP4521	Target_NonCentral	0.003	460.5
WP311	Target_NonCentral	0.008	460.5
WP3875	Target_NonCentral	0.013	460.5
WP5031	Target_Hypergeom	0.02	460.5
WP4789	Target_NonCentral	0.013	460.5
WP2597	Target_NonCentral	0.007	460.5
WP4532	Target_NonCentral	0.001	461.25
WP4397	Target_NonCentral	0.014	461.25
WP2640	Target_Hypergeom	0.015	461.25
WP4532	Target_Hypergeom	0.0	461.25
WP4397	Target_Hypergeom	0.007	461.25
WP2640	Target_NonCentral	0.016	461.25
WP4400	Target_Hypergeom	0.013	461.5
WP4506	Target_NonCentral	0.0	461.5
WP4400	Target_NonCentral	0.013	461.5
WP4153	Target_Hypergeom	0.0	461.5
WP4194	Target_Hypergeom	0.012	461.5
WP4317	Target_Hypergeom	0.01	461.5
WP4236	Target_NonCentral	0.014	461.5
WP4918	Target_Hypergeom	0.0	461.5
WP4236	Target_Hypergeom	0.014	461.5
WP4157	Target_Hypergeom	0.015	461.5
WP4506	Target_Hypergeom	0.0	461.5
WP2645	Target_Hypergeom	0.0	461.5
WP4317	Target_NonCentral	0.015	461.5
WP2645	Target_NonCentral	0.005	461.5
WP4918	Target_NonCentral	0.0	461.5
WP4153	Target_NonCentral	0.0	461.5
WP4194	Target_NonCentral	0.012	461.5
WP4157	Target_NonCentral	0.015	461.5
WP4931	Target_Hypergeom	0.0	461.75
WP4931	Target_NonCentral	0.007	461.75
WP4228	Target_Hypergeom	0.005	462.0
WP521	Target_Hypergeom	0.013	462.0
WP5030	Target_NonCentral	0.005	462.0
WP4228	Target_NonCentral	0.006	462.0
WP521	Target_NonCentral	0.013	462.0
WP5030	Target_Hypergeom	0.004	462.0
WP134	Target_Hypergeom	0.01	462.5
WP2485	Target_Hypergeom	0.002	462.5
WP134	Target_NonCentral	0.013	462.5
WP2485	Target_NonCentral	0.005	462.5
WP3302	Target_Hypergeom	0.003	462.5
WP3302	Target_NonCentral	0.003	462.5
WP3627	Target_NonCentral	0.0	463.0
WP688	Target_NonCentral	0.0	463.0
WP4921	Target_NonCentral	0.005	463.0
WP4519	Target_NonCentral	0.0	463.0
WP4920	Target_NonCentral	0.0	463.0
WP4860	Target_NonCentral	0.0	463.0
WP3666	Target_NonCentral	0.0	463.0
WP688	Target_Hypergeom	0.0	463.0
WP4860	Target_Hypergeom	0.0	463.0
WP4921	Target_Hypergeom	0.001	463.0
WP4920	Target_Hypergeom	0.0	463.0
WP4519	Target_Hypergeom	0.0	463.0
WP4233	Target_Hypergeom	0.0	463.0
WP3627	Target_Hypergeom	0.0	463.0
WP3666	Target_Hypergeom	0.0	463.0
WP4156	Target_Hypergeom	0.0	463.0
WP4156	Target_NonCentral	0.0	463.0
WP4233	Target_NonCentral	0.0	463.0
