annotation_id	typeOfAnalysis	p_times	ranking
WP5087	Target_Hypergeom	1.0	4.0
WP236	TFs_Hypergeom	0.833	6.0
WP4659	Target_Hypergeom	1.0	9.0
WP236	Target_Hypergeom	1.0	13.0
WP3611	Target_Hypergeom	1.0	14.0
WP4172	Target_Hypergeom	1.0	15.0
WP4754	Target_Hypergeom	0.999	15.0
WP706	TFs_Hypergeom	0.783	15.0
WP170	TFs_Hypergeom	0.698	16.0
WP4149	TFs_Hypergeom	0.663	16.0
WP3617	Target_Hypergeom	0.995	16.0
WP2431	Target_Hypergeom	0.998	17.0
WP3646	Target_Hypergeom	1.0	17.0
WP3624	Target_Hypergeom	0.999	18.5
WP710	Target_Hypergeom	1.0	19.0
WP5094	Target_Hypergeom	1.0	22.0
WP5055	Target_Hypergeom	0.997	23.0
WP366	Target_Hypergeom	1.0	25.0
WP2261	Target_Hypergeom	1.0	25.0
WP615	Target_Hypergeom	0.999	26.0
WP4658	Target_Hypergeom	0.999	26.0
WP5115	Target_Hypergeom	0.985	26.0
WP254	Target_Hypergeom	0.99	27.0
WP2853	TFs_Hypergeom	0.601	30.0
WP3995	TFs_Hypergeom	0.557	30.5
WP3888	Target_Hypergeom	1.0	31.0
WP530	Target_Hypergeom	0.972	31.75
WP2374	Target_Hypergeom	0.999	32.0
WP2882	Target_Hypergeom	0.997	32.0
WP1971	Target_Hypergeom	0.996	33.0
WP4674	Target_Hypergeom	1.0	34.0
WP4298	Target_Hypergeom	0.999	34.0
WP707	Target_Hypergeom	0.993	34.0
WP2857	TFs_Hypergeom	0.564	36.0
WP1984	Target_Hypergeom	1.0	36.0
WP306	Target_Hypergeom	0.999	37.0
WP2828	Target_Hypergeom	1.0	38.0
WP2586	Target_Hypergeom	1.0	38.0
WP2864	Target_Hypergeom	0.999	42.0
WP5098	Target_Hypergeom	0.995	42.0
WP4263	Target_Hypergeom	0.998	43.0
WP3614	Target_Hypergeom	0.994	44.0
WP2840	TFs_Hypergeom	0.648	46.0
WP4216	Target_Hypergeom	1.0	46.0
WP3932	Target_Hypergeom	0.994	47.0
WP4666	Target_Hypergeom	1.0	47.5
WP45	Target_Hypergeom	0.991	48.0
WP366	TFs_Hypergeom	0.456	49.0
WP179	Target_Hypergeom	0.968	49.0
WP2328	Target_Hypergeom	0.964	49.0
WP2324	Target_Hypergeom	0.987	50.0
WP4666	TFs_Hypergeom	0.496	51.25
WP4806	Target_Hypergeom	0.998	52.0
WP176	Target_Hypergeom	0.978	54.0
WP1533	Target_Hypergeom	0.974	57.0
WP4659	TFs_Hypergeom	0.467	61.0
WP4211	TFs_Hypergeom	0.628	61.5
WP4155	Target_Hypergeom	1.0	63.0
WP2877	Target_Hypergeom	0.983	64.0
WP4255	Target_Hypergeom	0.997	64.0
WP2355	Target_Hypergeom	0.995	64.5
WP2849	Target_Hypergeom	0.995	66.0
WP2849	TFs_Hypergeom	0.502	66.0
WP560	Target_Hypergeom	0.998	67.0
WP706	Target_Hypergeom	0.989	67.0
WP4816	Target_Hypergeom	0.995	67.25
WP23	TFs_Hypergeom	0.558	68.0
WP5088	Target_Hypergeom	0.92	68.25
WP1541	TFs_Hypergeom	0.48	69.5
WP138	Target_Hypergeom	0.999	70.0
WP4341	Target_Hypergeom	0.995	70.0
WP2064	TFs_Hypergeom	0.542	71.0
WP1742	Target_Hypergeom	0.996	71.75
WP4808	Target_Hypergeom	0.99	72.0
WP1984	TFs_Hypergeom	0.389	72.0
WP474	Target_Hypergeom	0.99	72.0
WP4262	Target_Hypergeom	0.987	72.5
WP560	TFs_Hypergeom	0.474	73.0
WP1530	Target_Hypergeom	0.971	74.0
WP3599	TFs_Hypergeom	0.269	74.0
WP2814	Target_Hypergeom	0.994	75.0
WP2873	Target_Hypergeom	0.973	75.0
WP4970	Target_Hypergeom	0.986	75.5
WP4816	TFs_Hypergeom	0.474	76.75
WP3594	TFs_Hypergeom	0.467	78.0
WP2037	Target_Hypergeom	0.988	78.0
WP437	TFs_Hypergeom	0.373	78.5
WP4484	Target_Hypergeom	0.951	78.75
WP4494	Target_Hypergeom	0.933	79.5
WP2032	Target_Hypergeom	0.99	80.0
WP2815	Target_Hypergeom	0.994	80.0
WP734	TFs_Hypergeom	0.201	81.0
WP49	Target_Hypergeom	0.996	81.0
WP3303	Target_Hypergeom	0.985	81.5
WP138	TFs_Hypergeom	0.515	82.5
WP1772	Target_Hypergeom	0.938	83.0
WP3287	Target_Hypergeom	0.979	85.0
WP4482	TFs_Hypergeom	0.214	85.5
WP2882	TFs_Hypergeom	0.332	86.0
WP2446	Target_Hypergeom	0.924	86.5
WP4891	Target_Hypergeom	0.911	88.0
WP2817	TFs_Hypergeom	0.319	88.25
WP2572	Target_Hypergeom	0.98	89.0
WP3972	TFs_Hypergeom	0.257	89.0
WP5094	TFs_Hypergeom	0.314	89.25
WP437	Target_Hypergeom	0.99	89.5
WP395	TFs_Hypergeom	0.434	90.5
WP69	Target_Hypergeom	0.967	90.5
WP4879	TFs_Hypergeom	0.417	92.5
WP3527	TFs_Hypergeom	0.443	92.75
WP170	Target_Hypergeom	0.977	93.0
WP4262	TFs_Hypergeom	0.289	94.0
WP3640	Target_Hypergeom	0.993	94.25
WP4685	Target_Hypergeom	0.985	95.0
WP2324	TFs_Hypergeom	0.44	95.25
WP2355	TFs_Hypergeom	0.473	95.5
WP5113	Target_Hypergeom	0.941	96.0
WP2203	TFs_Hypergeom	0.344	96.25
WP712	TFs_Hypergeom	0.167	96.5
WP2374	TFs_Hypergeom	0.425	97.75
WP53	TFs_Hypergeom	0.304	98.0
WP1539	Target_Hypergeom	0.97	98.0
WP710	TFs_Hypergeom	0.333	100.25
WP3892	TFs_Hypergeom	0.514	101.0
WP23	Target_Hypergeom	0.957	101.25
WP5102	TFs_Hypergeom	0.239	101.5
WP4149	Target_Hypergeom	0.98	102.0
WP2034	Target_Hypergeom	0.949	102.0
WP453	Target_Hypergeom	0.918	102.5
WP3646	TFs_Hypergeom	0.339	102.5
WP4879	Target_Hypergeom	0.965	103.0
WP4331	TFs_Hypergeom	0.279	103.5
WP5095	Target_Hypergeom	0.833	105.0
WP5083	Target_Hypergeom	0.959	105.0
WP399	Target_Hypergeom	0.993	105.0
WP3651	Target_Hypergeom	0.989	106.0
WP3863	Target_Hypergeom	0.945	107.0
WP3893	Target_Hypergeom	0.928	107.5
WP4747	Target_Hypergeom	0.982	108.0
WP34	TFs_Hypergeom	0.224	108.0
WP15	Target_Hypergeom	0.925	108.0
WP127	TFs_Hypergeom	0.275	108.5
WP1591	TFs_Hypergeom	0.318	109.0
WP286	Target_Hypergeom	0.963	109.5
WP2516	Target_Hypergeom	0.923	110.75
WP2034	TFs_Hypergeom	0.406	111.75
WP2380	TFs_Hypergeom	0.19	112.0
WP4754	TFs_Hypergeom	0.222	115.0
WP4541	Target_Hypergeom	0.957	115.0
WP2018	TFs_Hypergeom	0.329	116.0
WP4844	TFs_Hypergeom	0.263	116.0
WP5087	Target_NonCentral	0.248	117.0
WP3888	TFs_Hypergeom	0.251	117.5
WP2855	TFs_Hypergeom	0.19	117.75
WP4136	Target_Hypergeom	0.864	118.25
WP619	Target_Hypergeom	0.884	118.5
WP3932	Target_NonCentral	0.253	119.0
WP2865	Target_Hypergeom	0.9	120.0
WP2813	Target_Hypergeom	0.988	121.0
WP2586	TFs_Hypergeom	0.267	121.0
WP4462	Target_Hypergeom	0.807	121.25
WP4018	Target_Hypergeom	0.933	122.0
WP399	TFs_Hypergeom	0.371	123.0
WP4341	TFs_Hypergeom	0.354	123.0
WP2023	TFs_Hypergeom	0.293	123.25
WP49	TFs_Hypergeom	0.223	123.5
WP2817	Target_Hypergeom	0.971	123.75
WP382	TFs_Hypergeom	0.286	124.0
WP2018	Target_Hypergeom	0.935	124.0
WP2895	TFs_Hypergeom	0.154	124.25
WP4542	TFs_Hypergeom	0.169	125.5
WP4331	Target_Hypergeom	0.938	126.0
WP5039	Target_Hypergeom	0.85	126.5
WP1971	TFs_Hypergeom	0.206	127.25
WP395	Target_Hypergeom	0.934	127.5
WP2332	Target_Hypergeom	0.94	127.75
WP4880	TFs_Hypergeom	0.184	127.75
WP289	TFs_Hypergeom	0.155	128.0
WP2877	TFs_Hypergeom	0.207	129.0
WP69	TFs_Hypergeom	0.346	129.5
WP2526	TFs_Hypergeom	0.155	130.5
WP4496	Target_Hypergeom	0.893	130.5
WP2037	TFs_Hypergeom	0.346	130.75
WP3599	Target_Hypergeom	0.914	132.0
WP254	TFs_Hypergeom	0.341	132.5
WP45	TFs_Hypergeom	0.259	133.0
WP2858	TFs_Hypergeom	0.167	133.25
WP4482	Target_Hypergeom	0.925	133.25
WP205	Target_Hypergeom	0.96	133.75
WP5087	TFs_Hypergeom	0.13	134.0
WP2036	Target_Hypergeom	0.883	134.25
WP3892	Target_Hypergeom	0.897	135.0
WP4216	TFs_Hypergeom	0.299	135.25
WP75	Target_Hypergeom	0.831	136.0
WP2032	TFs_Hypergeom	0.264	136.25
WP619	TFs_Hypergeom	0.175	136.25
WP5053	TFs_Hypergeom	0.266	136.5
WP4925	Target_Hypergeom	0.926	136.5
WP1449	Target_Hypergeom	0.841	136.75
WP304	TFs_Hypergeom	0.255	137.0
WP5097	TFs_Hypergeom	0.231	137.0
WP3967	TFs_Hypergeom	0.155	137.5
WP364	Target_Hypergeom	0.873	138.5
WP4239	TFs_Hypergeom	0.14	139.0
WP364	TFs_Hypergeom	0.175	139.0
WP4585	TFs_Hypergeom	0.137	139.25
WP4970	Target_NonCentral	0.168	140.0
WP2203	Target_Hypergeom	0.92	140.0
WP4478	Target_Hypergeom	0.811	140.5
WP2839	TFs_Hypergeom	0.137	141.0
WP585	TFs_Hypergeom	0.228	141.0
WP304	Target_Hypergeom	0.939	141.5
WP2380	Target_Hypergeom	0.931	142.0
WP4658	Target_NonCentral	0.249	143.0
WP5115	TFs_Hypergeom	0.183	143.0
WP4300	Target_Hypergeom	0.93	143.0
WP4685	TFs_Hypergeom	0.275	143.75
WP3858	TFs_Hypergeom	0.133	144.0
WP314	Target_Hypergeom	0.884	144.0
WP408	Target_Hypergeom	0.932	145.25
WP4263	TFs_Hypergeom	0.289	145.25
WP3611	Target_NonCentral	0.18	146.0
WP382	Target_Hypergeom	0.916	146.0
WP4787	TFs_Hypergeom	0.167	146.0
WP306	Target_NonCentral	0.171	146.5
WP3594	Target_Hypergeom	0.904	147.0
WP363	Target_Hypergeom	0.947	147.0
WP4255	TFs_Hypergeom	0.257	147.25
WP3584	TFs_Hypergeom	0.27	147.5
WP3680	Target_Hypergeom	0.935	147.5
WP4172	Target_NonCentral	0.244	148.0
WP4155	TFs_Hypergeom	0.216	148.5
WP1982	TFs_Hypergeom	0.257	148.75
WP127	Target_Hypergeom	0.954	149.25
WP2406	TFs_Hypergeom	0.19	150.0
WP5097	Target_Hypergeom	0.914	150.0
WP363	TFs_Hypergeom	0.191	150.0
WP400	TFs_Hypergeom	0.125	150.5
WP3658	Target_Hypergeom	0.928	151.0
WP289	Target_Hypergeom	0.908	152.5
WP2878	Target_Hypergeom	0.898	152.75
WP4141	Target_Hypergeom	0.892	152.75
WP179	TFs_Hypergeom	0.142	153.75
WP2870	Target_Hypergeom	0.882	154.0
WP231	Target_Hypergeom	0.825	154.0
WP530	Target_NonCentral	0.263	154.0
WP4674	TFs_Hypergeom	0.251	154.5
WP4540	Target_Hypergeom	0.899	154.5
WP4481	Target_Hypergeom	0.873	154.5
WP2873	TFs_Hypergeom	0.163	154.75
WP3303	TFs_Hypergeom	0.213	155.25
WP3646	Target_NonCentral	0.158	155.5
WP3611	TFs_Hypergeom	0.172	155.5
WP5094	Target_NonCentral	0.2	156.0
WP236	Target_NonCentral	0.208	158.0
WP5115	Target_NonCentral	0.311	158.0
WP2332	TFs_Hypergeom	0.135	158.75
WP2839	Target_Hypergeom	0.914	159.0
WP4969	Target_Hypergeom	0.812	159.0
WP4258	TFs_Hypergeom	0.259	159.5
WP2064	Target_Hypergeom	0.881	159.5
WP4522	Target_Hypergeom	0.796	160.0
WP4658	TFs_Hypergeom	0.238	160.25
WP2324	Target_NonCentral	0.139	160.5
WP2840	Target_Hypergeom	0.913	161.0
WP3995	Target_Hypergeom	0.899	161.75
WP2029	TFs_Hypergeom	0.142	162.0
WP23	Target_NonCentral	0.162	162.0
WP4864	Target_Hypergeom	0.825	162.0
WP61	Target_Hypergeom	0.912	162.0
WP4217	Target_Hypergeom	0.889	162.0
WP4559	Target_Hypergeom	0.822	162.75
WP2380	Target_NonCentral	0.171	163.0
WP3651	TFs_Hypergeom	0.203	163.0
WP5083	TFs_Hypergeom	0.072	163.25
WP2431	TFs_Hypergeom	0.112	165.0
WP2881	Target_Hypergeom	0.867	166.25
WP3859	Target_Hypergeom	0.855	166.5
WP4673	Target_Hypergeom	0.918	166.75
WP2261	Target_NonCentral	0.143	167.0
WP4659	Target_NonCentral	0.147	167.0
WP4396	TFs_Hypergeom	0.076	167.5
WP474	TFs_Hypergeom	0.196	167.5
WP4808	TFs_Hypergeom	0.196	167.5
WP2112	TFs_Hypergeom	0.134	167.75
WP673	Target_Hypergeom	0.922	168.0
WP313	Target_Hypergeom	0.877	168.0
WP34	Target_Hypergeom	0.893	169.25
WP2637	TFs_Hypergeom	0.133	169.5
WP5098	TFs_Hypergeom	0.206	169.75
WP2848	Target_Hypergeom	0.86	170.25
WP3932	TFs_Hypergeom	0.027	171.0
WP2586	Target_NonCentral	0.144	171.0
WP3931	TFs_Hypergeom	0.097	171.5
WP4674	Target_NonCentral	0.149	172.0
WP4493	Target_Hypergeom	0.801	172.75
WP2374	Target_NonCentral	0.155	173.0
WP430	Target_Hypergeom	0.723	174.0
WP428	TFs_Hypergeom	0.129	175.0
WP2880	Target_Hypergeom	0.859	175.75
WP1403	Target_Hypergeom	0.802	176.0
WP4336	TFs_Hypergeom	0.192	177.0
WP3617	Target_NonCentral	0.34	177.0
WP1971	Target_NonCentral	0.248	177.5
WP2880	TFs_Hypergeom	0.176	177.5
WP3612	Target_Hypergeom	0.857	179.5
WP4756	TFs_Hypergeom	0.139	180.0
WP615	TFs_Hypergeom	0.164	180.75
WP4172	TFs_Hypergeom	0.015	181.0
WP712	Target_Hypergeom	0.911	181.0
WP4673	TFs_Hypergeom	0.045	182.5
WP3657	Target_Hypergeom	0.848	182.5
WP4217	TFs_Hypergeom	0.046	183.0
WP481	TFs_Hypergeom	0.038	183.5
WP4949	TFs_Hypergeom	0.167	184.5
WP299	Target_Hypergeom	0.794	184.5
WP4746	TFs_Hypergeom	0.158	185.0
WP4540	TFs_Hypergeom	0.181	185.0
WP3872	Target_Hypergeom	0.779	186.0
WP3601	Target_Hypergeom	0.686	186.25
WP2431	Target_NonCentral	0.165	187.0
WP4541	Target_NonCentral	0.121	187.5
WP2877	Target_NonCentral	0.164	188.0
WP4564	Target_Hypergeom	0.882	188.0
WP2526	Target_Hypergeom	0.846	188.0
WP673	TFs_Hypergeom	0.175	188.0
WP5063	Target_Hypergeom	0.793	189.75
WP2355	Target_NonCentral	0.108	190.5
WP3888	Target_NonCentral	0.103	191.5
WP4754	Target_NonCentral	0.226	192.0
WP3678	Target_Hypergeom	0.821	193.75
WP437	Target_NonCentral	0.115	194.0
WP5092	Target_Hypergeom	0.737	194.0
WP4823	Target_Hypergeom	0.75	195.0
WP366	Target_NonCentral	0.088	195.5
WP61	TFs_Hypergeom	0.142	196.75
WP710	Target_NonCentral	0.157	197.0
WP395	Target_NonCentral	0.116	197.0
WP3929	Target_Hypergeom	0.769	197.0
WP4241	Target_Hypergeom	0.799	197.0
WP3981	TFs_Hypergeom	0.135	197.25
WP3594	Target_NonCentral	0.176	197.5
WP4329	TFs_Hypergeom	0.128	197.5
WP4495	Target_Hypergeom	0.81	199.0
WP4480	Target_Hypergeom	0.805	199.25
WP4396	Target_Hypergeom	0.77	199.25
WP4149	Target_NonCentral	0.105	199.5
WP1449	TFs_Hypergeom	0.029	199.75
WP2858	Target_Hypergeom	0.778	200.0
WP4844	Target_Hypergeom	0.789	200.75
WP3969	Target_Hypergeom	0.828	202.0
WP4155	Target_NonCentral	0.143	202.0
WP2037	Target_NonCentral	0.116	202.0
WP129	Target_Hypergeom	0.724	202.25
WP2815	Target_NonCentral	0.142	204.0
WP4565	Target_Hypergeom	0.837	204.25
WP3929	TFs_Hypergeom	0.031	204.5
WP5098	Target_NonCentral	0.127	206.0
WP4357	Target_Hypergeom	0.763	206.0
WP1544	Target_Hypergeom	0.775	206.0
WP4666	Target_NonCentral	0.148	206.5
WP3850	Target_Hypergeom	0.84	207.0
WP2814	Target_NonCentral	0.109	207.5
WP2011	Target_Hypergeom	0.757	207.5
WP304	Target_NonCentral	0.066	209.0
WP69	Target_NonCentral	0.167	209.0
WP4298	Target_NonCentral	0.121	209.0
WP3981	Target_Hypergeom	0.85	209.0
WP5110	Target_Hypergeom	0.679	209.0
WP4806	Target_NonCentral	0.091	209.5
WP4560	Target_Hypergeom	0.807	210.5
WP3624	Target_NonCentral	0.193	211.0
WP2328	Target_NonCentral	0.22	211.5
WP4787	Target_NonCentral	0.131	212.0
WP4223	TFs_Hypergeom	0.025	212.0
WP4484	Target_NonCentral	0.116	212.5
WP2874	Target_Hypergeom	0.673	212.75
WP3998	Target_Hypergeom	0.793	214.0
WP4746	Target_NonCentral	0.14	214.0
WP4494	Target_NonCentral	0.189	215.5
WP51	Target_NonCentral	0.121	216.0
WP1984	Target_NonCentral	0.196	216.5
WP3640	Target_NonCentral	0.057	216.5
WP2446	TFs_Hypergeom	0.135	216.5
WP4871	Target_Hypergeom	0.764	216.75
WP2018	Target_NonCentral	0.1	217.0
WP262	Target_Hypergeom	0.69	217.25
WP3678	Target_NonCentral	0.099	218.0
WP4698	Target_Hypergeom	0.72	219.75
WP2118	Target_NonCentral	0.082	220.0
WP5055	Target_NonCentral	0.17	220.0
WP170	Target_NonCentral	0.109	220.0
WP4808	Target_NonCentral	0.108	220.5
WP474	Target_NonCentral	0.108	220.5
WP5053	Target_Hypergeom	0.708	221.0
WP2034	Target_NonCentral	0.14	221.0
WP4534	Target_Hypergeom	0.747	221.0
WP4483	Target_Hypergeom	0.785	221.5
WP3972	Target_Hypergeom	0.731	222.0
WP481	Target_Hypergeom	0.756	222.0
WP1528	Target_Hypergeom	0.758	222.25
WP75	TFs_Hypergeom	0.117	223.0
WP2203	Target_NonCentral	0.09	223.0
WP3959	Target_Hypergeom	0.673	224.0
WP2828	Target_NonCentral	0.052	224.5
WP127	Target_NonCentral	0.038	225.0
WP2507	Target_Hypergeom	0.693	225.5
WP706	Target_NonCentral	0.098	226.0
WP4136	Target_NonCentral	0.139	227.0
WP244	Target_NonCentral	0.09	227.5
WP4874	Target_Hypergeom	0.731	228.0
WP2583	Target_Hypergeom	0.716	229.0
WP4262	Target_NonCentral	0.128	229.0
WP1434	Target_Hypergeom	0.661	229.25
WP3672	Target_Hypergeom	0.803	229.5
WP2516	Target_NonCentral	0.208	229.5
WP2848	Target_NonCentral	0.085	230.0
WP560	Target_NonCentral	0.055	230.5
WP4216	Target_NonCentral	0.157	230.5
WP3935	Target_Hypergeom	0.671	231.0
WP3931	Target_NonCentral	0.103	232.0
WP254	Target_NonCentral	0.22	232.0
WP4331	Target_NonCentral	0.083	232.0
WP428	Target_Hypergeom	0.73	232.0
WP5036	Target_Hypergeom	0.678	232.25
WP3599	Target_NonCentral	0.131	232.5
WP4217	Target_NonCentral	0.146	232.5
WP2332	Target_NonCentral	0.103	233.0
WP399	Target_NonCentral	0.067	233.0
WP2526	Target_NonCentral	0.08	233.5
WP4823	Target_NonCentral	0.103	234.0
WP382	Target_NonCentral	0.096	234.0
WP1539	Target_NonCentral	0.074	234.0
WP3929	Target_NonCentral	0.155	234.0
WP4816	Target_NonCentral	0.061	234.0
WP3651	Target_NonCentral	0.055	234.5
WP98	Target_Hypergeom	0.702	234.75
WP3614	Target_NonCentral	0.208	235.0
WP49	Target_NonCentral	0.045	235.0
WP4211	Target_Hypergeom	0.699	235.25
WP3892	Target_NonCentral	0.1	235.5
WP585	Target_NonCentral	0.086	236.0
WP481	Target_NonCentral	0.068	236.0
WP707	Target_NonCentral	0.227	237.0
WP4258	Target_Hypergeom	0.704	237.0
WP185	Target_Hypergeom	0.665	237.0
WP2795	Target_Hypergeom	0.69	238.0
WP4341	Target_NonCentral	0.066	240.0
WP4008	Target_Hypergeom	0.661	241.0
WP4561	Target_Hypergeom	0.699	241.0
WP138	Target_NonCentral	0.115	241.0
WP2864	Target_NonCentral	0.093	242.0
WP1742	Target_NonCentral	0.077	242.0
WP3287	Target_NonCentral	0.045	242.0
WP61	Target_NonCentral	0.074	242.5
WP2817	Target_NonCentral	0.058	243.0
WP1541	Target_NonCentral	0.069	243.0
WP3851	Target_Hypergeom	0.654	243.0
WP2572	Target_NonCentral	0.069	244.0
WP3941	Target_Hypergeom	0.677	244.0
WP391	Target_NonCentral	0.126	244.0
WP4919	Target_Hypergeom	0.664	244.5
WP51	Target_Hypergeom	0.661	244.5
WP4239	Target_Hypergeom	0.661	245.0
WP2839	Target_NonCentral	0.04	245.5
WP3584	Target_Hypergeom	0.683	245.5
WP3915	Target_NonCentral	0.093	246.0
WP516	Target_Hypergeom	0.679	246.0
WP176	Target_NonCentral	0.12	246.0
WP2118	Target_Hypergeom	0.648	247.5
WP185	Target_NonCentral	0.064	247.5
WP428	Target_NonCentral	0.058	247.5
WP2406	Target_Hypergeom	0.646	247.75
WP4523	Target_Hypergeom	0.584	247.75
WP4206	Target_Hypergeom	0.639	248.0
WP4790	Target_Hypergeom	0.686	248.0
WP4342	Target_Hypergeom	0.753	248.0
WP286	Target_NonCentral	0.078	248.0
WP4539	Target_NonCentral	0.09	248.5
WP3630	Target_Hypergeom	0.61	248.75
WP4657	TFs_Hypergeom	0.019	249.0
WP4255	Target_NonCentral	0.114	250.0
WP3303	Target_NonCentral	0.077	251.0
WP5111	Target_Hypergeom	0.602	251.25
WP2849	Target_NonCentral	0.068	252.0
WP364	Target_NonCentral	0.124	252.0
WP4540	Target_NonCentral	0.083	253.0
WP3972	Target_NonCentral	0.086	253.0
WP231	Target_NonCentral	0.145	253.0
WP179	Target_NonCentral	0.243	253.0
WP2875	Target_NonCentral	0.176	254.0
WP363	Target_NonCentral	0.048	254.0
WP3942	Target_Hypergeom	0.598	254.0
WP2032	Target_NonCentral	0.051	254.5
WP453	Target_NonCentral	0.094	254.5
WP2806	Target_NonCentral	0.093	255.0
WP4928	Target_Hypergeom	0.679	255.25
WP1533	Target_NonCentral	0.118	255.5
WP4564	Target_NonCentral	0.044	256.0
WP3	Target_Hypergeom	0.623	256.25
WP75	Target_NonCentral	0.167	256.5
WP3893	Target_NonCentral	0.133	256.5
WP5121	Target_Hypergeom	0.677	256.75
WP4932	Target_NonCentral	0.072	257.0
WP4239	Target_NonCentral	0.076	257.0
WP5109	Target_Hypergeom	0.569	258.0
WP3658	Target_NonCentral	0.072	258.5
WP5088	Target_NonCentral	0.263	258.5
WP3915	Target_Hypergeom	0.612	260.0
WP4538	Target_NonCentral	0.077	260.0
WP2853	Target_NonCentral	0.067	260.5
WP2882	Target_NonCentral	0.148	260.5
WP2643	Target_Hypergeom	0.588	261.0
WP4016	Target_Hypergeom	0.551	261.0
WP2876	Target_NonCentral	0.201	261.5
WP53	Target_NonCentral	0.122	261.5
WP4141	Target_NonCentral	0.052	261.5
WP3845	Target_NonCentral	0.074	261.5
WP4963	Target_Hypergeom	0.605	262.0
WP5072	Target_Hypergeom	0.59	262.0
WP2857	Target_Hypergeom	0.613	262.25
WP53	Target_Hypergeom	0.555	263.0
WP3931	Target_Hypergeom	0.585	263.0
WP195	Target_Hypergeom	0.615	263.0
WP4146	Target_Hypergeom	0.547	263.5
WP4925	Target_NonCentral	0.06	263.5
WP1403	Target_NonCentral	0.095	263.5
WP2035	Target_NonCentral	0.057	263.5
WP4879	Target_NonCentral	0.077	264.0
WP4566	Target_NonCentral	0.072	264.0
WP4585	Target_Hypergeom	0.586	264.0
WP5122	Target_Hypergeom	0.588	265.0
WP2858	Target_NonCentral	0.076	265.0
WP4565	Target_NonCentral	0.033	265.0
WP3668	Target_Hypergeom	0.566	265.5
WP4891	Target_NonCentral	0.194	265.5
WP1591	Target_NonCentral	0.036	265.5
WP2038	Target_Hypergeom	0.607	266.0
WP4756	Target_NonCentral	0.085	266.5
WP410	Target_NonCentral	0.155	266.5
WP2875	Target_Hypergeom	0.558	266.5
WP5039	Target_NonCentral	0.252	267.0
WP4482	Target_NonCentral	0.048	268.0
WP4018	Target_NonCentral	0.196	268.0
WP3996	Target_NonCentral	0.047	268.5
WP2865	Target_NonCentral	0.045	268.5
WP5124	Target_NonCentral	0.068	268.5
WP2637	Target_Hypergeom	0.593	268.5
WP4204	Target_Hypergeom	0.584	268.75
WP3982	Target_Hypergeom	0.564	269.0
WP3844	Target_Hypergeom	0.57	269.0
WP4462	Target_NonCentral	0.163	269.0
WP1449	Target_NonCentral	0.139	269.0
WP2406	Target_NonCentral	0.039	269.5
WP98	Target_NonCentral	0.046	269.5
WP3668	Target_NonCentral	0.051	269.5
WP5044	Target_Hypergeom	0.591	270.0
WP1541	Target_Hypergeom	0.567	270.75
WP3657	Target_NonCentral	0.046	271.0
WP4191	Target_Hypergeom	0.592	271.25
WP4535	Target_Hypergeom	0.579	272.0
WP4357	Target_NonCentral	0.031	272.0
WP4206	Target_NonCentral	0.06	272.0
WP4263	Target_NonCentral	0.106	272.0
WP581	Target_Hypergeom	0.559	272.5
WP4478	Target_NonCentral	0.099	272.5
WP2873	Target_NonCentral	0.088	273.0
WP3844	Target_NonCentral	0.054	273.0
WP4329	Target_Hypergeom	0.547	273.0
WP4538	Target_Hypergeom	0.564	273.0
WP5102	Target_Hypergeom	0.561	273.25
WP3676	Target_NonCentral	0.052	273.5
WP4336	Target_NonCentral	0.048	274.5
WP585	Target_Hypergeom	0.547	275.25
WP4304	Target_Hypergeom	0.573	275.25
WP2038	Target_NonCentral	0.037	275.5
WP2880	Target_NonCentral	0.051	275.5
WP2036	Target_NonCentral	0.152	276.0
WP4337	Target_Hypergeom	0.563	276.0
WP4961	Target_Hypergeom	0.546	277.0
WP1772	Target_NonCentral	0.171	277.0
WP4542	Target_NonCentral	0.051	277.5
WP2853	Target_Hypergeom	0.539	278.0
WP2064	Target_NonCentral	0.126	278.0
WP5112	Target_Hypergeom	0.525	279.0
WP4496	Target_NonCentral	0.049	279.5
WP3996	Target_Hypergeom	0.541	279.5
WP241	Target_NonCentral	0.041	280.0
WP1982	Target_Hypergeom	0.513	280.5
WP5072	Target_NonCentral	0.073	281.0
WP4582	Target_NonCentral	0.073	281.0
WP1584	Target_NonCentral	0.051	281.5
WP384	Target_Hypergeom	0.533	281.75
WP314	Target_NonCentral	0.091	283.0
WP4479	Target_Hypergeom	0.536	283.0
WP4842	Target_NonCentral	0.078	283.0
WP4241	Target_NonCentral	0.056	283.5
WP322	Target_Hypergeom	0.543	283.5
WP4186	Target_Hypergeom	0.506	283.5
WP712	Target_NonCentral	0.02	283.5
WP3613	Target_Hypergeom	0.517	284.0
WP289	Target_NonCentral	0.038	284.0
WP4880	Target_NonCentral	0.184	284.0
WP3680	Target_NonCentral	0.035	284.5
WP322	Target_NonCentral	0.064	284.5
WP2813	Target_NonCentral	0.005	285.0
WP4205	Target_Hypergeom	0.546	285.0
WP3584	Target_NonCentral	0.042	285.5
WP4868	Target_NonCentral	0.238	285.5
WP3863	Target_NonCentral	0.063	285.5
WP3995	Target_NonCentral	0.043	286.0
WP408	Target_NonCentral	0.019	286.0
WP3298	Target_NonCentral	0.106	286.5
WP4884	Target_Hypergeom	0.515	286.5
WP3878	Target_NonCentral	0.08	287.0
WP3858	Target_NonCentral	0.045	287.0
WP268	Target_NonCentral	0.049	287.5
WP4534	Target_NonCentral	0.049	288.0
WP5092	Target_NonCentral	0.065	288.0
WP4288	Target_NonCentral	0.046	288.5
WP3872	Target_NonCentral	0.087	289.0
WP4872	Target_NonCentral	0.053	289.0
WP4844	Target_NonCentral	0.061	289.0
WP5083	Target_NonCentral	0.073	289.0
WP2637	Target_NonCentral	0.055	289.0
WP45	Target_NonCentral	0.234	289.0
WP4223	Target_Hypergeom	0.509	289.0
WP673	Target_NonCentral	0.048	289.5
WP2870	Target_NonCentral	0.042	290.0
WP4969	Target_NonCentral	0.037	290.5
WP3890	Target_Hypergeom	0.538	290.5
WP2881	Target_NonCentral	0.081	291.0
WP4880	Target_Hypergeom	0.501	291.0
WP5122	Target_NonCentral	0.073	291.0
WP3850	Target_NonCentral	0.016	291.0
WP536	Target_NonCentral	0.096	291.5
WP3	Target_NonCentral	0.038	291.5
WP5046	Target_Hypergeom	0.516	292.0
WP5108	Target_Hypergeom	0.514	292.25
WP5053	Target_NonCentral	0.067	292.5
WP4522	Target_NonCentral	0.117	293.0
WP5066	Target_NonCentral	0.1	293.0
WP727	Target_Hypergeom	0.49	293.0
WP5049	Target_Hypergeom	0.482	293.5
WP313	Target_NonCentral	0.016	293.5
WP4146	Target_NonCentral	0.11	294.0
WP3612	Target_NonCentral	0.055	294.0
WP4336	Target_Hypergeom	0.521	294.0
WP2447	Target_Hypergeom	0.488	294.25
WP12	Target_Hypergeom	0.491	294.5
WP4747	Target_NonCentral	0.025	294.5
WP1544	Target_NonCentral	0.038	295.0
WP5103	Target_Hypergeom	0.504	295.5
WP5110	Target_NonCentral	0.116	296.0
WP2795	Target_NonCentral	0.03	296.0
WP4874	Target_NonCentral	0.017	296.5
WP615	Target_NonCentral	0.073	296.5
WP2583	Target_NonCentral	0.029	297.0
WP516	Target_NonCentral	0.016	297.0
WP3613	Target_NonCentral	0.103	297.5
WP3859	Target_NonCentral	0.033	297.5
WP4399	Target_Hypergeom	0.549	298.0
WP4535	Target_NonCentral	0.013	298.0
WP5036	Target_NonCentral	0.043	298.0
WP2876	Target_Hypergeom	0.472	298.25
WP4150	Target_NonCentral	0.04	298.5
WP384	Target_NonCentral	0.08	299.0
WP3414	Target_Hypergeom	0.472	299.0
WP3286	Target_Hypergeom	0.475	299.0
WP3298	Target_Hypergeom	0.478	299.0
WP4008	Target_NonCentral	0.033	299.0
WP400	Target_NonCentral	0.018	299.5
WP581	Target_NonCentral	0.057	300.5
WP4698	Target_NonCentral	0.034	300.5
WP4481	Target_NonCentral	0.021	301.0
WP2363	Target_NonCentral	0.041	302.5
WP3865	Target_Hypergeom	0.496	302.5
WP3527	Target_NonCentral	0.038	302.5
WP15	Target_NonCentral	0.079	303.0
WP3925	Target_NonCentral	0.113	303.0
WP5066	Target_Hypergeom	0.452	303.0
WP4321	Target_NonCentral	0.048	303.5
WP727	Target_NonCentral	0.037	304.0
WP262	Target_NonCentral	0.072	304.0
WP1433	Target_NonCentral	0.098	304.5
WP5113	Target_NonCentral	0.039	305.0
WP2840	Target_NonCentral	0.035	305.0
WP1591	Target_Hypergeom	0.439	305.75
WP4950	Target_NonCentral	0.019	306.0
WP4222	Target_NonCentral	0.07	306.0
WP5120	Target_Hypergeom	0.46	306.0
WP4483	Target_NonCentral	0.005	306.5
WP4549	Target_NonCentral	0.05	306.5
WP4148	Target_NonCentral	0.088	306.5
WP4258	Target_NonCentral	0.038	306.5
WP4718	Target_NonCentral	0.133	307.0
WP4877	Target_NonCentral	0.04	307.0
WP2197	Target_Hypergeom	0.442	307.5
WP12	Target_NonCentral	0.034	309.0
WP2857	Target_NonCentral	0.049	309.0
WP5063	Target_NonCentral	0.025	309.5
WP1584	Target_Hypergeom	0.441	309.5
WP4790	Target_NonCentral	0.005	310.0
WP205	Target_NonCentral	0.01	310.0
WP2895	Target_NonCentral	0.033	310.0
WP3945	Target_NonCentral	0.088	310.5
WP3601	Target_NonCentral	0.108	310.5
WP5124	Target_Hypergeom	0.441	311.0
WP4787	Target_Hypergeom	0.439	311.0
WP2361	Target_NonCentral	0.057	311.5
WP4685	Target_NonCentral	0.042	311.5
WP4493	Target_NonCentral	0.019	311.5
WP619	Target_NonCentral	0.187	312.0
WP4861	Target_NonCentral	0.042	312.0
WP528	Target_NonCentral	0.057	313.0
WP2525	Target_NonCentral	0.051	313.0
WP4875	Target_NonCentral	0.073	313.0
WP554	Target_Hypergeom	0.454	313.0
WP4746	Target_Hypergeom	0.437	313.0
WP558	Target_NonCentral	0.078	313.5
WP4883	Target_NonCentral	0.046	313.5
WP1601	Target_NonCentral	0.07	314.0
WP2267	Target_NonCentral	0.111	314.0
WP1995	Target_Hypergeom	0.438	314.25
WP3407	Target_Hypergeom	0.458	314.5
WP3937	Target_NonCentral	0.18	314.5
WP1559	Target_Hypergeom	0.391	315.0
WP4300	Target_NonCentral	0.026	315.0
WP2878	Target_NonCentral	0.133	315.5
WP1589	Target_NonCentral	0.061	315.5
WP2806	Target_Hypergeom	0.446	316.5
WP1991	Target_NonCentral	0.027	316.5
WP1434	Target_NonCentral	0.05	316.5
WP3853	Target_NonCentral	0.084	317.0
WP2447	Target_NonCentral	0.074	317.0
WP2289	Target_Hypergeom	0.451	317.25
WP4767	Target_NonCentral	0.025	317.5
WP5102	Target_NonCentral	0.042	318.0
WP5090	Target_NonCentral	0.019	318.0
WP2868	Target_Hypergeom	0.303	318.5
WP3413	Target_Hypergeom	0.412	319.25
WP3593	Target_NonCentral	0.036	320.0
WP4480	Target_NonCentral	0.019	320.5
WP691	Target_NonCentral	0.212	320.5
WP47	Target_NonCentral	0.068	320.5
WP2363	Target_Hypergeom	0.395	320.5
WP4495	Target_NonCentral	0.017	321.0
WP4211	Target_NonCentral	0.023	321.5
WP430	Target_NonCentral	0.156	321.5
WP4756	Target_Hypergeom	0.409	322.0
WP2643	Target_NonCentral	0.015	322.0
WP4838	Target_NonCentral	0.107	322.5
WP195	Target_NonCentral	0.038	322.5
WP5111	Target_NonCentral	0.077	322.5
WP4884	Target_NonCentral	0.05	323.0
WP4524	Target_Hypergeom	0.426	323.0
WP3851	Target_NonCentral	0.016	323.5
WP3865	Target_NonCentral	0.07	323.5
WP3593	Target_Hypergeom	0.41	323.5
WP3943	Target_Hypergeom	0.372	323.75
WP5112	Target_NonCentral	0.095	324.0
WP4561	Target_NonCentral	0.006	324.0
WP554	Target_NonCentral	0.038	324.5
WP400	Target_Hypergeom	0.373	325.0
WP34	Target_NonCentral	0.024	325.5
WP4919	Target_NonCentral	0.039	326.0
WP4560	Target_NonCentral	0.012	326.0
WP4148	Target_Hypergeom	0.417	326.5
WP4864	Target_NonCentral	0.056	326.5
WP3630	Target_NonCentral	0.023	327.0
WP1530	Target_NonCentral	0.152	327.0
WP4752	Target_NonCentral	0.124	327.0
WP1946	Target_NonCentral	0.141	327.5
WP5065	Target_Hypergeom	0.301	327.5
WP4223	Target_NonCentral	0.027	327.5
WP5097	Target_NonCentral	0.014	327.5
WP2272	Target_Hypergeom	0.369	328.0
WP4707	Target_Hypergeom	0.308	328.0
WP4337	Target_NonCentral	0.022	328.0
WP2456	Target_Hypergeom	0.426	328.5
WP3656	Target_Hypergeom	0.357	328.75
WP3935	Target_NonCentral	0.069	329.0
WP4758	Target_NonCentral	0.05	329.0
WP4313	Target_NonCentral	0.022	329.0
WP3301	Target_NonCentral	0.025	329.0
WP3878	Target_Hypergeom	0.388	329.75
WP4312	Target_Hypergeom	0.355	330.0
WP4585	Target_NonCentral	0.04	330.0
WP2272	Target_NonCentral	0.024	330.0
WP4719	Target_NonCentral	0.028	330.5
WP299	Target_NonCentral	0.15	330.5
WP4877	Target_Hypergeom	0.35	330.5
WP4186	Target_NonCentral	0.04	331.0
WP1545	Target_Hypergeom	0.305	331.0
WP288	Target_NonCentral	0.057	331.5
WP3407	Target_NonCentral	0.032	332.0
WP524	Target_NonCentral	0.026	332.0
WP3926	Target_NonCentral	0.045	332.5
WP2011	Target_NonCentral	0.043	332.5
WP3998	Target_NonCentral	0.029	333.5
WP3413	Target_NonCentral	0.036	334.0
WP3927	Target_Hypergeom	0.345	334.5
WP2112	Target_NonCentral	0.043	334.5
WP558	Target_Hypergeom	0.388	334.75
WP2507	Target_NonCentral	0.08	335.0
WP1982	Target_NonCentral	0.129	335.0
WP4871	Target_NonCentral	0.016	335.5
WP1528	Target_NonCentral	0.016	335.5
WP5033	Target_Hypergeom	0.375	336.25
WP3297	Target_Hypergeom	0.397	336.25
WP5108	Target_NonCentral	0.107	336.5
WP1981	Target_NonCentral	0.203	337.5
WP3959	Target_NonCentral	0.157	338.0
WP534	Target_NonCentral	0.155	338.0
WP2446	Target_NonCentral	0.229	338.5
WP4479	Target_NonCentral	0.069	339.0
WP3969	Target_NonCentral	0.02	340.0
WP1946	Target_Hypergeom	0.381	340.5
WP1991	Target_Hypergeom	0.327	341.0
WP4269	Target_NonCentral	0.018	341.0
WP696	Target_NonCentral	0.079	341.0
WP4312	Target_NonCentral	0.018	341.0
WP4313	Target_Hypergeom	0.299	341.25
WP3927	Target_NonCentral	0.017	341.5
WP4873	Target_Hypergeom	0.379	341.5
WP3527	Target_Hypergeom	0.318	342.0
WP4191	Target_NonCentral	0.009	342.0
WP5120	Target_NonCentral	0.017	342.0
WP4829	Target_NonCentral	0.032	342.5
WP4928	Target_NonCentral	0.0	342.5
WP2436	Target_NonCentral	0.025	343.0
WP5109	Target_NonCentral	0.149	343.5
WP2197	Target_NonCentral	0.012	344.0
WP5090	Target_Hypergeom	0.304	344.0
WP3596	Target_Hypergeom	0.199	344.0
WP5046	Target_NonCentral	0.006	344.5
WP129	Target_NonCentral	0.037	344.5
WP422	Target_NonCentral	0.014	345.0
WP4197	Target_NonCentral	0.21	345.0
WP229	Target_NonCentral	0.104	345.5
WP5044	Target_NonCentral	0.006	345.5
WP272	Target_Hypergeom	0.335	345.75
WP4197	Target_Hypergeom	0.39	345.75
WP3967	Target_Hypergeom	0.328	346.5
WP3286	Target_NonCentral	0.014	346.5
WP404	Target_NonCentral	0.132	346.5
WP4876	Target_Hypergeom	0.32	346.75
WP3591	Target_NonCentral	0.01	347.0
WP2855	Target_NonCentral	0.023	347.0
WP3301	Target_Hypergeom	0.32	347.0
WP3635	Target_NonCentral	0.024	347.5
WP3634	Target_NonCentral	0.024	347.5
WP4830	Target_NonCentral	0.043	347.5
WP3672	Target_NonCentral	0.0	348.0
WP24	Target_NonCentral	0.037	348.0
WP2513	Target_NonCentral	0.015	348.0
WP2874	Target_NonCentral	0.103	348.0
WP4586	Target_NonCentral	0.052	348.5
WP732	Target_NonCentral	0.016	349.0
WP5038	Target_NonCentral	0.013	349.0
WP4657	Target_NonCentral	0.035	349.5
WP4542	Target_Hypergeom	0.314	350.25
WP5065	Target_NonCentral	0.005	352.0
WP35	Target_NonCentral	0.047	352.5
WP3940	Target_NonCentral	0.007	353.0
WP3943	Target_NonCentral	0.002	353.0
WP2035	Target_Hypergeom	0.31	353.0
WP3941	Target_NonCentral	0.01	353.5
WP4629	Target_NonCentral	0.164	353.5
WP1995	Target_NonCentral	0.006	353.5
WP4842	Target_Hypergeom	0.298	353.75
WP4950	Target_Hypergeom	0.294	354.0
WP244	Target_Hypergeom	0.305	354.25
WP4533	Target_NonCentral	0.025	355.0
WP3670	Target_Hypergeom	0.247	355.25
WP3414	Target_NonCentral	0.005	356.0
WP4673	Target_NonCentral	0.008	356.0
WP5103	Target_NonCentral	0.014	357.0
WP167	Target_NonCentral	0.029	357.0
WP5117	Target_NonCentral	0.033	357.5
WP465	Target_NonCentral	0.057	357.5
WP3876	Target_NonCentral	0.033	357.5
WP4949	Target_Hypergeom	0.228	358.0
WP4814	Target_NonCentral	0.037	358.0
WP696	Target_Hypergeom	0.333	359.0
WP4562	Target_NonCentral	0.021	359.0
WP4723	Target_NonCentral	0.064	359.0
WP4577	Target_NonCentral	0.013	360.0
WP2007	Target_NonCentral	0.034	360.0
WP3942	Target_NonCentral	0.201	360.5
WP5121	Target_NonCentral	0.002	361.0
WP4856	Target_NonCentral	0.034	361.0
WP4838	Target_Hypergeom	0.321	361.25
WP2456	Target_NonCentral	0.032	362.0
WP5049	Target_NonCentral	0.14	363.0
WP4961	Target_NonCentral	0.001	363.0
WP501	Target_NonCentral	0.058	363.0
WP4205	Target_NonCentral	0.001	363.0
WP2879	Target_NonCentral	0.045	363.5
WP4558	Target_NonCentral	0.079	363.5
WP3664	Target_NonCentral	0.009	363.5
WP4629	Target_Hypergeom	0.385	364.0
WP4204	Target_NonCentral	0.007	364.5
WP2333	Target_NonCentral	0.057	364.5
WP3679	Target_NonCentral	0.005	365.0
WP5101	Target_NonCentral	0.004	365.0
WP4545	Target_NonCentral	0.125	365.0
WP4562	Target_Hypergeom	0.323	365.5
WP3877	Target_NonCentral	0.025	366.0
WP697	Target_NonCentral	0.115	366.0
WP2291	Target_NonCentral	0.039	366.5
WP2942	Target_NonCentral	0.033	367.0
WP4225	Target_NonCentral	0.038	367.5
WP3981	Target_NonCentral	0.004	367.5
WP4016	Target_NonCentral	0.218	368.0
WP1471	Target_NonCentral	0.009	368.0
WP4559	Target_NonCentral	0.007	368.0
WP272	Target_NonCentral	0.026	368.0
WP3596	Target_NonCentral	0.0	368.0
WP35	Target_Hypergeom	0.258	368.0
WP43	Target_Hypergeom	0.344	368.5
WP4549	Target_Hypergeom	0.256	368.5
WP3877	Target_Hypergeom	0.255	368.75
WP3655	Target_NonCentral	0.054	370.0
WP4846	Target_NonCentral	0.008	371.0
WP3869	Target_NonCentral	0.023	371.0
WP107	Target_NonCentral	0.087	371.0
WP3963	Target_NonCentral	0.119	371.0
WP2854	Target_NonCentral	0.017	371.0
WP4719	Target_Hypergeom	0.236	372.0
WP534	Target_Hypergeom	0.343	372.0
WP4949	Target_NonCentral	0.004	372.5
WP4290	Target_NonCentral	0.173	373.0
WP43	Target_NonCentral	0.113	373.0
WP5033	Target_NonCentral	0.007	373.0
WP697	Target_Hypergeom	0.356	373.0
WP4523	Target_NonCentral	0.102	373.5
WP1531	Target_NonCentral	0.011	373.5
WP3967	Target_NonCentral	0.012	373.5
WP2113	Target_NonCentral	0.105	373.5
WP3926	Target_Hypergeom	0.283	374.75
WP1425	Target_NonCentral	0.065	375.0
WP4352	Target_NonCentral	0.066	375.0
WP2112	Target_Hypergeom	0.267	375.25
WP3930	Target_NonCentral	0.032	375.5
WP4342	Target_NonCentral	0.0	376.0
WP4147	Target_NonCentral	0.018	376.0
WP4147	Target_Hypergeom	0.239	376.25
WP2059	Target_NonCentral	0.017	376.5
WP4190	Target_NonCentral	0.085	376.5
WP3934	Target_NonCentral	0.059	376.5
WP4224	Target_NonCentral	0.023	377.0
WP4304	Target_NonCentral	0.046	377.0
WP4786	Target_NonCentral	0.005	377.0
WP4321	Target_Hypergeom	0.228	377.0
WP229	Target_Hypergeom	0.331	377.25
WP4718	Target_Hypergeom	0.305	377.5
WP4917	Target_NonCentral	0.017	377.5
WP1531	Target_Hypergeom	0.24	377.5
WP4752	Target_Hypergeom	0.36	377.75
WP3933	Target_NonCentral	0.034	378.5
WP4269	Target_Hypergeom	0.198	378.75
WP186	Target_NonCentral	0.013	379.0
WP4721	Target_NonCentral	0.063	379.0
WP3874	Target_NonCentral	0.009	379.0
WP2879	Target_Hypergeom	0.267	379.75
WP2509	Target_NonCentral	0.032	380.0
WP4875	Target_Hypergeom	0.266	380.25
WP5052	Target_NonCentral	0.114	380.5
WP206	Target_NonCentral	0.073	380.5
WP2513	Target_Hypergeom	0.239	381.25
WP2536	Target_Hypergeom	0.0	381.25
WP500	Target_NonCentral	0.025	381.5
WP2289	Target_NonCentral	0.071	381.5
WP3944	Target_NonCentral	0.01	381.5
WP4396	Target_NonCentral	0.019	382.5
WP2868	Target_NonCentral	0.0	382.5
WP4586	Target_Hypergeom	0.282	382.5
WP4873	Target_NonCentral	0.034	382.5
WP26	Target_NonCentral	0.013	383.0
WP22	Target_NonCentral	0.004	383.0
WP1438	Target_Hypergeom	0.0	383.5
WP734	Target_NonCentral	0.002	383.5
WP4906	Target_NonCentral	0.006	384.0
WP5095	Target_NonCentral	0.246	384.0
WP4758	Target_Hypergeom	0.216	384.0
WP3845	Target_Hypergeom	0.222	384.25
WP4537	Target_NonCentral	0.008	384.5
WP3297	Target_NonCentral	0.004	385.0
WP4399	Target_NonCentral	0.0	385.0
WP4724	Target_NonCentral	0.036	385.0
WP3890	Target_NonCentral	0.013	385.0
WP4962	Target_NonCentral	0.007	386.0
WP3849	Target_NonCentral	0.037	386.5
WP1992	Target_Hypergeom	0.175	386.5
WP4912	Target_NonCentral	0.065	387.0
WP4971	Target_NonCentral	0.021	387.0
WP268	Target_Hypergeom	0.224	388.0
WP5119	Target_NonCentral	0.014	388.5
WP550	Target_NonCentral	0.057	389.0
WP4656	Target_NonCentral	0.024	389.0
WP1603	Target_NonCentral	0.031	389.75
WP2884	Target_Hypergeom	0.247	390.0
WP716	Target_NonCentral	0.057	390.0
WP3656	Target_NonCentral	0.003	390.5
WP4582	Target_Hypergeom	0.211	390.5
WP4932	Target_Hypergeom	0.213	391.0
WP5101	Target_Hypergeom	0.16	391.0
WP3965	Target_NonCentral	0.014	392.0
WP3858	Target_Hypergeom	0.203	392.25
WP1604	Target_Hypergeom	0.317	392.25
WP3674	Target_NonCentral	0.007	392.5
WP2636	Target_NonCentral	0.014	393.5
WP2525	Target_Hypergeom	0.241	393.5
WP3591	Target_Hypergeom	0.155	393.75
WP4292	Target_NonCentral	0.015	395.0
WP2253	Target_NonCentral	0.009	395.5
WP5039	TFs_Hypergeom	0.14	395.5
WP4904	Target_NonCentral	0.021	396.0
WP4329	Target_NonCentral	0.051	396.0
WP3915	TFs_Hypergeom	0.021	396.25
WP2366	Target_Hypergeom	0.164	396.25
WP1455	Target_NonCentral	0.007	396.5
WP2884	Target_NonCentral	0.035	397.0
WP691	Target_Hypergeom	0.325	397.0
WP2855	Target_Hypergeom	0.181	397.0
WP5074	Target_NonCentral	0.03	397.0
WP1991	TFs_Hypergeom	0.494	397.25
WP4760	Target_NonCentral	0.01	397.5
WP383	Target_NonCentral	0.018	398.0
WP3670	Target_NonCentral	0.003	399.0
WP4249	Target_NonCentral	0.003	399.0
WP143	Target_NonCentral	0.086	399.0
WP4883	Target_Hypergeom	0.226	399.25
WP3879	Target_NonCentral	0.015	399.5
WP3874	Target_Hypergeom	0.151	399.5
WP2911	Target_NonCentral	0.05	400.0
WP3944	Target_Hypergeom	0.153	400.75
WP3630	TFs_Hypergeom	0.47	401.0
WP4541	TFs_Hypergeom	0.035	401.0
WP4874	TFs_Hypergeom	0.111	401.0
WP4566	Target_Hypergeom	0.189	401.5
WP4539	Target_Hypergeom	0.181	402.0
WP4942	Target_NonCentral	0.0	402.0
WP167	Target_Hypergeom	0.174	402.75
WP3947	Target_Hypergeom	0.139	403.25
WP3971	Target_NonCentral	0.018	403.5
WP2814	TFs_Hypergeom	0.468	403.5
WP288	Target_Hypergeom	0.235	403.75
WP3634	Target_Hypergeom	0.217	404.0
WP2646	Target_Hypergeom	0.203	404.0
WP3635	Target_Hypergeom	0.217	404.0
WP4304	TFs_Hypergeom	0.119	404.25
WP286	TFs_Hypergeom	0.1	404.5
WP5036	TFs_Hypergeom	0.09	404.75
WP5113	TFs_Hypergeom	0.096	404.75
WP3645	Target_NonCentral	0.01	405.0
WP408	TFs_Hypergeom	0.092	405.0
WP2516	TFs_Hypergeom	0.103	405.0
WP391	TFs_Hypergeom	0.095	405.25
WP4767	Target_Hypergeom	0.158	405.5
WP205	TFs_Hypergeom	0.098	405.5
WP2884	TFs_Hypergeom	0.011	405.75
WP2876	TFs_Hypergeom	0.096	406.0
WP195	TFs_Hypergeom	0.08	406.0
WP3617	TFs_Hypergeom	0.1	406.0
WP5050	Target_NonCentral	0.0	406.0
WP2875	TFs_Hypergeom	0.094	406.0
WP3580	Target_NonCentral	0.032	406.0
WP186	Target_Hypergeom	0.209	406.25
WP4906	TFs_Hypergeom	0.106	406.5
WP3414	TFs_Hypergeom	0.099	406.5
WP2036	TFs_Hypergeom	0.108	406.5
WP3286	TFs_Hypergeom	0.087	406.5
WP4321	TFs_Hypergeom	0.09	406.5
WP4814	TFs_Hypergeom	0.399	407.5
WP4842	TFs_Hypergeom	0.12	407.5
WP4269	TFs_Hypergeom	0.458	407.5
WP2881	TFs_Hypergeom	0.435	407.75
WP3299	TFs_Hypergeom	0.387	407.75
WP2261	TFs_Hypergeom	0.091	407.75
WP4814	Target_Hypergeom	0.227	407.75
WP5116	Target_NonCentral	0.012	408.0
WP3947	Target_NonCentral	0.0	408.0
WP3644	Target_NonCentral	0.025	408.5
WP4016	TFs_Hypergeom	0.101	408.5
WP3959	TFs_Hypergeom	0.093	409.0
WP1742	TFs_Hypergeom	0.096	409.0
WP1423	Target_NonCentral	0.007	409.0
WP704	Target_NonCentral	0.019	409.0
WP3924	Target_NonCentral	0.016	409.5
WP3891	Target_NonCentral	0.013	409.5
WP5055	TFs_Hypergeom	0.064	409.75
WP4830	Target_Hypergeom	0.185	409.75
WP5124	TFs_Hypergeom	0.003	409.75
WP2059	TFs_Hypergeom	0.0	409.75
WP3853	Target_Hypergeom	0.227	409.75
WP2533	Target_NonCentral	0.025	410.0
WP3982	Target_NonCentral	0.105	410.0
WP4524	Target_NonCentral	0.005	410.0
WP3299	Target_Hypergeom	0.104	410.5
WP4320	TFs_Hypergeom	0.096	410.5
WP3945	Target_Hypergeom	0.192	410.75
WP4389	Target_NonCentral	0.03	411.0
WP3613	TFs_Hypergeom	0.088	411.0
WP313	TFs_Hypergeom	0.055	411.25
WP4298	TFs_Hypergeom	0.072	411.5
WP299	TFs_Hypergeom	0.098	411.5
WP4925	TFs_Hypergeom	0.088	411.75
WP1528	TFs_Hypergeom	0.061	411.75
WP4928	TFs_Hypergeom	0.199	412.0
WP496	Target_NonCentral	0.041	412.0
WP3927	TFs_Hypergeom	0.07	412.0
WP1545	TFs_Hypergeom	0.063	412.0
WP4564	TFs_Hypergeom	0.059	412.0
WP1530	TFs_Hypergeom	0.063	412.0
WP707	TFs_Hypergeom	0.063	412.0
WP4565	TFs_Hypergeom	0.059	412.0
WP2815	TFs_Hypergeom	0.383	412.25
WP1772	TFs_Hypergeom	0.06	412.5
WP3680	TFs_Hypergeom	0.064	412.5
WP176	TFs_Hypergeom	0.063	412.5
WP4970	TFs_Hypergeom	0.067	412.5
WP4559	TFs_Hypergeom	0.065	412.5
WP4259	Target_NonCentral	0.011	412.5
WP3679	Target_Hypergeom	0.094	413.0
WP3938	Target_Hypergeom	0.181	413.0
WP3863	TFs_Hypergeom	0.068	413.0
WP4337	TFs_Hypergeom	0.15	413.0
WP4136	TFs_Hypergeom	0.048	413.0
WP3668	TFs_Hypergeom	0.059	413.0
WP4961	TFs_Hypergeom	0.048	413.0
WP410	TFs_Hypergeom	0.062	413.25
WP22	TFs_Hypergeom	0.078	413.5
WP4141	TFs_Hypergeom	0.06	413.5
WP581	TFs_Hypergeom	0.057	413.5
WP4946	Target_NonCentral	0.243	413.5
WP3893	TFs_Hypergeom	0.095	413.75
WP231	TFs_Hypergeom	0.069	414.0
WP4589	Target_NonCentral	0.022	414.0
WP1455	Target_Hypergeom	0.11	414.0
WP466	Target_Hypergeom	0.367	414.0
WP3298	TFs_Hypergeom	0.062	414.5
WP4504	Target_NonCentral	0.008	414.5
WP3658	TFs_Hypergeom	0.067	414.5
WP4877	TFs_Hypergeom	0.062	414.75
WP3859	TFs_Hypergeom	0.102	415.0
WP3678	TFs_Hypergeom	0.157	415.0
WP438	Target_NonCentral	0.046	415.0
WP2596	Target_NonCentral	0.099	415.0
WP699	Target_NonCentral	0.013	415.0
WP4018	TFs_Hypergeom	0.067	415.25
WP4912	TFs_Hypergeom	0.074	415.5
WP4868	TFs_Hypergeom	0.074	415.5
WP2878	TFs_Hypergeom	0.066	415.75
WP4655	Target_Hypergeom	0.272	416.0
WP5066	TFs_Hypergeom	0.056	416.5
WP3657	TFs_Hypergeom	0.066	416.5
WP732	TFs_Hypergeom	0.058	416.5
WP4197	TFs_Hypergeom	0.06	416.5
WP1601	Target_Hypergeom	0.189	416.5
WP4872	Target_Hypergeom	0.146	416.75
WP3945	TFs_Hypergeom	0.07	417.0
WP3942	TFs_Hypergeom	0.063	417.0
WP4496	TFs_Hypergeom	0.023	417.5
WP4919	TFs_Hypergeom	0.302	417.5
WP4008	TFs_Hypergeom	0.039	417.5
WP5044	TFs_Hypergeom	0.059	417.5
WP2011	TFs_Hypergeom	0.074	417.75
WP357	Target_NonCentral	0.08	418.0
WP4707	Target_NonCentral	0.0	418.0
WP1533	TFs_Hypergeom	0.044	418.0
WP3612	TFs_Hypergeom	0.03	418.0
WP15	TFs_Hypergeom	0.044	418.0
WP262	TFs_Hypergeom	0.044	418.0
WP4829	TFs_Hypergeom	0.04	418.0
WP2249	TFs_Hypergeom	0.036	418.25
WP3	TFs_Hypergeom	0.274	418.5
WP702	Target_NonCentral	0.125	418.5
WP531	Target_NonCentral	0.154	418.5
WP4655	TFs_Hypergeom	0.029	418.5
WP5038	TFs_Hypergeom	0.038	418.5
WP4357	TFs_Hypergeom	0.038	418.5
WP5072	TFs_Hypergeom	0.022	418.5
WP4561	TFs_Hypergeom	0.028	418.5
WP4562	TFs_Hypergeom	0.296	418.5
WP3865	TFs_Hypergeom	0.029	418.5
WP4806	TFs_Hypergeom	0.04	418.5
WP4718	TFs_Hypergeom	0.06	418.5
WP4205	TFs_Hypergeom	0.026	419.0
WP2828	TFs_Hypergeom	0.031	419.0
WP3876	TFs_Hypergeom	0.333	419.0
WP1544	TFs_Hypergeom	0.033	419.0
WP5092	TFs_Hypergeom	0.03	419.0
WP4495	TFs_Hypergeom	0.303	419.0
WP3926	TFs_Hypergeom	0.304	419.25
WP4206	TFs_Hypergeom	0.04	419.25
WP1425	TFs_Hypergeom	0.331	419.5
WP698	Target_NonCentral	0.126	419.5
WP2366	Target_NonCentral	0.0	420.0
WP3640	TFs_Hypergeom	0.036	420.0
WP5063	TFs_Hypergeom	0.256	420.0
WP2118	TFs_Hypergeom	0.034	420.75
WP98	TFs_Hypergeom	0.047	421.0
WP2113	TFs_Hypergeom	0.301	421.0
WP4533	TFs_Hypergeom	0.076	421.0
WP4558	TFs_Hypergeom	0.036	421.0
WP4868	Target_Hypergeom	0.285	421.0
WP4534	TFs_Hypergeom	0.036	421.0
WP3614	TFs_Hypergeom	0.036	421.0
WP4932	TFs_Hypergeom	0.025	421.0
WP4537	TFs_Hypergeom	0.038	421.0
WP5103	TFs_Hypergeom	0.032	421.5
WP2795	TFs_Hypergeom	0.038	421.5
WP4352	TFs_Hypergeom	0.001	421.5
WP1992	Target_NonCentral	0.004	421.5
WP4389	Target_Hypergeom	0.177	421.5
WP2864	TFs_Hypergeom	0.029	421.75
WP3844	TFs_Hypergeom	0.029	421.75
WP368	Target_NonCentral	0.031	422.0
WP4876	Target_NonCentral	0.064	422.0
WP1471	Target_Hypergeom	0.098	422.0
WP4312	TFs_Hypergeom	0.038	422.0
WP3971	TFs_Hypergeom	0.039	422.0
WP1539	TFs_Hypergeom	0.047	422.0
WP4300	TFs_Hypergeom	0.037	422.0
WP4698	TFs_Hypergeom	0.032	422.0
WP2846	Target_Hypergeom	0.205	422.25
WP3408	Target_Hypergeom	0.205	422.25
WP1403	TFs_Hypergeom	0.034	422.25
WP4725	Target_NonCentral	0.007	422.5
WP4286	TFs_Hypergeom	0.045	422.5
WP3301	TFs_Hypergeom	0.221	422.5
WP4823	TFs_Hypergeom	0.035	422.5
WP4560	TFs_Hypergeom	0.035	422.5
WP4535	TFs_Hypergeom	0.024	422.5
WP4147	TFs_Hypergeom	0.305	422.75
WP4342	TFs_Hypergeom	0.289	423.0
WP4481	TFs_Hypergeom	0.007	423.0
WP1434	TFs_Hypergeom	0.209	423.0
WP5074	TFs_Hypergeom	0.037	423.0
WP2363	TFs_Hypergeom	0.01	423.0
WP4174	Target_Hypergeom	0.116	423.0
WP4241	TFs_Hypergeom	0.042	423.0
WP2874	TFs_Hypergeom	0.282	423.0
WP4876	TFs_Hypergeom	0.209	423.0
WP4480	TFs_Hypergeom	0.209	423.0
WP4479	TFs_Hypergeom	0.209	423.0
WP1604	Target_NonCentral	0.217	423.0
WP1559	Target_NonCentral	0.0	423.0
WP3938	Target_NonCentral	0.004	423.0
WP4545	TFs_Hypergeom	0.024	423.5
WP1589	TFs_Hypergeom	0.23	423.5
WP1559	TFs_Hypergeom	0.21	423.5
WP3877	TFs_Hypergeom	0.022	423.5
WP5046	TFs_Hypergeom	0.008	423.5
WP4861	TFs_Hypergeom	0.029	423.5
WP4545	Target_Hypergeom	0.212	423.75
WP2895	Target_Hypergeom	0.116	423.75
WP4747	TFs_Hypergeom	0.008	424.0
WP4142	Target_NonCentral	0.015	424.0
WP4790	TFs_Hypergeom	0.021	424.25
WP516	TFs_Hypergeom	0.037	424.25
WP5120	TFs_Hypergeom	0.213	424.25
WP2035	TFs_Hypergeom	0.018	424.5
WP2813	TFs_Hypergeom	0.042	424.5
WP3853	TFs_Hypergeom	0.187	424.5
WP4846	Target_Hypergeom	0.094	424.75
WP3672	TFs_Hypergeom	0.221	424.75
WP4963	Target_NonCentral	0.109	425.0
WP2916	Target_NonCentral	0.002	425.0
WP5088	TFs_Hypergeom	0.013	425.0
WP306	TFs_Hypergeom	0.0	425.0
WP422	TFs_Hypergeom	0.01	425.0
WP3878	TFs_Hypergeom	0.011	425.0
WP3851	TFs_Hypergeom	0.013	425.0
WP497	Target_NonCentral	0.014	425.0
WP3624	TFs_Hypergeom	0.011	425.5
WP4707	TFs_Hypergeom	0.011	425.5
WP1433	TFs_Hypergeom	0.013	425.5
WP4838	TFs_Hypergeom	0.017	425.5
WP4942	Target_Hypergeom	0.069	425.75
WP4655	Target_NonCentral	0.04	426.0
WP4595	Target_NonCentral	0.002	426.0
WP3850	TFs_Hypergeom	0.018	426.0
WP4969	TFs_Hypergeom	0.005	426.0
WP4320	Target_NonCentral	0.015	426.0
WP2583	TFs_Hypergeom	0.021	426.0
WP3998	TFs_Hypergeom	0.01	426.0
WP2436	Target_Hypergeom	0.142	426.0
WP3937	Target_Hypergeom	0.244	426.25
WP2290	Target_NonCentral	0.005	426.5
WP4758	TFs_Hypergeom	0.012	426.5
WP3664	TFs_Hypergeom	0.041	426.5
WP716	TFs_Hypergeom	0.019	426.5
WP2456	TFs_Hypergeom	0.226	426.5
WP3664	Target_Hypergeom	0.083	426.5
WP3670	TFs_Hypergeom	0.017	426.75
WP3874	TFs_Hypergeom	0.066	426.75
WP2870	TFs_Hypergeom	0.006	426.75
WP4767	TFs_Hypergeom	0.014	427.0
WP3845	TFs_Hypergeom	0.015	427.25
WP2328	TFs_Hypergeom	0.01	427.5
WP4963	TFs_Hypergeom	0.012	427.5
WP4872	TFs_Hypergeom	0.053	427.5
WP47	TFs_Hypergeom	0.103	427.5
WP1531	TFs_Hypergeom	0.199	427.5
WP4720	TFs_Hypergeom	0.196	427.75
WP2361	TFs_Hypergeom	0.011	427.75
WP1433	Target_Hypergeom	0.22	428.0
WP247	Target_NonCentral	0.007	428.0
WP5052	TFs_Hypergeom	0.042	428.25
WP4923	Target_NonCentral	0.001	428.5
WP4830	TFs_Hypergeom	0.015	428.75
WP4249	Target_Hypergeom	0.079	429.0
WP3655	TFs_Hypergeom	0.198	429.0
WP3890	TFs_Hypergeom	0.107	429.0
WP384	TFs_Hypergeom	0.009	429.0
WP5095	TFs_Hypergeom	0.0	429.0
WP3941	TFs_Hypergeom	0.0	429.0
WP4478	TFs_Hypergeom	0.001	429.0
WP4788	TFs_Hypergeom	0.107	429.0
WP2636	TFs_Hypergeom	0.0	429.0
WP2865	TFs_Hypergeom	0.0	429.0
WP3849	TFs_Hypergeom	0.107	429.0
WP3872	TFs_Hypergeom	0.0	429.0
WP4871	TFs_Hypergeom	0.0	429.0
WP3656	TFs_Hypergeom	0.107	429.0
WP3676	TFs_Hypergeom	0.0	429.0
WP4222	TFs_Hypergeom	0.0	429.0
WP4549	TFs_Hypergeom	0.0	429.0
WP1992	TFs_Hypergeom	0.023	429.0
WP2359	Target_NonCentral	0.029	429.0
WP4726	Target_NonCentral	0.007	429.0
WP3935	TFs_Hypergeom	0.035	429.25
WP2038	TFs_Hypergeom	0.0	429.25
WP4538	TFs_Hypergeom	0.0	429.25
WP733	TFs_Hypergeom	0.117	429.25
WP2868	TFs_Hypergeom	0.117	429.25
WP288	TFs_Hypergeom	0.109	429.5
WP3591	TFs_Hypergeom	0.0	429.75
WP3947	TFs_Hypergeom	0.033	429.75
WP3944	TFs_Hypergeom	0.122	429.75
WP5050	TFs_Hypergeom	0.104	430.0
WP5049	TFs_Hypergeom	0.104	430.0
WP4191	TFs_Hypergeom	0.104	430.0
WP4399	TFs_Hypergeom	0.104	430.0
WP314	TFs_Hypergeom	0.0	430.0
WP3982	TFs_Hypergeom	0.0	430.0
WP4284	TFs_Hypergeom	0.104	430.0
WP1601	TFs_Hypergeom	0.0	430.0
WP4313	TFs_Hypergeom	0.0	430.0
WP2447	TFs_Hypergeom	0.0	430.0
WP197	Target_NonCentral	0.123	430.0
WP2816	Target_Hypergeom	0.0	430.0
WP734	Target_Hypergeom	0.083	430.25
WP5101	TFs_Hypergeom	0.004	430.5
WP4186	TFs_Hypergeom	0.113	430.5
WP3593	TFs_Hypergeom	0.128	430.5
WP2879	TFs_Hypergeom	0.006	431.0
WP3996	TFs_Hypergeom	0.0	431.0
WP3930	TFs_Hypergeom	0.116	431.0
WP1584	TFs_Hypergeom	0.0	431.0
WP3413	TFs_Hypergeom	0.018	431.0
WP5116	TFs_Hypergeom	0.108	431.0
WP4950	TFs_Hypergeom	0.0	431.0
WP3869	TFs_Hypergeom	0.0	431.0
WP3938	TFs_Hypergeom	0.122	431.0
WP4705	TFs_Hypergeom	0.045	431.0
WP4220	Target_NonCentral	0.019	431.25
WP4803	TFs_Hypergeom	0.0	431.5
WP4721	TFs_Hypergeom	0.0	431.5
WP5121	TFs_Hypergeom	0.0	431.5
WP4249	TFs_Hypergeom	0.0	431.5
WP3969	TFs_Hypergeom	0.043	431.5
WP4397	TFs_Hypergeom	0.12	431.5
WP4656	TFs_Hypergeom	0.0	431.5
WP4204	TFs_Hypergeom	0.0	431.5
WP2572	TFs_Hypergeom	0.0	431.5
WP2369	TFs_Hypergeom	0.0	431.75
WP4553	TFs_Hypergeom	0.0	431.75
WP3300	TFs_Hypergeom	0.106	432.0
WP4786	TFs_Hypergeom	0.0	432.0
WP268	TFs_Hypergeom	0.0	432.0
WP5033	TFs_Hypergeom	0.013	432.0
WP5109	TFs_Hypergeom	0.018	432.0
WP2943	TFs_Hypergeom	0.107	432.0
WP4483	TFs_Hypergeom	0.0	432.0
WP5027	Target_NonCentral	0.013	432.0
WP5064	Target_NonCentral	0.067	432.0
WP2289	TFs_Hypergeom	0.032	432.0
WP4537	Target_Hypergeom	0.089	432.25
WP405	TFs_Hypergeom	0.0	432.25
WP4942	TFs_Hypergeom	0.006	432.25
WP3297	TFs_Hypergeom	0.084	432.5
WP3674	TFs_Hypergeom	0.102	432.5
WP47	Target_Hypergeom	0.147	432.75
WP3299	Target_NonCentral	0.0	433.5
WP4785	Target_NonCentral	0.007	434.0
WP383	TFs_Hypergeom	0.0	434.5
WP51	TFs_Hypergeom	0.0	434.5
WP4753	TFs_Hypergeom	0.0	434.5
WP690	TFs_Hypergeom	0.0	434.5
WP4586	TFs_Hypergeom	0.0	434.5
WP561	TFs_Hypergeom	0.0	434.5
WP4507	TFs_Hypergeom	0.0	434.5
WP3943	TFs_Hypergeom	0.0	434.5
WP3302	TFs_Hypergeom	0.0	434.5
WP1422	TFs_Hypergeom	0.0	434.5
WP2366	TFs_Hypergeom	0.0	434.5
WP4521	TFs_Hypergeom	0.0	434.5
WP4148	TFs_Hypergeom	0.0	434.5
WP3934	TFs_Hypergeom	0.0	434.5
WP411	TFs_Hypergeom	0.0	434.5
WP3596	TFs_Hypergeom	0.0	434.5
WP5110	TFs_Hypergeom	0.0	434.5
WP5108	TFs_Hypergeom	0.0	434.5
WP3627	TFs_Hypergeom	0.0	434.5
WP4536	TFs_Hypergeom	0.0	434.5
WP4146	TFs_Hypergeom	0.0	434.5
WP272	TFs_Hypergeom	0.0	434.5
WP2338	TFs_Hypergeom	0.0	434.5
WP1438	TFs_Hypergeom	0.0	434.5
WP5111	TFs_Hypergeom	0.0	434.5
WP4873	TFs_Hypergeom	0.0	434.5
WP4883	TFs_Hypergeom	0.0	434.5
WP4225	TFs_Hypergeom	0.0	434.5
WP2536	TFs_Hypergeom	0.0	434.5
WP4566	TFs_Hypergeom	0.0	434.5
WP2453	TFs_Hypergeom	0.0	434.5
WP4818	TFs_Hypergeom	0.0	434.5
WP2371	TFs_Hypergeom	0.0	434.5
WP3585	TFs_Hypergeom	0.0	434.5
WP3287	TFs_Hypergeom	0.0	434.5
WP5112	TFs_Hypergeom	0.0	434.5
WP691	TFs_Hypergeom	0.0	434.5
WP2525	TFs_Hypergeom	0.0	434.5
WP100	TFs_Hypergeom	0.0	434.5
WP4539	TFs_Hypergeom	0.0	434.5
WP5076	TFs_Hypergeom	0.0	434.5
WP4142	TFs_Hypergeom	0.0	434.5
WP4966	TFs_Hypergeom	0.0	434.5
WP4725	TFs_Hypergeom	0.0	434.5
WP1946	TFs_Hypergeom	0.0	434.5
WP497	TFs_Hypergeom	0.0	434.5
WP4853	TFs_Hypergeom	0.0	434.5
WP4582	TFs_Hypergeom	0.0	434.5
WP4940	TFs_Hypergeom	0.0	434.5
WP2291	TFs_Hypergeom	0.0	434.5
WP455	TFs_Hypergeom	0.0	434.5
WP5089	TFs_Hypergeom	0.0	434.5
WP2197	TFs_Hypergeom	0.0	434.5
WP4846	TFs_Hypergeom	0.0	434.5
WP678	TFs_Hypergeom	0.0	434.5
WP4236	TFs_Hypergeom	0.0	434.5
WP4875	TFs_Hypergeom	0.0	434.5
WP143	TFs_Hypergeom	0.0	434.5
WP3645	TFs_Hypergeom	0.0	434.5
WP2889	TFs_Hypergeom	0.0	434.5
WP4290	TFs_Hypergeom	0.0	434.5
WP2640	TFs_Hypergeom	0.0	434.5
WP4946	TFs_Hypergeom	0.0	434.5
WP4724	TFs_Hypergeom	0.0	434.5
WP5119	TFs_Hypergeom	0.0	434.5
WP2942	TFs_Hypergeom	0.0	434.5
WP3666	TFs_Hypergeom	0.0	434.5
WP550	TFs_Hypergeom	0.0	434.5
WP4524	TFs_Hypergeom	0.0	434.5
WP35	TFs_Hypergeom	0.0	434.5
WP4860	TFs_Hypergeom	0.0	434.5
WP4240	TFs_Hypergeom	0.0	434.5
WP4863	TFs_Hypergeom	0.0	434.5
WP5117	TFs_Hypergeom	0.0	434.5
WP357	TFs_Hypergeom	0.0	434.5
WP43	TFs_Hypergeom	0.0	434.5
WP4920	TFs_Hypergeom	0.0	434.5
WP3580	TFs_Hypergeom	0.0	434.5
WP4532	TFs_Hypergeom	0.0	434.5
WP4584	TFs_Hypergeom	0.0	434.5
WP534	TFs_Hypergeom	0.0	434.5
WP3875	TFs_Hypergeom	0.0	434.5
WP311	TFs_Hypergeom	0.0	434.5
WP4233	TFs_Hypergeom	0.0	434.5
WP2253	TFs_Hypergeom	0.0	434.5
WP2826	TFs_Hypergeom	0.0	434.5
WP530	TFs_Hypergeom	0.0	434.5
WP4299	TFs_Hypergeom	0.0	434.5
WP1981	TFs_Hypergeom	0.0	434.5
WP500	TFs_Hypergeom	0.0	434.5
WP4921	TFs_Hypergeom	0.0	434.5
WP4947	TFs_Hypergeom	0.0	434.5
WP186	TFs_Hypergeom	0.0	434.5
WP4157	TFs_Hypergeom	0.0	434.5
WP247	TFs_Hypergeom	0.0	434.5
WP2848	TFs_Hypergeom	0.0	434.5
WP1602	TFs_Hypergeom	0.0	434.5
WP4292	TFs_Hypergeom	0.0	434.5
WP3679	TFs_Hypergeom	0.0	434.5
WP2272	TFs_Hypergeom	0.0	434.5
WP2916	TFs_Hypergeom	0.0	434.5
WP4317	TFs_Hypergeom	0.0	434.5
WP2854	TFs_Hypergeom	0.0	434.5
WP3940	TFs_Hypergeom	0.0	434.5
WP4519	TFs_Hypergeom	0.0	434.5
WP496	TFs_Hypergeom	0.0	434.5
WP334	TFs_Hypergeom	0.0	434.5
WP4583	TFs_Hypergeom	0.0	434.5
WP4931	TFs_Hypergeom	0.0	434.5
WP3937	TFs_Hypergeom	0.0	434.5
WP4493	TFs_Hypergeom	0.0	434.5
WP106	TFs_Hypergeom	0.0	434.5
WP5027	TFs_Hypergeom	0.0	434.5
WP4506	TFs_Hypergeom	0.0	434.5
WP688	TFs_Hypergeom	0.0	434.5
WP2436	TFs_Hypergeom	0.0	434.5
WP2911	TFs_Hypergeom	0.0	434.5
WP465	TFs_Hypergeom	0.0	434.5
WP2509	TFs_Hypergeom	0.0	434.5
WP2816	TFs_Hypergeom	0.0	434.5
WP5064	TFs_Hypergeom	0.0	434.5
WP4297	TFs_Hypergeom	0.0	434.5
WP5061	TFs_Hypergeom	0.0	434.5
WP5065	TFs_Hypergeom	0.0	434.5
WP1604	TFs_Hypergeom	0.0	434.5
WP554	TFs_Hypergeom	0.0	434.5
WP4194	TFs_Hypergeom	0.0	434.5
WP129	TFs_Hypergeom	0.0	434.5
WP521	TFs_Hypergeom	0.0	434.5
WP702	TFs_Hypergeom	0.0	434.5
WP524	TFs_Hypergeom	0.0	434.5
WP3933	TFs_Hypergeom	0.0	434.5
WP78	TFs_Hypergeom	0.0	434.5
WP4518	TFs_Hypergeom	0.0	434.5
WP3924	TFs_Hypergeom	0.0	434.5
WP197	TFs_Hypergeom	0.0	434.5
WP4719	TFs_Hypergeom	0.0	434.5
WP453	TFs_Hypergeom	0.0	434.5
WP4785	TFs_Hypergeom	0.0	434.5
WP558	TFs_Hypergeom	0.0	434.5
WP404	TFs_Hypergeom	0.0	434.5
WP4884	TFs_Hypergeom	0.0	434.5
WP699	TFs_Hypergeom	0.0	434.5
WP4190	TFs_Hypergeom	0.0	434.5
WP4022	TFs_Hypergeom	0.0	434.5
WP1471	TFs_Hypergeom	0.0	434.5
WP3871	TFs_Hypergeom	0.0	434.5
WP4742	TFs_Hypergeom	0.0	434.5
WP2806	TFs_Hypergeom	0.0	434.5
WP501	TFs_Hypergeom	0.0	434.5
WP4324	TFs_Hypergeom	0.0	434.5
WP2276	TFs_Hypergeom	0.0	434.5
WP4577	TFs_Hypergeom	0.0	434.5
WP4174	TFs_Hypergeom	0.0	434.5
WP4571	TFs_Hypergeom	0.0	434.5
WP4723	TFs_Hypergeom	0.0	434.5
WP477	TFs_Hypergeom	0.0	434.5
WP3407	TFs_Hypergeom	0.0	434.5
WP661	TFs_Hypergeom	0.0	434.5
WP3644	TFs_Hypergeom	0.0	434.5
WP5090	TFs_Hypergeom	0.0	434.5
WP2507	TFs_Hypergeom	0.0	434.5
WP3958	TFs_Hypergeom	0.0	434.5
WP4752	TFs_Hypergeom	0.0	434.5
WP80	TFs_Hypergeom	0.0	434.5
WP4153	TFs_Hypergeom	0.0	434.5
WP692	TFs_Hypergeom	0.0	434.5
WP3965	TFs_Hypergeom	0.0	434.5
WP4856	TFs_Hypergeom	0.0	434.5
WP466	TFs_Hypergeom	0.0	434.5
WP430	TFs_Hypergeom	0.0	434.5
WP229	TFs_Hypergeom	0.0	434.5
WP167	TFs_Hypergeom	0.0	434.5
WP4504	TFs_Hypergeom	0.0	434.5
WP183	TFs_Hypergeom	0.0	434.5
WP1603	TFs_Hypergeom	0.0	434.5
WP2805	TFs_Hypergeom	0.0	434.5
WP2491	TFs_Hypergeom	0.0	434.5
WP3529	TFs_Hypergeom	0.0	434.5
WP5118	TFs_Hypergeom	0.0	434.5
WP3408	TFs_Hypergeom	0.0	434.5
WP4726	TFs_Hypergeom	0.0	434.5
WP4900	TFs_Hypergeom	0.0	434.5
WP111	TFs_Hypergeom	0.0	434.5
WP1495	TFs_Hypergeom	0.0	434.5
WP3925	TFs_Hypergeom	0.0	434.5
WP134	TFs_Hypergeom	0.0	434.5
WP4784	TFs_Hypergeom	0.0	434.5
WP3963	TFs_Hypergeom	0.0	434.5
WP5030	TFs_Hypergeom	0.0	434.5
WP26	TFs_Hypergeom	0.0	434.5
WP2597	TFs_Hypergeom	0.0	434.5
WP696	TFs_Hypergeom	0.0	434.5
WP2513	TFs_Hypergeom	0.0	434.5
WP4301	TFs_Hypergeom	0.0	434.5
WP4792	TFs_Hypergeom	0.0	434.5
WP4804	TFs_Hypergeom	0.0	434.5
WP4159	TFs_Hypergeom	0.0	434.5
WP5104	TFs_Hypergeom	0.0	434.5
WP3879	TFs_Hypergeom	0.0	434.5
WP4156	TFs_Hypergeom	0.0	434.5
WP528	TFs_Hypergeom	0.0	434.5
WP2596	TFs_Hypergeom	0.0	434.5
WP4462	TFs_Hypergeom	0.0	434.5
WP4288	TFs_Hypergeom	0.0	434.5
WP4224	TFs_Hypergeom	0.0	434.5
WP4722	TFs_Hypergeom	0.0	434.5
WP322	TFs_Hypergeom	0.0	434.5
WP4523	TFs_Hypergeom	0.0	434.5
WP545	TFs_Hypergeom	0.0	434.5
WP3635	TFs_Hypergeom	0.0	434.5
WP368	TFs_Hypergeom	0.0	434.5
WP4760	TFs_Hypergeom	0.0	434.5
WP4494	TFs_Hypergeom	0.0	434.5
WP4904	TFs_Hypergeom	0.0	434.5
WP4789	TFs_Hypergeom	0.0	434.5
WP1995	TFs_Hypergeom	0.0	434.5
WP4400	TFs_Hypergeom	0.0	434.5
WP2542	TFs_Hypergeom	0.0	434.5
WP2645	TFs_Hypergeom	0.0	434.5
WP4751	TFs_Hypergeom	0.0	434.5
WP58	TFs_Hypergeom	0.0	434.5
WP4522	TFs_Hypergeom	0.0	434.5
WP4971	TFs_Hypergeom	0.0	434.5
WP704	TFs_Hypergeom	0.0	434.5
WP5031	TFs_Hypergeom	0.0	434.5
WP623	TFs_Hypergeom	0.0	434.5
WP4922	TFs_Hypergeom	0.0	434.5
WP4891	TFs_Hypergeom	0.0	434.5
WP4629	TFs_Hypergeom	0.0	434.5
WP4259	TFs_Hypergeom	0.0	434.5
WP4688	TFs_Hypergeom	0.0	434.5
WP5114	TFs_Hypergeom	0.0	434.5
WP727	TFs_Hypergeom	0.0	434.5
WP4905	TFs_Hypergeom	0.0	434.5
WP2290	TFs_Hypergeom	0.0	434.5
WP3595	TFs_Hypergeom	0.0	434.5
WP4189	TFs_Hypergeom	0.0	434.5
WP2359	TFs_Hypergeom	0.0	434.5
WP4210	TFs_Hypergeom	0.0	434.5
WP697	TFs_Hypergeom	0.0	434.5
WP4923	TFs_Hypergeom	0.0	434.5
WP4030	TFs_Hypergeom	0.0	434.5
WP4661	TFs_Hypergeom	0.0	434.5
WP12	TFs_Hypergeom	0.0	434.5
WP4799	TFs_Hypergeom	0.0	434.5
WP1455	TFs_Hypergeom	0.0	434.5
WP4917	TFs_Hypergeom	0.0	434.5
WP4927	TFs_Hypergeom	0.0	434.5
WP4815	TFs_Hypergeom	0.0	434.5
WP1424	TFs_Hypergeom	0.0	434.5
WP2485	TFs_Hypergeom	0.0	434.5
WP4220	TFs_Hypergeom	0.0	434.5
WP2333	TFs_Hypergeom	0.0	434.5
WP438	TFs_Hypergeom	0.0	434.5
WP3891	TFs_Hypergeom	0.0	434.5
WP4864	TFs_Hypergeom	0.0	434.5
WP4595	TFs_Hypergeom	0.0	434.5
WP2267	TFs_Hypergeom	0.0	434.5
WP4589	TFs_Hypergeom	0.0	434.5
WP3601	TFs_Hypergeom	0.0	434.5
WP136	TFs_Hypergeom	0.0	434.5
WP3633	TFs_Hypergeom	0.0	434.5
WP5037	TFs_Hypergeom	0.0	434.5
WP4389	TFs_Hypergeom	0.0	434.5
WP531	TFs_Hypergeom	0.0	434.5
WP4150	TFs_Hypergeom	0.0	434.5
WP325	TFs_Hypergeom	0.0	434.5
WP1941	TFs_Hypergeom	0.0	434.5
WP244	TFs_Hypergeom	0.0	434.5
WP2846	TFs_Hypergeom	0.0	434.5
WP206	TFs_Hypergeom	0.0	434.5
WP2643	TFs_Hypergeom	0.0	434.5
WP2007	TFs_Hypergeom	0.0	434.5
WP24	TFs_Hypergeom	0.0	434.5
WP694	TFs_Hypergeom	0.0	434.5
WP5122	TFs_Hypergeom	0.0	434.5
WP4962	TFs_Hypergeom	0.0	434.5
WP2646	TFs_Hypergeom	0.0	434.5
WP536	TFs_Hypergeom	0.0	434.5
WP107	TFs_Hypergeom	0.0	434.5
WP3634	TFs_Hypergeom	0.0	434.5
WP117	TFs_Hypergeom	0.0	434.5
WP1423	TFs_Hypergeom	0.0	434.5
WP185	TFs_Hypergeom	0.0	434.5
WP4228	TFs_Hypergeom	0.0	434.5
WP241	TFs_Hypergeom	0.0	434.5
WP2533	TFs_Hypergeom	0.0	434.5
WP4484	TFs_Hypergeom	0.0	434.5
WP4918	TFs_Hypergeom	0.0	434.5
WP698	TFs_Hypergeom	0.0	434.5
WP1600	TFs_Hypergeom	0.0	434.5
WP4271	TFs_Hypergeom	0.0	434.5
WP1981	Target_Hypergeom	0.28	435.25
WP1438	Target_NonCentral	0.0	437.0
WP4804	Target_NonCentral	0.006	437.0
WP4030	Target_NonCentral	0.0	437.5
WP4584	Target_NonCentral	0.016	438.0
WP410	Target_Hypergeom	0.208	438.75
WP391	Target_Hypergeom	0.153	440.0
WP4297	Target_NonCentral	0.021	440.5
WP2023	Target_NonCentral	0.008	440.5
WP4299	Target_Hypergeom	0.0	440.5
WP3674	Target_Hypergeom	0.073	440.75
WP4284	Target_NonCentral	0.0	441.0
WP241	Target_Hypergeom	0.081	441.5
WP2453	Target_NonCentral	0.003	442.0
WP4284	Target_Hypergeom	0.017	442.0
WP3595	Target_NonCentral	0.026	443.0
WP4760	Target_Hypergeom	0.071	443.0
WP411	Target_NonCentral	0.041	443.5
WP5104	Target_NonCentral	0.004	444.0
WP5118	Target_NonCentral	0.021	444.0
WP4753	Target_NonCentral	0.103	444.5
WP3585	Target_NonCentral	0.053	444.5
WP716	Target_Hypergeom	0.154	444.5
WP4786	Target_Hypergeom	0.065	445.0
WP3300	Target_NonCentral	0.001	445.5
WP4856	Target_Hypergeom	0.099	446.0
WP5038	Target_Hypergeom	0.079	446.0
WP2826	Target_NonCentral	0.0	446.0
WP4288	Target_Hypergeom	0.08	446.25
WP1545	Target_NonCentral	0.0	447.0
WP3940	Target_Hypergeom	0.044	447.0
WP100	Target_NonCentral	0.011	447.5
WP4240	Target_NonCentral	0.027	448.0
WP496	Target_Hypergeom	0.187	448.5
WP5117	Target_Hypergeom	0.084	450.0
WP536	Target_Hypergeom	0.129	450.0
WP3965	Target_Hypergeom	0.071	450.25
WP2509	Target_Hypergeom	0.104	450.5
WP5114	Target_NonCentral	0.094	451.0
WP4558	Target_Hypergeom	0.163	451.25
WP4962	Target_Hypergeom	0.059	451.5
WP3891	Target_Hypergeom	0.1	451.5
WP733	Target_Hypergeom	0.054	451.5
WP3849	Target_Hypergeom	0.111	451.75
WP4657	Target_Hypergeom	0.085	452.0
WP3924	Target_Hypergeom	0.126	452.0
WP4301	Target_NonCentral	0.019	452.5
WP2536	Target_NonCentral	0.0	453.0
WP4905	Target_NonCentral	0.0	454.0
WP2846	Target_NonCentral	0.0	454.5
WP3408	Target_NonCentral	0.0	454.5
WP5061	Target_NonCentral	0.146	455.0
WP3958	Target_NonCentral	0.002	455.0
WP2646	Target_NonCentral	0.0	455.0
WP4722	Target_NonCentral	0.002	455.0
WP5089	Target_NonCentral	0.003	455.5
WP2249	Target_Hypergeom	0.0	456.5
WP4947	Target_NonCentral	0.0	456.5
WP4906	Target_Hypergeom	0.025	457.0
WP1424	Target_NonCentral	0.0	457.0
WP733	Target_NonCentral	0.0	457.0
WP3879	Target_Hypergeom	0.082	457.5
WP4299	Target_NonCentral	0.0	458.0
WP4320	Target_Hypergeom	0.078	458.5
WP2826	Target_Hypergeom	0.044	459.25
WP4174	Target_NonCentral	0.0	459.5
WP206	Target_Hypergeom	0.149	459.75
WP1602	Target_NonCentral	0.006	460.0
WP4788	Target_NonCentral	0.002	461.5
WP2816	Target_NonCentral	0.0	462.0
WP4286	Target_Hypergeom	0.124	462.0
WP1603	Target_Hypergeom	0.121	462.0
WP4688	Target_NonCentral	0.001	462.0
WP4720	Target_NonCentral	0.027	462.5
WP2249	Target_NonCentral	0.0	462.5
WP4947	Target_Hypergeom	0.015	462.5
WP531	Target_Hypergeom	0.262	462.75
WP106	Target_NonCentral	0.04	464.5
WP4784	Target_NonCentral	0.016	465.5
WP524	Target_Hypergeom	0.045	466.25
WP528	Target_Hypergeom	0.094	466.5
WP699	Target_Hypergeom	0.086	466.5
WP4720	Target_Hypergeom	0.12	467.5
WP4286	Target_NonCentral	0.104	468.0
WP5050	Target_Hypergeom	0.01	468.75
WP4705	Target_NonCentral	0.006	469.5
WP2059	Target_Hypergeom	0.05	470.0
WP4900	Target_NonCentral	0.006	470.0
WP1589	Target_Hypergeom	0.084	470.25
WP1422	Target_NonCentral	0.006	470.5
WP4799	Target_NonCentral	0.009	471.5
WP2361	Target_Hypergeom	0.073	471.5
WP2371	Target_NonCentral	0.004	471.5
WP4792	Target_NonCentral	0.002	472.5
WP3876	Target_Hypergeom	0.068	472.75
WP4533	Target_Hypergeom	0.037	473.75
WP334	Target_NonCentral	0.008	475.0
WP678	Target_NonCentral	0.102	475.5
WP4583	Target_NonCentral	0.024	475.5
WP4220	Target_Hypergeom	0.134	477.0
WP4225	Target_Hypergeom	0.076	477.0
WP4290	Target_Hypergeom	0.227	477.75
WP465	Target_Hypergeom	0.088	477.75
WP4861	Target_Hypergeom	0.046	478.5
WP3300	Target_Hypergeom	0.014	482.0
WP22	Target_Hypergeom	0.015	482.75
WP4724	Target_Hypergeom	0.065	483.25
WP4159	Target_NonCentral	0.006	483.5
WP4030	Target_Hypergeom	0.0	486.0
WP4222	Target_Hypergeom	0.063	486.0
WP4271	Target_NonCentral	0.004	487.0
WP117	Target_NonCentral	0.001	488.0
WP183	Target_NonCentral	0.003	488.5
WP325	Target_NonCentral	0.025	489.0
WP4190	Target_Hypergeom	0.12	490.75
WP1424	Target_Hypergeom	0.005	490.75
WP2369	Target_NonCentral	0.006	491.0
WP3676	Target_Hypergeom	0.03	491.0
WP704	Target_Hypergeom	0.054	491.75
WP3963	Target_Hypergeom	0.139	491.75
WP4259	Target_Hypergeom	0.059	492.75
WP732	Target_Hypergeom	0.022	493.0
WP4518	Target_NonCentral	0.0	493.25
WP2253	Target_Hypergeom	0.012	494.75
WP5116	Target_Hypergeom	0.047	495.75
WP4224	Target_Hypergeom	0.031	496.5
WP4723	Target_Hypergeom	0.07	497.0
WP4940	Target_NonCentral	0.0	497.25
WP5052	Target_Hypergeom	0.131	497.5
WP2333	Target_Hypergeom	0.076	497.5
WP4829	Target_Hypergeom	0.031	498.0
WP26	Target_Hypergeom	0.018	498.5
WP4946	Target_Hypergeom	0.283	499.5
WP466	Target_NonCentral	0.206	499.5
WP2007	Target_Hypergeom	0.038	499.5
WP4595	Target_Hypergeom	0.006	500.0
WP4022	Target_NonCentral	0.158	500.0
WP2029	Target_NonCentral	0.001	500.5
WP4904	Target_Hypergeom	0.035	502.75
WP404	Target_Hypergeom	0.137	503.0
WP5104	Target_Hypergeom	0.012	504.75
WP2854	Target_Hypergeom	0.018	505.5
WP3930	Target_Hypergeom	0.033	505.5
WP545	Target_NonCentral	0.002	506.0
WP4553	Target_NonCentral	0.0	506.5
WP692	Target_NonCentral	0.004	506.5
WP5118	Target_Hypergeom	0.042	507.25
WP383	Target_Hypergeom	0.031	507.5
WP5064	Target_Hypergeom	0.082	511.0
WP4688	Target_Hypergeom	0.016	512.0
WP4150	Target_Hypergeom	0.015	512.0
WP4584	Target_Hypergeom	0.041	512.75
WP4971	Target_Hypergeom	0.019	513.75
WP3580	Target_Hypergeom	0.043	514.0
WP3655	Target_Hypergeom	0.047	514.5
WP2113	Target_Hypergeom	0.101	514.5
WP422	Target_Hypergeom	0.009	516.5
WP2636	Target_Hypergeom	0.016	518.0
WP4742	Target_NonCentral	0.01	518.0
WP678	Target_Hypergeom	0.116	518.25
WP405	Target_NonCentral	0.0	518.5
WP357	Target_Hypergeom	0.097	519.0
WP4912	Target_Hypergeom	0.05	521.0
WP2453	Target_Hypergeom	0.004	521.75
WP197	Target_Hypergeom	0.133	522.0
WP2911	Target_Hypergeom	0.045	522.0
WP698	Target_Hypergeom	0.13	523.0
WP2596	Target_Hypergeom	0.104	523.5
WP3644	Target_Hypergeom	0.027	524.5
WP3869	Target_Hypergeom	0.013	524.5
WP4799	Target_Hypergeom	0.018	525.5
WP1423	Target_Hypergeom	0.006	526.0
WP3934	Target_Hypergeom	0.032	527.25
WP4240	Target_Hypergeom	0.037	529.0
WP2023	Target_Hypergeom	0.009	530.5
WP4753	Target_Hypergeom	0.115	530.75
WP4788	Target_Hypergeom	0.002	530.75
WP5119	Target_Hypergeom	0.008	531.25
WP2916	Target_Hypergeom	0.002	531.5
WP500	Target_Hypergeom	0.007	532.5
WP4504	Target_Hypergeom	0.003	532.5
WP4905	Target_Hypergeom	0.001	533.25
WP4721	Target_Hypergeom	0.039	534.0
WP550	Target_Hypergeom	0.034	535.5
WP3925	Target_Hypergeom	0.052	536.0
WP4923	Target_Hypergeom	0.0	537.0
WP501	Target_Hypergeom	0.011	541.0
WP4705	Target_Hypergeom	0.008	541.0
WP2942	Target_Hypergeom	0.01	542.0
WP5074	Target_Hypergeom	0.007	542.5
WP3585	Target_Hypergeom	0.042	542.75
WP1425	Target_Hypergeom	0.017	542.75
WP3958	Target_Hypergeom	0.002	542.75
WP5114	Target_Hypergeom	0.084	543.0
WP4804	Target_Hypergeom	0.0	546.0
WP4722	Target_Hypergeom	0.001	546.0
WP4917	Target_Hypergeom	0.004	546.0
WP702	Target_Hypergeom	0.109	547.0
WP3529	Target_NonCentral	0.002	547.0
WP3595	Target_Hypergeom	0.013	547.5
WP2267	Target_Hypergeom	0.024	551.0
WP455	Target_NonCentral	0.005	552.0
WP3933	Target_Hypergeom	0.006	552.0
WP4553	Target_Hypergeom	0.001	553.0
WP4292	Target_Hypergeom	0.005	554.25
WP4518	Target_Hypergeom	0.0	556.0
WP5089	Target_Hypergeom	0.002	556.25
WP4725	Target_Hypergeom	0.002	557.0
WP4940	Target_Hypergeom	0.0	557.75
WP111	Target_NonCentral	0.0	558.0
WP24	Target_Hypergeom	0.004	559.0
WP438	Target_Hypergeom	0.011	559.0
WP4352	Target_Hypergeom	0.019	560.0
WP4297	Target_Hypergeom	0.006	560.0
WP100	Target_Hypergeom	0.004	560.0
WP4785	Target_Hypergeom	0.004	560.25
WP3971	Target_Hypergeom	0.002	560.5
WP247	Target_Hypergeom	0.001	560.75
WP4726	Target_Hypergeom	0.002	562.0
WP2290	Target_Hypergeom	0.0	562.5
WP4803	Target_NonCentral	0.008	563.0
WP4577	Target_Hypergeom	0.0	563.25
WP2029	Target_Hypergeom	0.001	564.5
WP497	Target_Hypergeom	0.0	566.25
WP2291	Target_Hypergeom	0.003	566.5
WP143	Target_Hypergeom	0.015	568.75
WP325	Target_Hypergeom	0.009	569.0
WP3645	Target_Hypergeom	0.002	571.0
WP477	Target_NonCentral	0.124	574.0
WP334	Target_Hypergeom	0.0	576.5
WP4792	Target_Hypergeom	0.0	578.5
WP107	Target_Hypergeom	0.012	579.0
WP4589	Target_Hypergeom	0.001	579.5
WP5061	Target_Hypergeom	0.071	579.75
WP4536	Target_NonCentral	0.002	580.0
WP368	Target_Hypergeom	0.002	580.0
WP1422	Target_Hypergeom	0.0	580.0
WP183	Target_Hypergeom	0.0	583.0
WP4142	Target_Hypergeom	0.0	584.0
WP2533	Target_Hypergeom	0.0	585.5
WP1602	Target_Hypergeom	0.0	586.0
WP106	Target_Hypergeom	0.01	586.5
WP4022	Target_Hypergeom	0.04	587.0
WP2359	Target_Hypergeom	0.0	588.0
WP4583	Target_Hypergeom	0.001	589.5
WP4863	Target_NonCentral	0.041	591.5
WP4742	Target_Hypergeom	0.005	592.5
WP5027	Target_Hypergeom	0.0	593.5
WP4656	Target_Hypergeom	0.0	594.0
WP4271	Target_Hypergeom	0.0	595.0
WP4301	Target_Hypergeom	0.0	596.5
WP117	Target_Hypergeom	0.0	597.0
WP2371	Target_Hypergeom	0.0	599.0
WP692	Target_Hypergeom	0.0	599.5
WP4900	Target_Hypergeom	0.0	599.5
WP4784	Target_Hypergeom	0.0	602.0
WP2369	Target_Hypergeom	0.0	605.0
WP411	Target_Hypergeom	0.0	605.0
WP4159	Target_Hypergeom	0.0	608.25
WP623	Target_NonCentral	0.002	608.5
WP477	Target_Hypergeom	0.12	609.0
WP4803	Target_Hypergeom	0.0	611.0
WP455	Target_Hypergeom	0.0	611.0
WP545	Target_Hypergeom	0.0	613.25
WP4536	Target_Hypergeom	0.0	616.0
WP111	Target_Hypergeom	0.0	618.0
WP405	Target_Hypergeom	0.0	618.5
WP2542	Target_NonCentral	0.016	622.25
WP2542	Target_Hypergeom	0.019	622.25
WP3529	Target_Hypergeom	0.0	623.0
WP694	Target_NonCentral	0.024	625.5
WP694	Target_Hypergeom	0.004	625.5
WP4863	Target_Hypergeom	0.0	629.75
WP623	Target_Hypergeom	0.0	634.75
WP4521	Target_NonCentral	0.003	637.0
WP5076	Target_NonCentral	0.016	637.75
WP5076	Target_Hypergeom	0.033	637.75
WP561	Target_Hypergeom	0.061	638.25
WP561	Target_NonCentral	0.123	638.25
WP4521	Target_Hypergeom	0.0	638.5
WP661	Target_Hypergeom	0.0	638.75
WP661	Target_NonCentral	0.0	638.75
WP136	Target_NonCentral	0.019	639.5
WP136	Target_Hypergeom	0.003	639.5
WP4927	Target_NonCentral	0.016	639.5
WP2276	Target_Hypergeom	0.104	639.5
WP4927	Target_Hypergeom	0.003	639.5
WP2276	Target_NonCentral	0.114	639.5
WP4966	Target_Hypergeom	0.043	640.0
WP3871	Target_Hypergeom	0.0	640.0
WP3871	Target_NonCentral	0.037	640.0
WP4966	Target_NonCentral	0.063	640.0
WP4818	Target_Hypergeom	0.056	640.5
WP58	Target_Hypergeom	0.0	640.5
WP1600	Target_Hypergeom	0.033	640.5
WP4532	Target_NonCentral	0.009	640.5
WP1600	Target_NonCentral	0.076	640.5
WP58	Target_NonCentral	0.035	640.5
WP4818	Target_NonCentral	0.038	640.5
WP4922	Target_NonCentral	0.0	641.25
WP5037	Target_Hypergeom	0.0	641.25
WP5037	Target_NonCentral	0.002	641.25
WP5031	Target_NonCentral	0.038	642.0
WP5031	Target_Hypergeom	0.013	642.0
WP4532	Target_Hypergeom	0.0	642.25
WP4922	Target_Hypergeom	0.0	643.0
WP2943	Target_NonCentral	0.044	643.75
WP2943	Target_Hypergeom	0.053	643.75
WP4571	Target_Hypergeom	0.003	644.0
WP4571	Target_NonCentral	0.034	644.0
WP1495	Target_NonCentral	0.003	645.0
WP1495	Target_Hypergeom	0.005	645.0
WP80	Target_Hypergeom	0.0	645.5
WP80	Target_NonCentral	0.005	645.5
WP2338	Target_Hypergeom	0.002	645.75
WP2338	Target_NonCentral	0.011	645.75
WP2805	Target_Hypergeom	0.002	645.75
WP2805	Target_NonCentral	0.011	645.75
WP3875	Target_NonCentral	0.025	646.0
WP4853	Target_Hypergeom	0.0	646.0
WP1941	Target_NonCentral	0.023	646.0
WP4853	Target_NonCentral	0.037	646.0
WP1941	Target_Hypergeom	0.008	646.0
WP3875	Target_Hypergeom	0.004	646.0
WP3633	Target_NonCentral	0.026	646.5
WP3633	Target_Hypergeom	0.012	646.5
WP4815	Target_Hypergeom	0.0	646.5
WP4815	Target_NonCentral	0.0	646.5
WP4189	Target_Hypergeom	0.037	647.0
WP4751	Target_NonCentral	0.115	647.0
WP4751	Target_Hypergeom	0.123	647.0
WP4189	Target_NonCentral	0.037	647.0
WP4324	Target_NonCentral	0.001	647.25
WP4324	Target_Hypergeom	0.0	647.5
WP2597	Target_Hypergeom	0.0	648.0
WP2491	Target_Hypergeom	0.059	648.0
WP690	Target_NonCentral	0.119	648.0
WP2597	Target_NonCentral	0.013	648.0
WP2491	Target_NonCentral	0.12	648.0
WP690	Target_Hypergeom	0.055	648.0
WP4507	Target_Hypergeom	0.001	648.5
WP78	Target_NonCentral	0.009	648.5
WP4507	Target_NonCentral	0.019	648.5
WP78	Target_Hypergeom	0.0	648.5
WP2889	Target_Hypergeom	0.0	649.5
WP2889	Target_NonCentral	0.0	649.5
WP4661	Target_NonCentral	0.012	650.0
WP4210	Target_NonCentral	0.0	650.0
WP4210	Target_Hypergeom	0.0	650.0
WP4661	Target_Hypergeom	0.0	650.0
WP2645	Target_NonCentral	0.0	651.0
WP4789	Target_NonCentral	0.123	651.0
WP4789	Target_Hypergeom	0.123	651.0
WP2645	Target_Hypergeom	0.0	651.0
WP311	Target_Hypergeom	0.0	652.0
WP2640	Target_NonCentral	0.0	652.0
WP4317	Target_NonCentral	0.0	652.0
WP311	Target_NonCentral	0.009	652.0
WP2640	Target_Hypergeom	0.0	652.0
WP4317	Target_Hypergeom	0.0	652.0
WP4157	Target_NonCentral	0.078	652.5
WP4236	Target_NonCentral	0.055	652.5
WP4236	Target_Hypergeom	0.011	652.5
WP4157	Target_Hypergeom	0.009	652.5
WP521	Target_NonCentral	0.0	653.0
WP521	Target_Hypergeom	0.0	653.0
WP4918	Target_NonCentral	0.0	654.0
WP4397	Target_Hypergeom	0.0	654.0
WP4918	Target_Hypergeom	0.0	654.0
WP4153	Target_NonCentral	0.0	654.0
WP4506	Target_NonCentral	0.0	654.0
WP4506	Target_Hypergeom	0.0	654.0
WP4397	Target_NonCentral	0.0	654.0
WP4153	Target_Hypergeom	0.0	654.0
WP4194	Target_Hypergeom	0.01	654.5
WP4194	Target_NonCentral	0.01	654.5
WP5030	Target_Hypergeom	0.0	655.0
WP5030	Target_NonCentral	0.0	655.0
WP4931	Target_NonCentral	0.0	655.0
WP4931	Target_Hypergeom	0.0	655.0
WP4228	Target_NonCentral	0.0	655.5
WP4228	Target_Hypergeom	0.0	655.5
WP4921	Target_Hypergeom	0.0	655.5
WP4400	Target_Hypergeom	0.0	655.5
WP4400	Target_NonCentral	0.0	655.5
WP4921	Target_NonCentral	0.0	655.5
WP3302	Target_NonCentral	0.0	655.5
WP3302	Target_Hypergeom	0.0	655.5
WP134	Target_NonCentral	0.0	655.75
WP134	Target_Hypergeom	0.0	655.75
WP2485	Target_Hypergeom	0.0	656.0
WP2485	Target_NonCentral	0.0	656.0
WP4156	Target_NonCentral	0.0	657.0
WP3627	Target_NonCentral	0.0	657.0
WP4860	Target_NonCentral	0.0	657.0
WP688	Target_NonCentral	0.0	657.0
WP4233	Target_NonCentral	0.0	657.0
WP4920	Target_NonCentral	0.0	657.0
WP4920	Target_Hypergeom	0.0	657.0
WP3666	Target_NonCentral	0.0	657.0
WP4156	Target_Hypergeom	0.0	657.0
WP4860	Target_Hypergeom	0.0	657.0
WP3666	Target_Hypergeom	0.0	657.0
WP688	Target_Hypergeom	0.0	657.0
WP4233	Target_Hypergeom	0.0	657.0
WP3627	Target_Hypergeom	0.0	657.0
WP4519	Target_Hypergeom	0.0	657.0
WP4519	Target_NonCentral	0.0	657.0
