annotation_id	typeOfAnalysis	p_times	ranking
WP4659	Target_Hypergeom	0.881	20.0
WP5087	Target_Hypergeom	0.823	21.5
WP3646	Target_Hypergeom	0.77	29.0
WP3611	Target_Hypergeom	0.745	30.0
WP2431	Target_Hypergeom	0.738	39.0
WP710	Target_Hypergeom	0.776	40.0
WP2828	Target_Hypergeom	0.73	42.0
WP366	Target_Hypergeom	0.805	43.0
WP5094	Target_Hypergeom	0.765	45.0
WP2261	Target_Hypergeom	0.783	46.0
WP4172	Target_Hypergeom	0.693	47.0
WP4216	Target_Hypergeom	0.748	51.0
WP4658	Target_Hypergeom	0.704	52.0
WP236	Target_Hypergeom	0.75	52.0
WP615	Target_Hypergeom	0.661	54.0
WP2586	Target_Hypergeom	0.724	55.0
WP4674	Target_Hypergeom	0.735	56.0
WP3617	Target_Hypergeom	0.624	60.5
WP1984	Target_Hypergeom	0.682	61.0
WP4263	Target_Hypergeom	0.705	62.0
WP4754	Target_Hypergeom	0.627	63.0
WP5098	Target_Hypergeom	0.66	63.25
WP2882	Target_Hypergeom	0.663	64.0
WP3888	Target_Hypergeom	0.74	67.0
WP4806	Target_Hypergeom	0.686	69.5
WP306	Target_Hypergeom	0.7	70.0
WP1971	Target_Hypergeom	0.672	70.0
WP4155	Target_Hypergeom	0.716	70.25
WP4666	Target_Hypergeom	0.649	71.0
WP4298	Target_Hypergeom	0.64	71.0
WP1742	Target_Hypergeom	0.69	73.0
WP707	Target_Hypergeom	0.649	73.0
WP2814	Target_Hypergeom	0.678	74.0
WP254	Target_Hypergeom	0.606	75.0
WP4262	Target_Hypergeom	0.635	81.0
WP2374	Target_Hypergeom	0.606	81.0
WP5055	Target_Hypergeom	0.586	82.0
WP236	TFs_Hypergeom	0.225	85.5
WP45	Target_Hypergeom	0.641	86.0
WP49	Target_Hypergeom	0.654	87.25
WP4255	Target_Hypergeom	0.657	87.5
WP2864	Target_Hypergeom	0.644	89.0
WP3624	Target_Hypergeom	0.564	90.5
WP5115	Target_Hypergeom	0.572	91.0
WP2355	Target_Hypergeom	0.62	92.75
WP138	Target_Hypergeom	0.623	95.0
WP4685	Target_Hypergeom	0.614	97.0
WP3932	Target_Hypergeom	0.566	98.0
WP2815	Target_Hypergeom	0.572	99.0
WP4970	Target_Hypergeom	0.621	99.75
WP2877	Target_Hypergeom	0.593	102.0
WP1530	Target_Hypergeom	0.573	104.0
WP2324	Target_Hypergeom	0.552	104.0
WP2032	Target_Hypergeom	0.598	105.75
WP2813	Target_Hypergeom	0.66	106.25
WP179	Target_Hypergeom	0.6	107.0
WP3614	Target_Hypergeom	0.537	109.25
WP2849	Target_Hypergeom	0.579	111.75
WP560	Target_Hypergeom	0.574	112.0
WP3640	Target_Hypergeom	0.638	112.5
WP2817	Target_Hypergeom	0.568	113.5
WP399	Target_Hypergeom	0.609	113.5
WP3303	Target_Hypergeom	0.533	113.5
WP4816	Target_Hypergeom	0.569	114.0
WP706	Target_Hypergeom	0.519	115.0
WP3287	Target_Hypergeom	0.542	119.0
WP2572	Target_Hypergeom	0.541	123.5
WP2037	Target_Hypergeom	0.568	123.75
WP363	Target_Hypergeom	0.568	124.25
WP205	Target_Hypergeom	0.564	124.5
WP673	Target_Hypergeom	0.567	124.75
WP3680	Target_Hypergeom	0.548	125.5
WP176	Target_Hypergeom	0.506	125.5
WP3651	Target_Hypergeom	0.566	127.25
WP4341	Target_Hypergeom	0.534	128.0
WP2446	Target_Hypergeom	0.551	129.0
WP127	Target_Hypergeom	0.517	131.0
WP4541	Target_Hypergeom	0.528	134.0
WP474	Target_Hypergeom	0.504	137.0
WP4808	Target_Hypergeom	0.504	137.0
WP61	Target_Hypergeom	0.542	137.75
WP437	Target_Hypergeom	0.51	140.0
WP2328	Target_Hypergeom	0.493	141.0
WP2873	Target_Hypergeom	0.479	142.0
WP2034	Target_Hypergeom	0.477	143.0
WP4879	Target_Hypergeom	0.474	143.0
WP69	Target_Hypergeom	0.467	144.0
WP1533	Target_Hypergeom	0.481	145.5
WP1772	Target_Hypergeom	0.483	147.0
WP286	Target_Hypergeom	0.486	147.25
WP2839	Target_Hypergeom	0.501	148.0
WP2840	Target_Hypergeom	0.471	148.5
WP5083	Target_Hypergeom	0.475	149.0
WP3658	Target_Hypergeom	0.507	150.5
WP170	Target_Hypergeom	0.459	150.75
WP530	Target_Hypergeom	0.46	151.75
WP3981	Target_Hypergeom	0.483	153.25
WP3863	Target_Hypergeom	0.475	157.25
WP5097	Target_Hypergeom	0.424	160.0
WP712	Target_Hypergeom	0.489	160.0
WP2064	Target_Hypergeom	0.427	161.0
WP1539	Target_Hypergeom	0.452	161.5
WP4747	Target_Hypergeom	0.439	163.0
WP23	Target_Hypergeom	0.462	163.75
WP3932	Target_NonCentral	0.152	166.0
WP382	Target_Hypergeom	0.417	170.0
WP4149	Target_Hypergeom	0.431	171.5
WP2878	Target_Hypergeom	0.498	172.75
WP3915	Target_NonCentral	0.123	173.0
WP2203	Target_Hypergeom	0.412	173.5
WP1545	Target_Hypergeom	0.456	175.0
WP15	Target_Hypergeom	0.417	175.5
WP4673	Target_Hypergeom	0.404	176.0
WP2118	Target_NonCentral	0.088	176.0
WP185	Target_NonCentral	0.084	177.0
WP304	Target_Hypergeom	0.423	177.25
WP4925	Target_Hypergeom	0.436	177.5
WP3929	Target_NonCentral	0.108	177.5
WP5088	Target_Hypergeom	0.417	178.0
WP4484	Target_Hypergeom	0.42	178.0
WP3888	Target_NonCentral	0.07	178.5
WP2877	Target_NonCentral	0.184	179.0
WP289	Target_Hypergeom	0.416	179.5
WP4928	Target_Hypergeom	0.423	180.25
WP3892	Target_Hypergeom	0.393	180.25
WP2332	Target_Hypergeom	0.364	180.75
WP2018	Target_Hypergeom	0.411	181.5
WP3672	Target_Hypergeom	0.418	182.5
WP4790	Target_Hypergeom	0.433	182.75
WP2516	Target_Hypergeom	0.413	183.25
WP3872	Target_Hypergeom	0.43	183.75
WP4141	Target_Hypergeom	0.42	184.0
WP314	Target_Hypergeom	0.395	185.0
WP2858	Target_NonCentral	0.085	186.0
WP51	Target_NonCentral	0.088	186.5
WP236	Target_NonCentral	0.093	188.0
WP4482	Target_Hypergeom	0.392	188.75
WP4540	Target_Hypergeom	0.38	189.0
WP395	Target_Hypergeom	0.39	189.0
WP3998	Target_Hypergeom	0.404	189.0
WP408	Target_Hypergeom	0.398	189.25
WP3594	Target_Hypergeom	0.394	190.5
WP4787	Target_NonCentral	0.076	191.0
WP453	Target_Hypergeom	0.393	191.0
WP4149	Target_NonCentral	0.083	191.5
WP34	Target_Hypergeom	0.352	191.75
WP428	Target_Hypergeom	0.387	192.0
WP3969	Target_Hypergeom	0.402	192.5
WP4018	Target_Hypergeom	0.38	193.0
WP306	Target_NonCentral	0.082	193.0
WP2380	Target_NonCentral	0.083	193.5
WP313	Target_Hypergeom	0.365	193.75
WP4258	Target_Hypergeom	0.401	195.0
WP2380	Target_Hypergeom	0.394	195.5
WP4300	Target_Hypergeom	0.378	196.75
WP1403	Target_Hypergeom	0.337	198.0
WP23	Target_NonCentral	0.104	198.0
WP2870	Target_Hypergeom	0.348	198.75
WP4331	Target_Hypergeom	0.357	199.25
WP1541	Target_NonCentral	0.076	199.5
WP2853	Target_NonCentral	0.073	199.5
WP3995	Target_Hypergeom	0.363	199.5
WP4891	Target_Hypergeom	0.381	200.0
WP4494	Target_Hypergeom	0.428	200.25
WP4483	Target_Hypergeom	0.382	200.25
WP4844	Target_Hypergeom	0.361	200.75
WP481	Target_NonCentral	0.056	201.0
WP3584	Target_NonCentral	0.056	201.0
WP585	Target_NonCentral	0.07	202.5
WP437	Target_NonCentral	0.078	203.0
WP2406	Target_NonCentral	0.057	203.0
WP3599	Target_Hypergeom	0.386	203.75
WP4564	Target_Hypergeom	0.35	204.0
WP2857	Target_Hypergeom	0.327	204.0
WP3941	Target_Hypergeom	0.36	204.75
WP2858	Target_Hypergeom	0.338	204.75
WP5121	Target_Hypergeom	0.349	205.5
WP5072	Target_NonCentral	0.065	206.0
WP2865	Target_Hypergeom	0.366	207.0
WP5095	Target_Hypergeom	0.403	207.0
WP2864	Target_NonCentral	0.052	209.0
WP4217	Target_NonCentral	0.077	209.0
WP2355	Target_NonCentral	0.057	210.0
WP4565	Target_Hypergeom	0.334	210.25
WP3893	Target_Hypergeom	0.396	210.5
WP4879	Target_NonCentral	0.068	211.0
WP3527	Target_NonCentral	0.058	211.0
WP706	Target_NonCentral	0.069	212.0
WP1403	Target_NonCentral	0.073	212.0
WP5087	Target_NonCentral	0.126	212.0
WP3594	Target_NonCentral	0.094	212.0
WP2880	Target_Hypergeom	0.367	212.0
WP2881	Target_Hypergeom	0.335	212.0
WP170	Target_NonCentral	0.07	212.5
WP4241	Target_Hypergeom	0.368	212.5
WP395	Target_NonCentral	0.059	213.0
WP4217	Target_Hypergeom	0.325	213.5
WP2036	Target_Hypergeom	0.348	213.5
WP2038	Target_NonCentral	0.031	214.0
WP5124	Target_NonCentral	0.081	215.0
WP366	Target_NonCentral	0.039	215.5
WP4399	Target_Hypergeom	0.294	215.75
WP2032	Target_NonCentral	0.033	216.0
WP5090	Target_NonCentral	0.041	216.5
WP3859	Target_Hypergeom	0.337	216.75
WP2806	Target_NonCentral	0.104	217.0
WP4541	Target_NonCentral	0.055	217.5
WP4481	Target_Hypergeom	0.33	217.75
WP4540	Target_NonCentral	0.054	218.0
WP4336	Target_Hypergeom	0.336	218.0
WP4496	Target_Hypergeom	0.327	218.0
WP5094	Target_NonCentral	0.079	218.0
WP5113	Target_Hypergeom	0.364	218.5
WP5122	Target_Hypergeom	0.331	218.75
WP5092	Target_Hypergeom	0.346	218.75
WP2064	Target_NonCentral	0.07	219.0
WP3945	Target_NonCentral	0.078	219.0
WP2018	Target_NonCentral	0.055	219.0
WP4864	Target_Hypergeom	0.37	220.5
WP4331	Target_NonCentral	0.045	220.5
WP382	Target_NonCentral	0.071	220.5
WP1544	Target_NonCentral	0.035	220.5
WP5044	Target_Hypergeom	0.355	220.5
WP3657	Target_Hypergeom	0.344	220.75
WP304	Target_NonCentral	0.049	221.0
WP474	Target_NonCentral	0.059	221.5
WP2572	Target_NonCentral	0.034	221.5
WP4808	Target_NonCentral	0.059	221.5
WP4341	Target_NonCentral	0.052	222.5
WP4321	Target_NonCentral	0.041	223.0
WP2848	Target_Hypergeom	0.347	223.0
WP5053	Target_NonCentral	0.055	223.0
WP5039	Target_Hypergeom	0.364	223.25
WP536	Target_NonCentral	0.054	223.5
WP4542	Target_NonCentral	0.057	224.0
WP3612	Target_Hypergeom	0.355	224.0
WP2034	Target_NonCentral	0.068	224.0
WP4538	Target_NonCentral	0.064	224.0
WP4172	Target_NonCentral	0.151	224.0
WP69	Target_NonCentral	0.073	225.0
WP4239	Target_NonCentral	0.059	225.0
WP5053	Target_Hypergeom	0.298	225.0
WP2037	Target_NonCentral	0.061	226.0
WP3640	Target_NonCentral	0.012	226.5
WP4844	Target_NonCentral	0.052	227.0
WP4534	Target_NonCentral	0.07	227.0
WP3298	Target_NonCentral	0.08	227.5
WP2795	Target_NonCentral	0.016	227.5
WP4136	Target_Hypergeom	0.358	227.75
WP2526	Target_Hypergeom	0.29	228.0
WP61	Target_NonCentral	0.037	228.0
WP2324	Target_NonCentral	0.068	228.0
WP1449	Target_Hypergeom	0.357	228.0
WP4746	Target_NonCentral	0.078	228.5
WP3651	Target_NonCentral	0.032	229.0
WP2261	Target_NonCentral	0.06	230.0
WP2882	Target_NonCentral	0.137	230.0
WP408	Target_NonCentral	0.032	230.0
WP5115	Target_NonCentral	0.164	230.0
WP3892	Target_NonCentral	0.033	230.0
WP399	Target_NonCentral	0.039	230.0
WP4018	Target_NonCentral	0.092	230.5
WP428	Target_NonCentral	0.022	231.0
WP4141	Target_NonCentral	0.042	231.0
WP2197	Target_NonCentral	0.038	231.5
WP4969	Target_Hypergeom	0.309	231.5
WP4658	Target_NonCentral	0.105	231.5
WP481	Target_Hypergeom	0.25	232.0
WP98	Target_NonCentral	0.044	232.0
WP363	Target_NonCentral	0.014	233.0
WP619	Target_Hypergeom	0.33	233.25
WP3995	Target_NonCentral	0.028	233.5
WP4698	Target_NonCentral	0.038	233.5
WP4560	Target_Hypergeom	0.287	233.5
WP75	Target_Hypergeom	0.357	234.25
WP4698	Target_Hypergeom	0.26	234.5
WP4223	Target_NonCentral	0.031	234.5
WP3996	Target_NonCentral	0.042	234.5
WP2332	Target_NonCentral	0.045	235.0
WP3850	Target_NonCentral	0.015	235.0
WP4148	Target_NonCentral	0.071	235.5
WP2203	Target_NonCentral	0.042	235.5
WP2857	Target_NonCentral	0.044	236.0
WP4674	Target_NonCentral	0.068	236.0
WP3929	Target_Hypergeom	0.257	236.0
WP1528	Target_Hypergeom	0.318	236.25
WP2637	Target_Hypergeom	0.288	236.5
WP2884	Target_NonCentral	0.087	237.0
WP5097	Target_NonCentral	0.043	237.0
WP3850	Target_Hypergeom	0.236	237.0
WP2363	Target_Hypergeom	0.268	237.0
WP3286	Target_Hypergeom	0.286	237.5
WP35	Target_NonCentral	0.079	237.5
WP4871	Target_NonCentral	0.034	237.5
WP4255	Target_NonCentral	0.046	238.0
WP710	Target_NonCentral	0.107	238.0
WP289	Target_NonCentral	0.029	238.0
WP2374	Target_NonCentral	0.093	238.0
WP4539	Target_NonCentral	0.081	238.5
WP299	Target_Hypergeom	0.323	238.5
WP4919	Target_Hypergeom	0.309	239.25
WP4666	Target_NonCentral	0.065	239.5
WP244	Target_NonCentral	0.043	239.5
WP3972	Target_Hypergeom	0.278	239.75
WP231	Target_Hypergeom	0.307	240.0
WP2526	Target_NonCentral	0.042	240.0
WP3844	Target_NonCentral	0.054	240.0
WP3931	Target_NonCentral	0.056	240.0
WP2272	Target_NonCentral	0.045	241.0
WP1982	Target_NonCentral	0.079	241.0
WP4396	Target_Hypergeom	0.293	241.0
WP3680	Target_NonCentral	0.028	241.5
WP1544	Target_Hypergeom	0.267	241.5
WP4549	Target_NonCentral	0.049	242.0
WP4932	Target_NonCentral	0.044	242.0
WP4707	Target_Hypergeom	0.297	242.25
WP400	Target_NonCentral	0.02	242.5
WP2814	Target_NonCentral	0.042	243.0
WP4874	Target_NonCentral	0.019	243.0
WP4336	Target_NonCentral	0.019	243.0
WP4396	Target_NonCentral	0.087	243.0
WP2848	Target_NonCentral	0.055	243.0
WP4352	Target_NonCentral	0.085	243.5
WP138	Target_NonCentral	0.058	243.5
WP4756	Target_NonCentral	0.064	243.5
WP4871	Target_Hypergeom	0.247	243.75
WP4205	Target_Hypergeom	0.219	243.75
WP560	Target_NonCentral	0.044	244.5
WP4263	Target_NonCentral	0.053	245.0
WP4806	Target_NonCentral	0.055	245.0
WP4262	Target_NonCentral	0.079	245.0
WP2059	Target_NonCentral	0.046	245.0
WP364	Target_NonCentral	0.098	245.0
WP3658	Target_NonCentral	0.056	245.0
WP4816	Target_NonCentral	0.04	245.0
WP3657	Target_NonCentral	0.036	245.0
WP2586	Target_NonCentral	0.05	245.5
WP4155	Target_NonCentral	0.066	246.0
WP1539	Target_NonCentral	0.046	246.5
WP286	Target_NonCentral	0.044	246.5
WP4566	Target_NonCentral	0.029	246.5
WP2849	Target_NonCentral	0.056	246.5
WP2637	Target_NonCentral	0.02	247.5
WP5102	Target_NonCentral	0.042	247.5
WP2011	Target_Hypergeom	0.298	248.0
WP2880	Target_NonCentral	0.027	248.0
WP4495	Target_Hypergeom	0.281	248.0
WP4790	Target_NonCentral	0.012	248.0
WP4239	Target_Hypergeom	0.266	248.0
WP3678	Target_Hypergeom	0.296	248.25
WP4823	Target_NonCentral	0.078	248.5
WP2840	Target_NonCentral	0.009	249.0
WP195	Target_NonCentral	0.029	249.0
WP205	Target_NonCentral	0.009	249.5
WP2507	Target_Hypergeom	0.313	249.5
WP5122	Target_NonCentral	0.036	250.0
WP4008	Target_Hypergeom	0.276	250.0
WP3972	Target_NonCentral	0.044	250.0
WP3303	Target_NonCentral	0.055	250.0
WP1971	Target_NonCentral	0.099	250.5
WP4747	Target_NonCentral	0.027	250.5
WP3599	Target_NonCentral	0.043	251.0
WP2583	Target_NonCentral	0.031	251.5
WP231	Target_NonCentral	0.089	252.0
WP3940	Target_NonCentral	0.031	252.0
WP4298	Target_NonCentral	0.075	252.0
WP127	Target_NonCentral	0.013	252.0
WP1984	Target_NonCentral	0.108	252.0
WP4950	Target_NonCentral	0.049	252.0
WP4561	Target_Hypergeom	0.245	252.25
WP5063	Target_Hypergeom	0.337	252.25
WP5036	Target_NonCentral	0.054	252.5
WP98	Target_Hypergeom	0.265	252.75
WP2870	Target_NonCentral	0.028	253.0
WP3998	Target_NonCentral	0.032	253.0
WP4312	Target_NonCentral	0.035	253.0
WP3414	Target_NonCentral	0.033	253.0
WP4673	Target_NonCentral	0.052	253.0
WP4659	Target_NonCentral	0.045	253.0
WP4963	Target_Hypergeom	0.28	253.0
WP673	Target_NonCentral	0.029	253.0
WP5083	Target_NonCentral	0.072	253.5
WP4559	Target_Hypergeom	0.312	253.5
WP254	Target_NonCentral	0.108	254.0
WP314	Target_NonCentral	0.054	254.0
WP2431	Target_NonCentral	0.079	254.0
WP4685	Target_NonCentral	0.044	254.5
WP4925	Target_NonCentral	0.041	254.5
WP313	Target_NonCentral	0.014	255.0
WP516	Target_Hypergeom	0.269	255.0
WP4136	Target_NonCentral	0.115	255.0
WP364	Target_Hypergeom	0.268	255.5
WP51	Target_Hypergeom	0.223	256.0
WP4535	Target_NonCentral	0.017	256.0
WP3859	Target_NonCentral	0.026	256.0
WP3584	Target_Hypergeom	0.204	256.25
WP1772	Target_NonCentral	0.096	256.5
WP4258	Target_NonCentral	0.032	256.5
WP4970	Target_NonCentral	0.026	257.0
WP4205	Target_NonCentral	0.007	257.5
WP2875	Target_NonCentral	0.073	258.0
WP4482	Target_NonCentral	0.033	258.0
WP3969	Target_NonCentral	0.019	259.0
WP615	Target_NonCentral	0.074	259.0
WP34	Target_NonCentral	0.03	259.0
WP4823	Target_Hypergeom	0.281	259.0
WP2817	Target_NonCentral	0.03	259.0
WP2853	Target_Hypergeom	0.197	259.5
WP4206	Target_Hypergeom	0.303	260.0
WP1449	Target_NonCentral	0.118	260.0
WP268	Target_NonCentral	0.069	260.0
WP3668	Target_NonCentral	0.021	260.0
WP3925	Target_NonCentral	0.062	260.0
WP4357	Target_NonCentral	0.039	260.0
WP5098	Target_NonCentral	0.06	261.0
WP2118	Target_Hypergeom	0.201	261.0
WP5121	Target_NonCentral	0.01	261.0
WP3878	Target_NonCentral	0.061	261.5
WP4754	Target_NonCentral	0.149	262.0
WP2839	Target_NonCentral	0.015	262.0
WP707	Target_NonCentral	0.108	262.5
WP1533	Target_NonCentral	0.127	262.5
WP1591	Target_NonCentral	0.015	262.5
WP4216	Target_NonCentral	0.056	263.0
WP3931	Target_Hypergeom	0.211	263.5
WP2583	Target_Hypergeom	0.251	263.75
WP49	Target_NonCentral	0.02	265.0
WP3646	Target_NonCentral	0.059	265.0
WP5055	Target_NonCentral	0.119	265.5
WP3678	Target_NonCentral	0.053	265.5
WP3872	Target_NonCentral	0.056	265.5
WP727	Target_NonCentral	0.048	266.0
WP4241	Target_NonCentral	0.048	266.0
WP1742	Target_NonCentral	0.048	267.0
WP3613	Target_NonCentral	0.085	267.0
WP4906	Target_NonCentral	0.012	267.0
WP4535	Target_Hypergeom	0.207	267.0
WP4874	Target_Hypergeom	0.183	267.0
WP185	Target_Hypergeom	0.202	267.25
WP2447	Target_Hypergeom	0.249	267.25
WP3286	Target_NonCentral	0.016	268.0
WP2795	Target_Hypergeom	0.201	268.0
WP4223	Target_Hypergeom	0.177	269.0
WP3941	Target_NonCentral	0.018	269.0
WP5039	Target_NonCentral	0.12	269.0
WP4534	Target_Hypergeom	0.228	269.5
WP179	Target_NonCentral	0.144	270.0
WP176	Target_NonCentral	0.117	270.0
WP15	Target_NonCentral	0.115	270.0
WP2878	Target_NonCentral	0.068	270.0
WP4493	Target_Hypergeom	0.285	270.0
WP2873	Target_NonCentral	0.061	271.5
WP4657	Target_NonCentral	0.015	272.0
WP712	Target_NonCentral	0.01	272.0
WP4758	Target_NonCentral	0.031	272.5
WP1982	Target_Hypergeom	0.188	272.5
WP3915	Target_Hypergeom	0.183	273.0
WP45	Target_NonCentral	0.128	273.5
WP5124	Target_Hypergeom	0.215	273.5
WP581	Target_NonCentral	0.048	273.5
WP4357	Target_Hypergeom	0.245	273.75
WP3611	Target_NonCentral	0.07	274.5
WP2813	Target_NonCentral	0.011	274.5
WP4585	Target_Hypergeom	0.223	275.0
WP4559	Target_NonCentral	0.077	275.0
WP4565	Target_NonCentral	0.001	275.0
WP1528	Target_NonCentral	0.021	275.0
WP2815	Target_NonCentral	0.033	275.0
WP2828	Target_NonCentral	0.032	275.0
WP4564	Target_NonCentral	0.001	275.0
WP2446	Target_NonCentral	0.115	275.5
WP4481	Target_NonCentral	0.043	275.5
WP1530	Target_NonCentral	0.096	276.0
WP4877	Target_Hypergeom	0.182	276.0
WP3981	Target_NonCentral	0.009	276.0
WP4864	Target_NonCentral	0.063	276.0
WP2643	Target_Hypergeom	0.19	276.25
WP3863	Target_NonCentral	0.076	276.5
WP4949	Target_NonCentral	0.008	278.0
WP3287	Target_NonCentral	0.031	278.5
WP558	Target_NonCentral	0.08	278.5
WP2406	Target_Hypergeom	0.19	278.5
WP4211	Target_Hypergeom	0.247	278.75
WP5072	Target_Hypergeom	0.185	279.5
WP4969	Target_NonCentral	0.075	279.5
WP3299	Target_Hypergeom	0.141	279.75
WP5092	Target_NonCentral	0.065	280.0
WP75	Target_NonCentral	0.114	281.0
WP702	Target_NonCentral	0.096	281.0
WP3612	Target_NonCentral	0.039	281.5
WP4496	Target_NonCentral	0.065	281.5
WP4949	Target_Hypergeom	0.151	281.75
WP524	Target_NonCentral	0.033	282.0
WP2363	Target_NonCentral	0.013	282.0
WP4478	Target_Hypergeom	0.335	282.25
WP3624	Target_NonCentral	0.091	282.5
WP5036	Target_Hypergeom	0.231	282.5
WP1545	Target_NonCentral	0.001	283.0
WP299	Target_NonCentral	0.075	283.0
WP2516	Target_NonCentral	0.093	283.0
WP5103	Target_NonCentral	0.015	283.0
WP3959	Target_Hypergeom	0.246	283.0
WP2036	Target_NonCentral	0.066	283.5
WP4538	Target_Hypergeom	0.182	283.5
WP4963	Target_NonCentral	0.036	283.5
WP4312	Target_Hypergeom	0.175	283.75
WP3614	Target_NonCentral	0.081	284.0
WP3942	Target_NonCentral	0.115	284.0
WP3668	Target_Hypergeom	0.193	284.5
WP453	Target_NonCentral	0.09	285.0
WP4861	Target_NonCentral	0.019	285.0
WP2881	Target_NonCentral	0.047	285.0
WP2865	Target_NonCentral	0.063	285.5
WP4300	Target_NonCentral	0.016	286.0
WP4204	Target_NonCentral	0.019	286.5
WP3865	Target_NonCentral	0.097	286.5
WP619	Target_NonCentral	0.1	286.5
WP2038	Target_Hypergeom	0.137	286.75
WP195	Target_Hypergeom	0.216	287.0
WP400	Target_Hypergeom	0.167	287.5
WP1471	Target_NonCentral	0.031	287.5
WP4560	Target_NonCentral	0.015	287.5
WP1591	Target_Hypergeom	0.158	287.75
WP5102	Target_Hypergeom	0.161	287.75
WP4880	Target_NonCentral	0.059	288.0
WP2643	Target_NonCentral	0.013	288.0
WP129	Target_Hypergeom	0.278	288.0
WP2447	Target_NonCentral	0.028	288.5
WP5103	Target_Hypergeom	0.204	288.5
WP4304	Target_NonCentral	0.031	289.0
WP2328	Target_NonCentral	0.147	289.0
WP4946	Target_NonCentral	0.094	289.5
WP4286	Target_NonCentral	0.021	289.5
WP5046	Target_Hypergeom	0.242	291.0
WP1541	Target_Hypergeom	0.159	291.25
WP3596	Target_Hypergeom	0.158	292.0
WP4313	Target_NonCentral	0.024	292.0
WP2011	Target_NonCentral	0.071	292.0
WP3851	Target_Hypergeom	0.237	292.5
WP4877	Target_NonCentral	0.021	292.5
WP534	Target_NonCentral	0.101	292.5
WP4561	Target_NonCentral	0.0	293.0
WP4928	Target_NonCentral	0.002	293.0
WP3664	Target_NonCentral	0.01	294.0
WP4249	Target_Hypergeom	0.152	294.0
WP4016	Target_Hypergeom	0.215	294.0
WP3299	Target_NonCentral	0.001	294.5
WP2507	Target_NonCentral	0.066	294.5
WP2035	Target_NonCentral	0.043	294.5
WP4880	Target_Hypergeom	0.183	294.5
WP4585	Target_NonCentral	0.022	295.0
WP4016	Target_NonCentral	0.1	295.5
WP4483	Target_NonCentral	0.002	295.5
WP4008	Target_NonCentral	0.045	295.5
WP585	Target_Hypergeom	0.173	295.75
WP2249	Target_Hypergeom	0.08	295.75
WP4211	Target_NonCentral	0.037	296.5
WP4767	Target_NonCentral	0.009	296.5
WP3591	Target_NonCentral	0.016	296.5
WP516	Target_NonCentral	0.011	297.0
WP4746	Target_Hypergeom	0.156	297.0
WP716	Target_NonCentral	0.05	298.0
WP4204	Target_Hypergeom	0.172	298.5
WP4522	Target_Hypergeom	0.295	298.75
WP5113	Target_NonCentral	0.091	299.0
WP4787	Target_Hypergeom	0.123	300.0
WP3851	Target_NonCentral	0.054	300.0
WP410	Target_NonCentral	0.08	301.0
WP3617	Target_NonCentral	0.104	301.5
WP2876	Target_NonCentral	0.095	301.5
WP2272	Target_Hypergeom	0.151	301.75
WP3844	Target_Hypergeom	0.177	302.0
WP5044	Target_NonCentral	0.009	302.0
WP4961	Target_Hypergeom	0.192	302.25
WP4249	Target_NonCentral	0.015	302.5
WP2197	Target_Hypergeom	0.122	302.5
WP2806	Target_Hypergeom	0.17	303.0
WP5090	Target_Hypergeom	0.118	303.0
WP4304	Target_Hypergeom	0.188	303.25
WP4286	Target_Hypergeom	0.095	303.5
WP3893	Target_NonCentral	0.077	304.0
WP4657	Target_Hypergeom	0.076	304.0
WP262	Target_Hypergeom	0.281	305.0
WP4329	Target_NonCentral	0.069	305.5
WP4337	Target_Hypergeom	0.188	305.75
WP430	Target_Hypergeom	0.267	306.0
WP2875	Target_Hypergeom	0.158	306.5
WP4206	Target_NonCentral	0.041	307.0
WP4321	Target_Hypergeom	0.093	307.0
WP3672	Target_NonCentral	0.0	308.0
WP4480	Target_Hypergeom	0.278	308.5
WP3959	Target_NonCentral	0.073	309.5
WP4961	Target_NonCentral	0.02	310.5
WP3927	Target_Hypergeom	0.175	311.25
WP430	Target_NonCentral	0.16	311.5
WP3996	Target_Hypergeom	0.131	312.0
WP4329	Target_Hypergeom	0.257	313.0
WP4494	Target_NonCentral	0.116	314.5
WP4545	Target_NonCentral	0.066	314.5
WP4549	Target_Hypergeom	0.098	315.0
WP5088	Target_NonCentral	0.113	315.5
WP35	Target_Hypergeom	0.144	315.5
WP4932	Target_Hypergeom	0.106	315.75
WP727	Target_Hypergeom	0.14	315.75
WP3527	Target_Hypergeom	0.108	315.75
WP5095	Target_NonCentral	0.12	316.0
WP4462	Target_Hypergeom	0.271	316.25
WP3413	Target_Hypergeom	0.171	317.25
WP530	Target_NonCentral	0.128	317.5
WP3982	Target_Hypergeom	0.261	318.5
WP4707	Target_NonCentral	0.0	319.0
WP43	Target_NonCentral	0.111	319.5
WP3298	Target_Hypergeom	0.147	319.5
WP581	Target_Hypergeom	0.179	320.5
WP4484	Target_NonCentral	0.062	321.0
WP4313	Target_Hypergeom	0.109	321.0
WP2059	Target_Hypergeom	0.089	322.0
WP4906	Target_Hypergeom	0.075	322.25
WP5046	Target_NonCentral	0.01	323.5
WP3414	Target_Hypergeom	0.127	325.0
WP5111	Target_Hypergeom	0.247	325.0
WP3942	Target_Hypergeom	0.203	325.0
WP4337	Target_NonCentral	0.021	326.0
WP3664	Target_Hypergeom	0.092	326.25
WP3935	Target_NonCentral	0.071	326.5
WP3865	Target_Hypergeom	0.188	327.0
WP558	Target_Hypergeom	0.179	327.0
WP2249	Target_NonCentral	0.0	327.5
WP4884	Target_Hypergeom	0.25	327.75
WP3845	Target_NonCentral	0.078	328.0
WP2884	Target_Hypergeom	0.129	328.25
WP4767	Target_Hypergeom	0.106	328.25
WP536	Target_Hypergeom	0.078	329.5
WP3591	Target_Hypergeom	0.123	329.75
WP4756	Target_Hypergeom	0.136	330.75
WP3927	Target_NonCentral	0.009	332.0
WP4919	Target_NonCentral	0.022	332.5
WP129	Target_NonCentral	0.088	332.5
WP3630	Target_Hypergeom	0.232	333.0
WP262	Target_NonCentral	0.068	333.0
WP4495	Target_NonCentral	0.03	333.5
WP3613	Target_Hypergeom	0.15	333.75
WP4719	Target_NonCentral	0.034	334.0
WP3935	Target_Hypergeom	0.216	334.25
WP167	Target_NonCentral	0.013	335.5
WP5111	Target_NonCentral	0.127	336.0
WP4148	Target_Hypergeom	0.127	336.75
WP4222	Target_NonCentral	0.049	338.5
WP4523	Target_Hypergeom	0.242	338.5
WP1584	Target_NonCentral	0.035	338.5
WP4875	Target_NonCentral	0.067	344.0
WP4891	Target_NonCentral	0.087	345.0
WP4320	Target_NonCentral	0.046	345.0
WP4884	Target_NonCentral	0.051	345.0
WP5063	Target_NonCentral	0.035	345.5
WP3413	Target_NonCentral	0.023	346.0
WP4399	Target_NonCentral	0.0	347.0
WP4786	Target_NonCentral	0.007	347.5
WP4522	Target_NonCentral	0.124	347.5
WP3670	Target_NonCentral	0.013	348.5
WP3878	Target_Hypergeom	0.133	348.5
WP4493	Target_NonCentral	0.07	349.0
WP3982	Target_NonCentral	0.067	351.5
WP2876	Target_Hypergeom	0.148	352.0
WP706	TFs_Hypergeom	0.12	352.5
WP3	Target_Hypergeom	0.171	353.0
WP3967	Target_NonCentral	0.033	353.5
WP2882	TFs_Hypergeom	0.096	355.0
WP4950	Target_Hypergeom	0.09	355.25
WP3888	TFs_Hypergeom	0.079	357.0
WP2853	TFs_Hypergeom	0.084	357.0
WP4666	TFs_Hypergeom	0.079	357.25
WP4542	Target_Hypergeom	0.073	357.25
WP2857	TFs_Hypergeom	0.068	358.0
WP366	TFs_Hypergeom	0.068	358.25
WP3594	TFs_Hypergeom	0.056	358.5
WP4719	Target_Hypergeom	0.146	358.75
WP1984	TFs_Hypergeom	0.051	359.0
WP4754	TFs_Hypergeom	0.044	359.0
WP4659	TFs_Hypergeom	0.102	359.0
WP437	TFs_Hypergeom	0.053	359.0
WP170	TFs_Hypergeom	0.351	359.0
WP4149	TFs_Hypergeom	0.329	359.0
WP4262	TFs_Hypergeom	0.039	359.5
WP5087	TFs_Hypergeom	0.03	359.5
WP2840	TFs_Hypergeom	0.186	359.5
WP382	TFs_Hypergeom	0.034	359.5
WP23	TFs_Hypergeom	0.165	360.0
WP5094	TFs_Hypergeom	0.047	360.0
WP2380	TFs_Hypergeom	0.032	360.0
WP455	Target_NonCentral	0.031	360.0
WP2035	Target_Hypergeom	0.102	360.25
WP167	Target_Hypergeom	0.098	360.5
WP2877	TFs_Hypergeom	0.025	360.5
WP2064	TFs_Hypergeom	0.09	360.5
WP1541	TFs_Hypergeom	0.254	360.5
WP710	TFs_Hypergeom	0.05	360.5
WP395	TFs_Hypergeom	0.222	360.5
WP5115	TFs_Hypergeom	0.025	360.5
WP2374	TFs_Hypergeom	0.229	360.5
WP2034	TFs_Hypergeom	0.22	360.5
WP2355	TFs_Hypergeom	0.16	360.5
WP2324	TFs_Hypergeom	0.223	360.5
WP138	TFs_Hypergeom	0.145	360.5
WP4879	TFs_Hypergeom	0.213	361.0
WP560	TFs_Hypergeom	0.205	361.0
WP2849	TFs_Hypergeom	0.267	361.0
WP289	TFs_Hypergeom	0.025	361.0
WP3995	TFs_Hypergeom	0.266	361.0
WP2037	TFs_Hypergeom	0.199	361.0
WP4816	TFs_Hypergeom	0.205	361.0
WP69	TFs_Hypergeom	0.111	361.5
WP3646	TFs_Hypergeom	0.177	361.5
WP4172	TFs_Hypergeom	0.024	361.5
WP4341	TFs_Hypergeom	0.194	361.5
WP2203	TFs_Hypergeom	0.191	361.5
WP304	TFs_Hypergeom	0.197	361.5
WP399	TFs_Hypergeom	0.046	361.5
WP4352	Target_Hypergeom	0.059	361.5
WP127	TFs_Hypergeom	0.179	361.5
WP3932	TFs_Hypergeom	0.016	361.5
WP4396	TFs_Hypergeom	0.014	361.5
WP49	TFs_Hypergeom	0.154	362.0
WP3527	TFs_Hypergeom	0.229	362.0
WP4478	Target_NonCentral	0.094	362.0
WP4787	TFs_Hypergeom	0.032	362.0
WP2858	TFs_Hypergeom	0.016	362.0
WP4685	TFs_Hypergeom	0.174	362.0
WP2018	TFs_Hypergeom	0.178	362.0
WP254	TFs_Hypergeom	0.116	362.0
WP4216	TFs_Hypergeom	0.164	362.0
WP2032	TFs_Hypergeom	0.163	362.0
WP481	TFs_Hypergeom	0.011	362.0
WP3972	TFs_Hypergeom	0.159	362.0
WP4155	TFs_Hypergeom	0.163	362.0
WP3945	Target_Hypergeom	0.076	362.25
WP4758	Target_Hypergeom	0.093	362.25
WP4746	TFs_Hypergeom	0.06	362.5
WP4844	TFs_Hypergeom	0.155	362.5
WP4263	TFs_Hypergeom	0.079	362.5
WP1449	TFs_Hypergeom	0.01	362.5
WP4211	TFs_Hypergeom	0.155	362.5
WP5102	TFs_Hypergeom	0.157	362.5
WP4674	TFs_Hypergeom	0.135	362.5
WP2526	TFs_Hypergeom	0.125	362.5
WP4331	TFs_Hypergeom	0.135	362.5
WP3303	TFs_Hypergeom	0.143	362.5
WP4217	TFs_Hypergeom	0.022	362.5
WP3937	Target_NonCentral	0.071	362.5
WP4880	TFs_Hypergeom	0.128	362.5
WP4258	TFs_Hypergeom	0.032	362.5
WP4255	TFs_Hypergeom	0.155	362.5
WP2586	TFs_Hypergeom	0.149	362.5
WP4239	TFs_Hypergeom	0.023	362.5
WP3931	TFs_Hypergeom	0.026	362.5
WP1982	TFs_Hypergeom	0.169	362.5
WP712	TFs_Hypergeom	0.147	362.5
WP3599	TFs_Hypergeom	0.159	362.5
WP428	TFs_Hypergeom	0.027	362.5
WP585	TFs_Hypergeom	0.146	362.5
WP2431	TFs_Hypergeom	0.038	362.5
WP2637	TFs_Hypergeom	0.118	362.5
WP3584	TFs_Hypergeom	0.157	362.5
WP400	TFs_Hypergeom	0.125	362.5
WP3929	TFs_Hypergeom	0.01	362.5
WP4658	TFs_Hypergeom	0.08	362.5
WP1591	TFs_Hypergeom	0.156	362.5
WP179	TFs_Hypergeom	0.038	362.5
WP2817	TFs_Hypergeom	0.177	362.5
WP5083	TFs_Hypergeom	0.014	362.5
WP5098	TFs_Hypergeom	0.086	362.5
WP45	TFs_Hypergeom	0.141	362.5
WP673	TFs_Hypergeom	0.077	362.5
WP3611	TFs_Hypergeom	0.146	362.5
WP734	TFs_Hypergeom	0.129	362.75
WP474	TFs_Hypergeom	0.12	363.0
WP3915	TFs_Hypergeom	0.03	363.0
WP2880	TFs_Hypergeom	0.133	363.0
WP4336	TFs_Hypergeom	0.066	363.0
WP364	TFs_Hypergeom	0.139	363.0
WP4482	TFs_Hypergeom	0.123	363.0
WP4223	TFs_Hypergeom	0.009	363.0
WP2112	TFs_Hypergeom	0.119	363.0
WP615	TFs_Hypergeom	0.023	363.0
WP1971	TFs_Hypergeom	0.127	363.0
WP3651	TFs_Hypergeom	0.148	363.0
WP363	TFs_Hypergeom	0.125	363.0
WP3858	TFs_Hypergeom	0.102	363.0
WP3286	TFs_Hypergeom	0.108	363.0
WP4808	TFs_Hypergeom	0.12	363.0
WP2873	TFs_Hypergeom	0.13	363.0
WP2332	TFs_Hypergeom	0.106	363.0
WP4906	TFs_Hypergeom	0.096	363.0
WP408	TFs_Hypergeom	0.11	363.0
WP2839	TFs_Hypergeom	0.114	363.0
WP5097	TFs_Hypergeom	0.139	363.0
WP2023	TFs_Hypergeom	0.141	363.0
WP2881	TFs_Hypergeom	0.106	363.0
WP75	TFs_Hypergeom	0.016	363.0
WP205	TFs_Hypergeom	0.095	363.25
WP3981	TFs_Hypergeom	0.106	363.25
WP5113	TFs_Hypergeom	0.097	363.25
WP5039	TFs_Hypergeom	0.105	363.25
WP2895	TFs_Hypergeom	0.1	363.5
WP34	TFs_Hypergeom	0.131	363.5
WP4877	TFs_Hypergeom	0.088	363.5
WP5036	TFs_Hypergeom	0.086	363.5
WP53	TFs_Hypergeom	0.129	363.5
WP2516	TFs_Hypergeom	0.1	363.5
WP4329	TFs_Hypergeom	0.093	363.5
WP4756	TFs_Hypergeom	0.109	363.5
WP619	TFs_Hypergeom	0.125	363.5
WP2036	TFs_Hypergeom	0.085	363.5
WP3414	TFs_Hypergeom	0.097	363.5
WP4585	TFs_Hypergeom	0.102	363.5
WP1545	TFs_Hypergeom	0.075	363.5
WP286	TFs_Hypergeom	0.092	363.5
WP195	TFs_Hypergeom	0.083	363.5
WP3630	TFs_Hypergeom	0.086	363.5
WP1530	TFs_Hypergeom	0.042	363.5
WP2814	TFs_Hypergeom	0.097	363.5
WP4949	TFs_Hypergeom	0.101	363.5
WP4542	TFs_Hypergeom	0.115	363.5
WP3299	TFs_Hypergeom	0.099	363.5
WP2884	TFs_Hypergeom	0.002	363.5
WP2875	TFs_Hypergeom	0.104	363.5
WP2876	TFs_Hypergeom	0.098	363.5
WP4540	TFs_Hypergeom	0.065	363.5
WP4298	TFs_Hypergeom	0.04	363.5
WP391	TFs_Hypergeom	0.105	363.5
WP1991	TFs_Hypergeom	0.113	363.5
WP61	TFs_Hypergeom	0.108	363.5
WP707	TFs_Hypergeom	0.075	363.5
WP4874	TFs_Hypergeom	0.094	363.5
WP4673	TFs_Hypergeom	0.013	363.5
WP2261	TFs_Hypergeom	0.044	363.5
WP313	TFs_Hypergeom	0.084	363.5
WP2446	TFs_Hypergeom	0.052	363.5
WP4928	TFs_Hypergeom	0.089	363.5
WP4321	TFs_Hypergeom	0.012	363.5
WP4320	TFs_Hypergeom	0.084	363.5
WP3680	TFs_Hypergeom	0.088	363.5
WP5053	TFs_Hypergeom	0.137	363.5
WP4657	TFs_Hypergeom	0.005	363.5
WP4141	TFs_Hypergeom	0.08	363.75
WP3967	TFs_Hypergeom	0.1	364.0
WP1772	TFs_Hypergeom	0.035	364.0
WP4008	TFs_Hypergeom	0.055	364.0
WP4806	TFs_Hypergeom	0.033	364.0
WP3865	TFs_Hypergeom	0.057	364.0
WP1528	TFs_Hypergeom	0.075	364.0
WP4925	TFs_Hypergeom	0.089	364.0
WP4337	TFs_Hypergeom	0.069	364.0
WP4016	TFs_Hypergeom	0.048	364.0
WP231	TFs_Hypergeom	0.032	364.0
WP2029	TFs_Hypergeom	0.1	364.0
WP176	TFs_Hypergeom	0.068	364.0
WP4304	TFs_Hypergeom	0.098	364.0
WP3657	TFs_Hypergeom	0.072	364.0
WP2855	TFs_Hypergeom	0.105	364.0
WP581	TFs_Hypergeom	0.072	364.0
WP732	TFs_Hypergeom	0.078	364.0
WP2815	TFs_Hypergeom	0.07	364.0
WP4559	TFs_Hypergeom	0.063	364.0
WP3927	TFs_Hypergeom	0.066	364.0
WP4018	TFs_Hypergeom	0.03	364.0
WP3617	TFs_Hypergeom	0.078	364.0
WP299	TFs_Hypergeom	0.078	364.0
WP1742	TFs_Hypergeom	0.093	364.0
WP3892	TFs_Hypergeom	0.105	364.0
WP5066	TFs_Hypergeom	0.066	364.0
WP2011	TFs_Hypergeom	0.071	364.0
WP5038	TFs_Hypergeom	0.057	364.0
WP4961	TFs_Hypergeom	0.068	364.0
WP4970	TFs_Hypergeom	0.074	364.0
WP4868	TFs_Hypergeom	0.081	364.0
WP5124	TFs_Hypergeom	0.002	364.0
WP22	TFs_Hypergeom	0.072	364.0
WP5055	TFs_Hypergeom	0.01	364.0
WP4136	TFs_Hypergeom	0.068	364.0
WP4718	TFs_Hypergeom	0.078	364.0
WP3942	TFs_Hypergeom	0.071	364.0
WP3959	TFs_Hypergeom	0.08	364.0
WP4269	TFs_Hypergeom	0.095	364.0
WP4564	TFs_Hypergeom	0.069	364.0
WP4197	TFs_Hypergeom	0.075	364.0
WP4912	TFs_Hypergeom	0.081	364.0
WP5063	TFs_Hypergeom	0.054	364.0
WP3658	TFs_Hypergeom	0.07	364.0
WP3863	TFs_Hypergeom	0.074	364.0
WP3859	TFs_Hypergeom	0.069	364.0
WP4919	TFs_Hypergeom	0.056	364.0
WP2059	TFs_Hypergeom	0.002	364.0
WP2406	TFs_Hypergeom	0.109	364.0
WP4565	TFs_Hypergeom	0.069	364.0
WP4655	TFs_Hypergeom	0.057	364.0
WP2878	TFs_Hypergeom	0.081	364.0
WP3844	TFs_Hypergeom	0.056	364.25
WP4205	TFs_Hypergeom	0.061	364.25
WP4206	TFs_Hypergeom	0.054	364.25
WP4495	TFs_Hypergeom	0.055	364.25
WP3640	TFs_Hypergeom	0.068	364.25
WP3678	TFs_Hypergeom	0.068	364.25
WP410	TFs_Hypergeom	0.08	364.5
WP3945	TFs_Hypergeom	0.076	364.5
WP3614	TFs_Hypergeom	0.052	364.5
WP98	TFs_Hypergeom	0.064	364.5
WP3853	TFs_Hypergeom	0.051	364.5
WP262	TFs_Hypergeom	0.051	364.5
WP4560	TFs_Hypergeom	0.042	364.5
WP4562	TFs_Hypergeom	0.044	364.5
WP2113	TFs_Hypergeom	0.058	364.5
WP4829	TFs_Hypergeom	0.063	364.5
WP5072	TFs_Hypergeom	0.044	364.5
WP2874	TFs_Hypergeom	0.057	364.5
WP43	Target_Hypergeom	0.189	364.5
WP3926	TFs_Hypergeom	0.056	364.5
WP2363	TFs_Hypergeom	0.042	364.5
WP4698	TFs_Hypergeom	0.056	364.5
WP3298	TFs_Hypergeom	0.072	364.5
WP3613	TFs_Hypergeom	0.088	364.5
WP3301	TFs_Hypergeom	0.042	364.5
WP4561	TFs_Hypergeom	0.051	364.5
WP3	TFs_Hypergeom	0.055	364.5
WP5092	TFs_Hypergeom	0.06	364.5
WP2828	TFs_Hypergeom	0.052	364.5
WP3876	TFs_Hypergeom	0.053	364.5
WP422	TFs_Hypergeom	0.048	364.5
WP306	TFs_Hypergeom	0.001	364.5
WP2795	TFs_Hypergeom	0.061	364.5
WP4558	TFs_Hypergeom	0.058	364.5
WP5044	TFs_Hypergeom	0.066	364.5
WP3668	TFs_Hypergeom	0.056	364.5
WP3612	TFs_Hypergeom	0.053	364.5
WP4541	TFs_Hypergeom	0.022	364.5
WP4932	TFs_Hypergeom	0.017	364.5
WP1403	TFs_Hypergeom	0.061	364.5
WP1533	TFs_Hypergeom	0.051	364.5
WP2249	TFs_Hypergeom	0.053	364.5
WP4357	TFs_Hypergeom	0.055	364.5
WP15	TFs_Hypergeom	0.028	364.5
WP4496	TFs_Hypergeom	0.052	364.5
WP2118	TFs_Hypergeom	0.054	364.5
WP2035	TFs_Hypergeom	0.041	364.75
WP4342	TFs_Hypergeom	0.053	364.75
WP4480	TFs_Hypergeom	0.033	365.0
WP3664	TFs_Hypergeom	0.044	365.0
WP3877	TFs_Hypergeom	0.034	365.0
WP5120	TFs_Hypergeom	0.033	365.0
WP4876	TFs_Hypergeom	0.033	365.0
WP2813	TFs_Hypergeom	0.042	365.0
WP4479	TFs_Hypergeom	0.033	365.0
WP3851	TFs_Hypergeom	0.039	365.0
WP1531	TFs_Hypergeom	0.039	365.0
WP4241	TFs_Hypergeom	0.048	365.0
WP4767	TFs_Hypergeom	0.043	365.0
WP4814	TFs_Hypergeom	0.088	365.0
WP3672	TFs_Hypergeom	0.037	365.0
WP1559	TFs_Hypergeom	0.033	365.0
WP1539	TFs_Hypergeom	0.047	365.0
WP2864	TFs_Hypergeom	0.052	365.0
WP1425	TFs_Hypergeom	0.043	365.0
WP716	TFs_Hypergeom	0.037	365.0
WP1434	TFs_Hypergeom	0.033	365.0
WP4790	TFs_Hypergeom	0.033	365.0
WP1589	TFs_Hypergeom	0.044	365.0
WP1544	TFs_Hypergeom	0.009	365.0
WP2583	TFs_Hypergeom	0.037	365.0
WP4842	TFs_Hypergeom	0.088	365.0
WP4147	TFs_Hypergeom	0.068	365.0
WP4286	TFs_Hypergeom	0.062	365.0
WP3893	TFs_Hypergeom	0.068	365.0
WP2895	Target_NonCentral	0.012	365.0
WP4312	TFs_Hypergeom	0.058	365.0
WP5046	TFs_Hypergeom	0.036	365.0
WP3624	TFs_Hypergeom	0.038	365.0
WP3845	TFs_Hypergeom	0.044	365.0
WP4747	TFs_Hypergeom	0.038	365.0
WP4352	TFs_Hypergeom	0.001	365.0
WP4481	TFs_Hypergeom	0.033	365.0
WP4838	TFs_Hypergeom	0.031	365.0
WP4535	TFs_Hypergeom	0.039	365.0
WP3878	TFs_Hypergeom	0.036	365.0
WP5103	TFs_Hypergeom	0.04	365.0
WP4545	TFs_Hypergeom	0.063	365.0
WP2456	TFs_Hypergeom	0.03	365.25
WP4300	TFs_Hypergeom	0.052	365.25
WP3971	TFs_Hypergeom	0.044	365.25
WP5049	TFs_Hypergeom	0.019	365.5
WP2328	TFs_Hypergeom	0.017	365.5
WP3872	TFs_Hypergeom	0.023	365.5
WP4788	TFs_Hypergeom	0.015	365.5
WP4830	TFs_Hypergeom	0.036	365.5
WP2865	TFs_Hypergeom	0.015	365.5
WP733	TFs_Hypergeom	0.018	365.5
WP4566	Target_Hypergeom	0.043	365.5
WP4963	TFs_Hypergeom	0.038	365.5
WP3982	TFs_Hypergeom	0.019	365.5
WP2038	TFs_Hypergeom	0.018	365.5
WP4533	TFs_Hypergeom	0.047	365.5
WP5095	TFs_Hypergeom	0.001	365.5
WP516	TFs_Hypergeom	0.054	365.5
WP4549	TFs_Hypergeom	0.003	365.5
WP4538	TFs_Hypergeom	0.018	365.5
WP4537	TFs_Hypergeom	0.047	365.5
WP384	TFs_Hypergeom	0.015	365.5
WP4758	TFs_Hypergeom	0.028	365.5
WP4861	TFs_Hypergeom	0.054	365.5
WP2361	TFs_Hypergeom	0.034	365.5
WP4249	TFs_Hypergeom	0.022	365.5
WP3874	TFs_Hypergeom	0.027	365.5
WP2636	TFs_Hypergeom	0.023	365.5
WP3591	TFs_Hypergeom	0.019	365.5
WP4483	TFs_Hypergeom	0.024	365.5
WP4656	TFs_Hypergeom	0.022	365.5
WP4399	TFs_Hypergeom	0.019	365.5
WP4705	TFs_Hypergeom	0.025	365.5
WP3944	TFs_Hypergeom	0.019	365.5
WP288	TFs_Hypergeom	0.018	365.5
WP3941	TFs_Hypergeom	0.015	365.5
WP5052	TFs_Hypergeom	0.04	365.5
WP5101	TFs_Hypergeom	0.018	365.5
WP4871	TFs_Hypergeom	0.015	365.5
WP2870	TFs_Hypergeom	0.027	365.5
WP4191	TFs_Hypergeom	0.019	365.5
WP3996	TFs_Hypergeom	0.021	365.5
WP3655	TFs_Hypergeom	0.035	365.5
WP314	TFs_Hypergeom	0.019	365.5
WP4720	TFs_Hypergeom	0.033	365.5
WP3656	TFs_Hypergeom	0.015	365.5
WP4222	TFs_Hypergeom	0.023	365.5
WP5116	TFs_Hypergeom	0.025	365.5
WP4478	TFs_Hypergeom	0.015	365.5
WP4534	TFs_Hypergeom	0.047	365.5
WP3935	TFs_Hypergeom	0.018	365.5
WP5088	TFs_Hypergeom	0.028	365.5
WP4707	TFs_Hypergeom	0.035	365.5
WP4823	TFs_Hypergeom	0.046	365.5
WP1601	TFs_Hypergeom	0.019	365.5
WP5074	TFs_Hypergeom	0.049	365.5
WP4204	TFs_Hypergeom	0.022	365.5
WP2447	TFs_Hypergeom	0.019	365.5
WP4872	TFs_Hypergeom	0.04	365.5
WP4313	TFs_Hypergeom	0.019	365.5
WP4969	TFs_Hypergeom	0.03	365.5
WP3593	TFs_Hypergeom	0.018	365.5
WP4803	TFs_Hypergeom	0.0	365.5
WP2879	TFs_Hypergeom	0.023	365.5
WP47	TFs_Hypergeom	0.042	365.5
WP3890	TFs_Hypergeom	0.015	365.5
WP4284	TFs_Hypergeom	0.019	365.5
WP3670	TFs_Hypergeom	0.033	365.5
WP1433	TFs_Hypergeom	0.031	365.5
WP4950	TFs_Hypergeom	0.022	365.5
WP5050	TFs_Hypergeom	0.019	365.5
WP3998	TFs_Hypergeom	0.029	365.5
WP4186	TFs_Hypergeom	0.019	365.5
WP2868	TFs_Hypergeom	0.018	365.5
WP3676	TFs_Hypergeom	0.023	365.5
WP3850	TFs_Hypergeom	0.029	365.5
WP3947	TFs_Hypergeom	0.019	365.5
WP3849	TFs_Hypergeom	0.015	365.5
WP1992	TFs_Hypergeom	0.03	365.75
WP268	TFs_Hypergeom	0.023	365.75
WP4220	TFs_Hypergeom	0.0	366.0
WP727	TFs_Hypergeom	0.0	366.0
WP5037	TFs_Hypergeom	0.0	366.0
WP4194	TFs_Hypergeom	0.0	366.0
WP3633	TFs_Hypergeom	0.0	366.0
WP465	TFs_Hypergeom	0.0	366.0
WP111	TFs_Hypergeom	0.0	366.0
WP3300	TFs_Hypergeom	0.018	366.0
WP4210	TFs_Hypergeom	0.0	366.0
WP2525	TFs_Hypergeom	0.0	366.0
WP357	TFs_Hypergeom	0.0	366.0
WP4324	TFs_Hypergeom	0.0	366.0
WP3679	TFs_Hypergeom	0.0	366.0
WP4494	TFs_Hypergeom	0.0	366.0
WP4917	TFs_Hypergeom	0.0	366.0
WP322	TFs_Hypergeom	0.0	366.0
WP5061	TFs_Hypergeom	0.0	366.0
WP1604	TFs_Hypergeom	0.0	366.0
WP4846	TFs_Hypergeom	0.0	366.0
WP325	TFs_Hypergeom	0.0	366.0
WP2826	TFs_Hypergeom	0.0	366.0
WP4523	TFs_Hypergeom	0.0	366.0
WP1602	TFs_Hypergeom	0.0	366.0
WP1603	TFs_Hypergeom	0.0	366.0
WP58	TFs_Hypergeom	0.0	366.0
WP496	TFs_Hypergeom	0.0	366.0
WP4389	TFs_Hypergeom	0.0	366.0
WP5114	TFs_Hypergeom	0.0	366.0
WP4661	TFs_Hypergeom	0.0	366.0
WP4719	TFs_Hypergeom	0.0	366.0
WP699	TFs_Hypergeom	0.0	366.0
WP411	TFs_Hypergeom	0.0	366.0
WP5118	TFs_Hypergeom	0.0	366.0
WP501	TFs_Hypergeom	0.0	366.0
WP1941	TFs_Hypergeom	0.0	366.0
WP4584	TFs_Hypergeom	0.0	366.0
WP2645	TFs_Hypergeom	0.0	366.0
WP3875	TFs_Hypergeom	0.0	366.0
WP4146	TFs_Hypergeom	0.0	366.0
WP2911	TFs_Hypergeom	0.0	366.0
WP2533	TFs_Hypergeom	0.0	366.0
WP3891	TFs_Hypergeom	0.0	366.0
WP383	TFs_Hypergeom	0.0	366.0
WP5110	TFs_Hypergeom	0.0	366.0
WP197	TFs_Hypergeom	0.0	366.0
WP4792	TFs_Hypergeom	0.0	366.0
WP466	TFs_Hypergeom	0.0	366.0
WP3963	TFs_Hypergeom	0.0	366.0
WP334	TFs_Hypergeom	0.0	366.0
WP5111	TFs_Hypergeom	0.0	366.0
WP4931	TFs_Hypergeom	0.0	366.0
WP524	TFs_Hypergeom	0.0	366.0
WP4905	TFs_Hypergeom	0.0	366.0
WP4553	TFs_Hypergeom	0.016	366.0
WP4288	TFs_Hypergeom	0.0	366.0
WP4259	TFs_Hypergeom	0.0	366.0
WP5119	TFs_Hypergeom	0.0	366.0
WP3937	TFs_Hypergeom	0.0	366.0
WP3869	TFs_Hypergeom	0.013	366.0
WP477	TFs_Hypergeom	0.0	366.0
WP1946	TFs_Hypergeom	0.0	366.0
WP2806	TFs_Hypergeom	0.0	366.0
WP5030	TFs_Hypergeom	0.0	366.0
WP3634	TFs_Hypergeom	0.0	366.0
WP688	TFs_Hypergeom	0.0	366.0
WP229	TFs_Hypergeom	0.0	366.0
WP2597	TFs_Hypergeom	0.0	366.0
WP2848	TFs_Hypergeom	0.0	366.0
WP697	TFs_Hypergeom	0.0	366.0
WP3934	TFs_Hypergeom	0.0	366.0
WP4815	TFs_Hypergeom	0.0	366.0
WP5104	TFs_Hypergeom	0.0	366.0
WP4577	TFs_Hypergeom	0.0	366.0
WP2942	TFs_Hypergeom	0.0	366.0
WP530	TFs_Hypergeom	0.0	366.0
WP4946	TFs_Hypergeom	0.0	366.0
WP453	TFs_Hypergeom	0.0	366.0
WP1981	TFs_Hypergeom	0.0	366.0
WP4853	TFs_Hypergeom	0.0	366.0
WP143	TFs_Hypergeom	0.0	366.0
WP4159	TFs_Hypergeom	0.0	366.0
WP4022	TFs_Hypergeom	0.0	366.0
WP3969	TFs_Hypergeom	0.01	366.0
WP2513	TFs_Hypergeom	0.0	366.0
WP2846	TFs_Hypergeom	0.0	366.0
WP2805	TFs_Hypergeom	0.0	366.0
WP4947	TFs_Hypergeom	0.0	366.0
WP4317	TFs_Hypergeom	0.0	366.0
WP3596	TFs_Hypergeom	0.0	366.0
WP4864	TFs_Hypergeom	0.0	366.0
WP4153	TFs_Hypergeom	0.0	366.0
WP3924	TFs_Hypergeom	0.0	366.0
WP2640	TFs_Hypergeom	0.0	366.0
WP1455	TFs_Hypergeom	0.0	366.0
WP2289	TFs_Hypergeom	0.016	366.0
WP2291	TFs_Hypergeom	0.0	366.0
WP4942	TFs_Hypergeom	0.02	366.0
WP4940	TFs_Hypergeom	0.0	366.0
WP3879	TFs_Hypergeom	0.0	366.0
WP5031	TFs_Hypergeom	0.0	366.0
WP2338	TFs_Hypergeom	0.0	366.0
WP167	TFs_Hypergeom	0.0	366.0
WP3302	TFs_Hypergeom	0.0	366.0
WP2276	TFs_Hypergeom	0.0	366.0
WP3938	TFs_Hypergeom	0.018	366.0
WP5076	TFs_Hypergeom	0.0	366.0
WP2453	TFs_Hypergeom	0.0	366.0
WP3933	TFs_Hypergeom	0.0	366.0
WP521	TFs_Hypergeom	0.0	366.0
WP2371	TFs_Hypergeom	0.0	366.0
WP5090	TFs_Hypergeom	0.0	366.0
WP704	TFs_Hypergeom	0.0	366.0
WP4174	TFs_Hypergeom	0.0	366.0
WP3644	TFs_Hypergeom	0.0	366.0
WP1438	TFs_Hypergeom	0.0	366.0
WP4721	TFs_Hypergeom	0.02	366.0
WP5065	TFs_Hypergeom	0.0	366.0
WP206	TFs_Hypergeom	0.0	366.0
WP80	TFs_Hypergeom	0.0	366.0
WP2536	TFs_Hypergeom	0.0	366.0
WP545	TFs_Hypergeom	0.0	366.0
WP4462	TFs_Hypergeom	0.0	366.0
WP2366	TFs_Hypergeom	0.0	366.0
WP3595	TFs_Hypergeom	0.0	366.0
WP4539	TFs_Hypergeom	0.0	366.0
WP3408	TFs_Hypergeom	0.0	366.0
WP4873	TFs_Hypergeom	0.0	366.0
WP4157	TFs_Hypergeom	0.0	366.0
WP5033	TFs_Hypergeom	0.025	366.0
WP4397	TFs_Hypergeom	0.015	366.0
WP244	TFs_Hypergeom	0.0	366.0
WP1422	TFs_Hypergeom	0.0	366.0
WP4726	TFs_Hypergeom	0.0	366.0
WP3925	TFs_Hypergeom	0.0	366.0
WP4297	TFs_Hypergeom	0.0	366.0
WP4753	TFs_Hypergeom	0.0	366.0
WP4301	TFs_Hypergeom	0.0	366.0
WP24	TFs_Hypergeom	0.0	366.0
WP3930	TFs_Hypergeom	0.017	366.0
WP35	TFs_Hypergeom	0.0	366.0
WP5121	TFs_Hypergeom	0.01	366.0
WP1995	TFs_Hypergeom	0.0	366.0
WP43	TFs_Hypergeom	0.0	366.0
WP4724	TFs_Hypergeom	0.0	366.0
WP3297	TFs_Hypergeom	0.018	366.0
WP4785	TFs_Hypergeom	0.0	366.0
WP4629	TFs_Hypergeom	0.0	366.0
WP2007	TFs_Hypergeom	0.0	366.0
WP4484	TFs_Hypergeom	0.0	366.0
WP4142	TFs_Hypergeom	0.0	366.0
WP4271	TFs_Hypergeom	0.0	366.0
WP5027	TFs_Hypergeom	0.0	366.0
WP2491	TFs_Hypergeom	0.0	366.0
WP4818	TFs_Hypergeom	0.0	366.0
WP2916	TFs_Hypergeom	0.0	366.0
WP4971	TFs_Hypergeom	0.0	366.0
WP4595	TFs_Hypergeom	0.0	366.0
WP2507	TFs_Hypergeom	0.0	366.0
WP4891	TFs_Hypergeom	0.0	366.0
WP129	TFs_Hypergeom	0.0	366.0
WP136	TFs_Hypergeom	0.0	366.0
WP5064	TFs_Hypergeom	0.0	366.0
WP4571	TFs_Hypergeom	0.0	366.0
WP4583	TFs_Hypergeom	0.0	366.0
WP2542	TFs_Hypergeom	0.0	366.0
WP678	TFs_Hypergeom	0.0	366.0
WP2290	TFs_Hypergeom	0.0	366.0
WP4156	TFs_Hypergeom	0.0	366.0
WP4566	TFs_Hypergeom	0.0	366.0
WP3413	TFs_Hypergeom	0.02	366.0
WP134	TFs_Hypergeom	0.0	366.0
WP5109	TFs_Hypergeom	0.02	366.0
WP4400	TFs_Hypergeom	0.0	366.0
WP186	TFs_Hypergeom	0.0	366.0
WP183	TFs_Hypergeom	0.0	366.0
WP3580	TFs_Hypergeom	0.0	366.0
WP623	TFs_Hypergeom	0.0	366.0
WP2485	TFs_Hypergeom	0.0	366.0
WP4506	TFs_Hypergeom	0.0	366.0
WP4927	TFs_Hypergeom	0.0	366.0
WP1424	TFs_Hypergeom	0.0	366.0
WP106	TFs_Hypergeom	0.0	366.0
WP455	TFs_Hypergeom	0.0	366.0
WP4240	TFs_Hypergeom	0.0	366.0
WP3287	TFs_Hypergeom	0.0	366.0
WP4923	TFs_Hypergeom	0.0	366.0
WP2333	TFs_Hypergeom	0.0	366.0
WP561	TFs_Hypergeom	0.0	366.0
WP405	TFs_Hypergeom	0.015	366.0
WP78	TFs_Hypergeom	0.0	366.0
WP247	TFs_Hypergeom	0.0	366.0
WP4522	TFs_Hypergeom	0.0	366.0
WP2197	TFs_Hypergeom	0.0	366.0
WP698	TFs_Hypergeom	0.0	366.0
WP4860	TFs_Hypergeom	0.0	366.0
WP696	TFs_Hypergeom	0.0	366.0
WP4290	TFs_Hypergeom	0.0	366.0
WP4904	TFs_Hypergeom	0.0	366.0
WP2854	TFs_Hypergeom	0.0	366.0
WP404	TFs_Hypergeom	0.0	366.0
WP1584	TFs_Hypergeom	0.024	366.0
WP4228	TFs_Hypergeom	0.0	366.0
WP5112	TFs_Hypergeom	0.0	366.0
WP4918	TFs_Hypergeom	0.0	366.0
WP438	TFs_Hypergeom	0.0	366.0
WP4589	TFs_Hypergeom	0.0	366.0
WP500	TFs_Hypergeom	0.0	366.0
WP4900	TFs_Hypergeom	0.0	366.0
WP4299	TFs_Hypergeom	0.0	366.0
WP1495	TFs_Hypergeom	0.0	366.0
WP4586	TFs_Hypergeom	0.0	366.0
WP4150	TFs_Hypergeom	0.0	366.0
WP3965	TFs_Hypergeom	0.0	366.0
WP4521	TFs_Hypergeom	0.0	366.0
WP536	TFs_Hypergeom	0.0	366.0
WP4536	TFs_Hypergeom	0.0	366.0
WP4148	TFs_Hypergeom	0.0	366.0
WP4742	TFs_Hypergeom	0.0	366.0
WP5108	TFs_Hypergeom	0.0	366.0
WP2509	TFs_Hypergeom	0.0	366.0
WP4224	TFs_Hypergeom	0.0	366.0
WP4784	TFs_Hypergeom	0.0	366.0
WP3871	TFs_Hypergeom	0.0	366.0
WP3666	TFs_Hypergeom	0.0	366.0
WP2267	TFs_Hypergeom	0.0	366.0
WP4922	TFs_Hypergeom	0.0	366.0
WP4292	TFs_Hypergeom	0.0	366.0
WP4504	TFs_Hypergeom	0.0	366.0
WP3585	TFs_Hypergeom	0.0	366.0
WP3940	TFs_Hypergeom	0.0	366.0
WP3407	TFs_Hypergeom	0.0	366.0
WP5089	TFs_Hypergeom	0.0	366.0
WP4799	TFs_Hypergeom	0.0	366.0
WP2816	TFs_Hypergeom	0.0	366.0
WP3674	TFs_Hypergeom	0.015	366.0
WP4883	TFs_Hypergeom	0.0	366.0
WP4030	TFs_Hypergeom	0.0	366.0
WP2369	TFs_Hypergeom	0.019	366.0
WP661	TFs_Hypergeom	0.0	366.0
WP534	TFs_Hypergeom	0.0	366.0
WP2272	TFs_Hypergeom	0.0	366.0
WP1423	TFs_Hypergeom	0.0	366.0
WP3627	TFs_Hypergeom	0.0	366.0
WP2359	TFs_Hypergeom	0.0	366.0
WP51	TFs_Hypergeom	0.0	366.0
WP4493	TFs_Hypergeom	0.0	366.0
WP4507	TFs_Hypergeom	0.0	366.0
WP4688	TFs_Hypergeom	0.0	366.0
WP2889	TFs_Hypergeom	0.0	366.0
WP1471	TFs_Hypergeom	0.0	366.0
WP4962	TFs_Hypergeom	0.0	366.0
WP4190	TFs_Hypergeom	0.0	366.0
WP4760	TFs_Hypergeom	0.0	366.0
WP368	TFs_Hypergeom	0.0	366.0
WP4921	TFs_Hypergeom	0.0	366.0
WP2253	TFs_Hypergeom	0.0	366.0
WP690	TFs_Hypergeom	0.0	366.0
WP554	TFs_Hypergeom	0.0	366.0
WP4789	TFs_Hypergeom	0.0	366.0
WP4519	TFs_Hypergeom	0.0	366.0
WP558	TFs_Hypergeom	0.0	366.0
WP531	TFs_Hypergeom	0.0	366.0
WP4884	TFs_Hypergeom	0.0	366.0
WP4804	TFs_Hypergeom	0.0	366.0
WP430	TFs_Hypergeom	0.0	366.0
WP4723	TFs_Hypergeom	0.0	366.0
WP3943	TFs_Hypergeom	0.0	366.0
WP4582	TFs_Hypergeom	0.0	366.0
WP2436	TFs_Hypergeom	0.0	366.0
WP702	TFs_Hypergeom	0.0	366.0
WP692	TFs_Hypergeom	0.0	366.0
WP4966	TFs_Hypergeom	0.0	366.0
WP694	TFs_Hypergeom	0.0	366.0
WP241	TFs_Hypergeom	0.0	366.0
WP4725	TFs_Hypergeom	0.0	366.0
WP691	TFs_Hypergeom	0.0	366.0
WP100	TFs_Hypergeom	0.0	366.0
WP4189	TFs_Hypergeom	0.0	366.0
WP107	TFs_Hypergeom	0.0	366.0
WP4236	TFs_Hypergeom	0.0	366.0
WP1600	TFs_Hypergeom	0.0	366.0
WP4233	TFs_Hypergeom	0.0	366.0
WP2943	TFs_Hypergeom	0.02	366.0
WP497	TFs_Hypergeom	0.0	366.0
WP4524	TFs_Hypergeom	0.0	366.0
WP528	TFs_Hypergeom	0.0	366.0
WP3645	TFs_Hypergeom	0.0	366.0
WP272	TFs_Hypergeom	0.0	366.0
WP3601	TFs_Hypergeom	0.0	366.0
WP4532	TFs_Hypergeom	0.0	366.0
WP2596	TFs_Hypergeom	0.0	366.0
WP3958	TFs_Hypergeom	0.0	366.0
WP550	TFs_Hypergeom	0.0	366.0
WP4225	TFs_Hypergeom	0.0	366.0
WP311	TFs_Hypergeom	0.0	366.0
WP5117	TFs_Hypergeom	0.0	366.0
WP4518	TFs_Hypergeom	0.0	366.0
WP117	TFs_Hypergeom	0.0	366.0
WP4751	TFs_Hypergeom	0.0	366.0
WP2646	TFs_Hypergeom	0.0	366.0
WP4863	TFs_Hypergeom	0.0	366.0
WP4722	TFs_Hypergeom	0.0	366.0
WP26	TFs_Hypergeom	0.0	366.0
WP12	TFs_Hypergeom	0.0	366.0
WP4752	TFs_Hypergeom	0.0	366.0
WP185	TFs_Hypergeom	0.0	366.0
WP5122	TFs_Hypergeom	0.0	366.0
WP4875	TFs_Hypergeom	0.0	366.0
WP3635	TFs_Hypergeom	0.0	366.0
WP4786	TFs_Hypergeom	0.017	366.0
WP4856	TFs_Hypergeom	0.0	366.0
WP3529	TFs_Hypergeom	0.0	366.0
WP2643	TFs_Hypergeom	0.0	366.0
WP2572	TFs_Hypergeom	0.017	366.0
WP4920	TFs_Hypergeom	0.0	366.0
WP5049	Target_Hypergeom	0.149	366.75
WP3	Target_NonCentral	0.049	367.0
WP702	Target_Hypergeom	0.081	367.0
WP268	Target_Hypergeom	0.105	367.5
WP4718	Target_NonCentral	0.118	368.5
WP244	Target_Hypergeom	0.076	369.0
WP3947	Target_Hypergeom	0.15	369.25
WP3596	Target_NonCentral	0.005	370.0
WP2855	Target_NonCentral	0.035	371.5
WP5114	Target_NonCentral	0.068	371.5
WP4838	Target_NonCentral	0.059	371.5
WP2509	Target_NonCentral	0.012	372.5
WP4320	Target_Hypergeom	0.07	375.5
WP3630	Target_NonCentral	0.027	376.0
WP5066	Target_NonCentral	0.077	376.5
WP2023	Target_NonCentral	0.042	377.0
WP5110	Target_Hypergeom	0.254	378.0
WP4861	Target_Hypergeom	0.04	378.5
WP3944	Target_Hypergeom	0.122	380.0
WP4655	Target_NonCentral	0.096	380.0
WP4946	Target_Hypergeom	0.095	381.0
WP3670	Target_Hypergeom	0.104	381.75
WP4545	Target_Hypergeom	0.126	383.0
WP2289	Target_Hypergeom	0.203	383.75
WP53	Target_NonCentral	0.104	384.0
WP24	Target_NonCentral	0.04	384.5
WP2112	Target_NonCentral	0.049	386.0
WP3947	Target_NonCentral	0.008	386.0
WP3940	Target_Hypergeom	0.034	387.0
WP1584	Target_Hypergeom	0.123	387.75
WP4539	Target_Hypergeom	0.074	390.0
WP53	Target_Hypergeom	0.18	390.75
WP1434	Target_Hypergeom	0.225	392.0
WP3877	Target_NonCentral	0.005	392.5
WP4523	Target_NonCentral	0.064	392.5
WP3967	Target_Hypergeom	0.111	393.5
WP716	Target_Hypergeom	0.06	394.25
WP4842	Target_NonCentral	0.062	394.5
WP4558	Target_NonCentral	0.063	395.0
WP4480	Target_NonCentral	0.034	395.5
WP3877	Target_Hypergeom	0.103	396.75
WP2509	Target_Hypergeom	0.066	397.75
WP4971	Target_NonCentral	0.039	398.5
WP5101	Target_NonCentral	0.014	399.0
WP2525	Target_NonCentral	0.062	403.5
WP1471	Target_Hypergeom	0.039	404.75
WP534	Target_Hypergeom	0.124	405.0
WP272	Target_Hypergeom	0.17	405.75
WP5066	Target_Hypergeom	0.171	405.75
WP524	Target_Hypergeom	0.031	406.0
WP3944	Target_NonCentral	0.006	409.5
WP4786	Target_Hypergeom	0.032	409.75
WP4655	Target_Hypergeom	0.154	410.5
WP5049	Target_NonCentral	0.046	411.0
WP272	Target_NonCentral	0.045	411.5
WP4856	Target_NonCentral	0.05	412.0
WP12	Target_NonCentral	0.053	413.5
WP465	Target_NonCentral	0.065	420.5
WP4917	Target_NonCentral	0.023	420.5
WP3925	Target_Hypergeom	0.037	422.75
WP1601	Target_NonCentral	0.059	423.0
WP2112	Target_Hypergeom	0.105	423.25
WP4829	Target_NonCentral	0.025	423.5
WP2636	Target_NonCentral	0.019	423.5
WP12	Target_Hypergeom	0.141	424.25
WP5110	Target_NonCentral	0.133	426.0
WP4875	Target_Hypergeom	0.085	426.25
WP2855	Target_Hypergeom	0.089	427.5
WP3301	Target_Hypergeom	0.121	427.5
WP410	Target_Hypergeom	0.077	430.0
WP4838	Target_Hypergeom	0.116	430.25
WP5109	Target_Hypergeom	0.233	431.0
WP4191	Target_Hypergeom	0.205	431.0
WP3845	Target_Hypergeom	0.089	431.0
WP4290	Target_NonCentral	0.066	431.0
WP4718	Target_Hypergeom	0.154	432.25
WP3407	Target_Hypergeom	0.103	432.5
WP2895	Target_Hypergeom	0.043	433.0
WP4462	Target_NonCentral	0.101	433.0
WP1559	Target_Hypergeom	0.146	434.25
WP1992	Target_NonCentral	0.002	434.5
WP1992	Target_Hypergeom	0.093	435.0
WP183	Target_NonCentral	0.013	435.0
WP4842	Target_Hypergeom	0.118	436.25
WP5101	Target_Hypergeom	0.061	437.5
WP2289	Target_NonCentral	0.052	437.5
WP2911	Target_NonCentral	0.023	438.0
WP4558	Target_Hypergeom	0.088	443.0
WP4222	Target_Hypergeom	0.039	444.0
WP1601	Target_Hypergeom	0.1	444.0
WP117	Target_NonCentral	0.02	444.5
WP3965	Target_NonCentral	0.034	446.5
WP3301	Target_NonCentral	0.007	448.0
WP5114	Target_Hypergeom	0.068	448.0
WP1991	Target_Hypergeom	0.143	448.5
WP5117	Target_NonCentral	0.053	448.5
WP1434	Target_NonCentral	0.073	451.75
WP4752	Target_NonCentral	0.093	454.0
WP3937	Target_Hypergeom	0.068	454.25
WP383	Target_NonCentral	0.036	455.25
WP2525	Target_Hypergeom	0.09	456.75
WP5109	Target_NonCentral	0.102	458.0
WP2868	Target_Hypergeom	0.117	460.75
WP1559	Target_NonCentral	0.012	461.0
WP1991	Target_NonCentral	0.028	461.25
WP465	Target_Hypergeom	0.094	462.25
WP4191	Target_NonCentral	0.011	464.25
WP2023	Target_Hypergeom	0.032	465.25
WP3601	Target_Hypergeom	0.244	465.75
WP2874	Target_Hypergeom	0.253	466.0
WP4752	Target_Hypergeom	0.137	466.5
WP455	Target_Hypergeom	0.0	467.0
WP554	Target_Hypergeom	0.167	468.0
WP3858	Target_NonCentral	0.042	469.0
WP3407	Target_NonCentral	0.02	469.5
WP3965	Target_Hypergeom	0.048	470.0
WP4917	Target_Hypergeom	0.027	471.0
WP554	Target_NonCentral	0.044	471.0
WP4856	Target_Hypergeom	0.048	471.0
WP4971	Target_Hypergeom	0.028	471.25
WP466	Target_NonCentral	0.084	471.5
WP2636	Target_Hypergeom	0.023	471.5
WP4656	Target_NonCentral	0.021	472.0
WP466	Target_Hypergeom	0.11	472.0
WP24	Target_Hypergeom	0.014	472.0
WP4942	Target_NonCentral	0.01	472.25
WP3656	Target_Hypergeom	0.113	472.25
WP384	Target_Hypergeom	0.195	472.75
WP3656	Target_NonCentral	0.024	473.5
WP384	Target_NonCentral	0.08	473.5
WP4942	Target_Hypergeom	0.068	474.0
WP2874	Target_NonCentral	0.097	474.0
WP3943	Target_Hypergeom	0.119	474.25
WP4524	Target_Hypergeom	0.15	475.25
WP1433	Target_NonCentral	0.077	476.0
WP3858	Target_Hypergeom	0.079	476.5
WP3943	Target_NonCentral	0.012	476.5
WP4586	Target_Hypergeom	0.098	476.75
WP3874	Target_NonCentral	0.004	476.75
WP5038	Target_NonCentral	0.026	476.75
WP3601	Target_NonCentral	0.114	477.0
WP4586	Target_NonCentral	0.016	477.25
WP3874	Target_Hypergeom	0.096	477.5
WP4290	Target_Hypergeom	0.065	477.5
WP4829	Target_Hypergeom	0.017	478.25
WP1438	Target_Hypergeom	0.269	478.5
WP183	Target_Hypergeom	0.012	478.5
WP1438	Target_NonCentral	0.0	478.5
WP5038	Target_Hypergeom	0.05	478.5
WP4803	Target_NonCentral	0.012	478.5
WP383	Target_Hypergeom	0.042	478.5
WP5117	Target_Hypergeom	0.061	478.5
WP4524	Target_NonCentral	0.058	478.75
WP5112	Target_Hypergeom	0.219	479.0
WP4288	Target_NonCentral	0.035	479.0
WP5108	Target_Hypergeom	0.238	479.5
WP2868	Target_NonCentral	0.002	479.5
WP2879	Target_NonCentral	0.071	479.5
WP5108	Target_NonCentral	0.121	479.75
WP5112	Target_NonCentral	0.124	479.75
WP322	Target_Hypergeom	0.157	480.0
WP3593	Target_Hypergeom	0.189	480.0
WP322	Target_NonCentral	0.06	480.0
WP2879	Target_Hypergeom	0.125	480.0
WP2911	Target_Hypergeom	0.019	480.5
WP734	Target_NonCentral	0.022	480.5
WP5033	Target_Hypergeom	0.181	480.75
WP3853	Target_NonCentral	0.027	481.75
WP734	Target_Hypergeom	0.085	482.25
WP5033	Target_NonCentral	0.053	483.25
WP1946	Target_Hypergeom	0.12	483.5
WP3853	Target_Hypergeom	0.102	483.5
WP1946	Target_NonCentral	0.072	483.5
WP1433	Target_Hypergeom	0.083	483.5
WP4288	Target_Hypergeom	0.03	483.75
WP422	Target_NonCentral	0.012	483.75
WP5065	Target_Hypergeom	0.146	484.0
WP1604	Target_Hypergeom	0.123	484.5
WP4197	Target_NonCentral	0.097	484.5
WP4197	Target_Hypergeom	0.129	485.0
WP5065	Target_NonCentral	0.003	485.5
WP3593	Target_NonCentral	0.011	486.0
WP241	Target_NonCentral	0.046	486.0
WP1604	Target_NonCentral	0.057	486.0
WP4150	Target_NonCentral	0.045	487.0
WP117	Target_Hypergeom	0.005	487.0
WP4753	Target_NonCentral	0.063	487.5
WP5120	Target_Hypergeom	0.168	488.0
WP422	Target_Hypergeom	0.019	488.25
WP5120	Target_NonCentral	0.055	488.75
WP241	Target_Hypergeom	0.037	489.0
WP4760	Target_NonCentral	0.016	492.25
WP2513	Target_Hypergeom	0.083	492.75
WP3676	Target_NonCentral	0.044	493.0
WP4868	Target_NonCentral	0.101	493.0
WP2513	Target_NonCentral	0.028	493.0
WP4803	Target_Hypergeom	0.0	493.0
WP4479	Target_Hypergeom	0.166	493.0
WP4479	Target_NonCentral	0.051	493.25
WP2456	Target_Hypergeom	0.125	493.25
WP2456	Target_NonCentral	0.032	493.25
WP4186	Target_Hypergeom	0.159	493.25
WP4753	Target_Hypergeom	0.069	494.0
WP4760	Target_Hypergeom	0.075	494.0
WP2029	Target_NonCentral	0.015	494.0
WP4147	Target_Hypergeom	0.062	494.0
WP4147	Target_NonCentral	0.029	494.0
WP4582	Target_NonCentral	0.044	494.75
WP500	Target_NonCentral	0.031	494.75
WP3297	Target_Hypergeom	0.161	495.25
WP2267	Target_NonCentral	0.054	495.25
WP4186	Target_NonCentral	0.022	495.5
WP1995	Target_Hypergeom	0.137	495.75
WP4342	Target_Hypergeom	0.245	496.25
WP4595	Target_NonCentral	0.002	496.25
WP4342	Target_NonCentral	0.033	497.0
WP4582	Target_Hypergeom	0.052	497.5
WP4537	Target_NonCentral	0.043	497.5
WP4962	Target_NonCentral	0.036	497.5
WP4595	Target_Hypergeom	0.025	497.5
WP4553	Target_NonCentral	0.016	498.0
WP5064	Target_NonCentral	0.053	498.0
WP4868	Target_Hypergeom	0.095	498.0
WP3676	Target_Hypergeom	0.025	498.5
WP1995	Target_NonCentral	0.017	498.5
WP4389	Target_NonCentral	0.038	498.5
WP3890	Target_Hypergeom	0.156	498.5
WP4537	Target_Hypergeom	0.06	498.5
WP3679	Target_Hypergeom	0.066	498.5
WP4962	Target_Hypergeom	0.056	498.5
WP4150	Target_Hypergeom	0.012	498.5
WP4389	Target_Hypergeom	0.076	498.5
WP500	Target_Hypergeom	0.023	499.0
WP3679	Target_NonCentral	0.009	499.0
WP3297	Target_NonCentral	0.033	499.25
WP4022	Target_NonCentral	0.059	499.5
WP5064	Target_Hypergeom	0.056	499.5
WP2029	Target_Hypergeom	0.012	500.0
WP4146	Target_Hypergeom	0.144	500.25
WP4146	Target_NonCentral	0.101	500.5
WP5050	Target_Hypergeom	0.036	500.75
WP5050	Target_NonCentral	0.001	501.0
WP4553	Target_Hypergeom	0.014	501.0
WP411	Target_NonCentral	0.034	501.75
WP4284	Target_NonCentral	0.0	502.25
WP4284	Target_Hypergeom	0.022	502.25
WP4656	Target_Hypergeom	0.006	502.5
WP4830	Target_NonCentral	0.086	502.5
WP4269	Target_Hypergeom	0.051	502.75
WP26	Target_NonCentral	0.026	502.75
WP4269	Target_NonCentral	0.032	502.75
WP697	Target_NonCentral	0.103	502.75
WP2371	Target_NonCentral	0.01	503.0
WP229	Target_NonCentral	0.084	503.0
WP697	Target_Hypergeom	0.136	503.0
WP4830	Target_Hypergeom	0.099	503.25
WP229	Target_Hypergeom	0.101	503.25
WP3890	Target_NonCentral	0.014	503.5
WP2267	Target_Hypergeom	0.022	503.5
WP4577	Target_NonCentral	0.007	503.75
WP4947	Target_Hypergeom	0.064	504.0
WP3971	Target_NonCentral	0.044	504.0
WP1531	Target_Hypergeom	0.079	504.25
WP1531	Target_NonCentral	0.03	504.25
WP4905	Target_NonCentral	0.026	504.5
WP4814	Target_NonCentral	0.066	504.5
WP26	Target_Hypergeom	0.018	504.5
WP4022	Target_Hypergeom	0.037	504.5
WP4876	Target_Hypergeom	0.132	505.0
WP4947	Target_NonCentral	0.005	505.25
WP2361	Target_NonCentral	0.048	505.5
WP4876	Target_NonCentral	0.021	505.5
WP2436	Target_NonCentral	0.042	505.5
WP391	Target_NonCentral	0.086	505.5
WP22	Target_NonCentral	0.019	505.5
WP4873	Target_NonCentral	0.053	505.5
WP4873	Target_Hypergeom	0.12	505.5
WP2361	Target_Hypergeom	0.036	505.5
WP4814	Target_Hypergeom	0.101	505.5
WP3869	Target_NonCentral	0.024	505.5
WP4721	Target_NonCentral	0.054	505.5
WP2436	Target_Hypergeom	0.061	505.75
WP22	Target_Hypergeom	0.022	505.75
WP391	Target_Hypergeom	0.082	506.0
WP691	Target_NonCentral	0.132	506.0
WP732	Target_NonCentral	0.009	506.0
WP3869	Target_Hypergeom	0.014	506.0
WP691	Target_Hypergeom	0.143	506.0
WP4721	Target_Hypergeom	0.041	506.0
WP411	Target_Hypergeom	0.003	507.0
WP4905	Target_Hypergeom	0.019	507.5
WP531	Target_NonCentral	0.081	507.5
WP4720	Target_Hypergeom	0.046	507.75
WP4720	Target_NonCentral	0.024	507.75
WP4872	Target_NonCentral	0.043	508.0
WP1455	Target_Hypergeom	0.054	508.0
WP3300	Target_Hypergeom	0.013	508.0
WP3971	Target_Hypergeom	0.011	508.0
WP1455	Target_NonCentral	0.007	508.25
WP3300	Target_NonCentral	0.001	508.25
WP4872	Target_Hypergeom	0.051	508.25
WP107	Target_NonCentral	0.045	508.25
WP186	Target_Hypergeom	0.097	508.5
WP732	Target_Hypergeom	0.026	508.5
WP186	Target_NonCentral	0.056	508.5
WP4912	Target_NonCentral	0.072	508.75
WP2359	Target_NonCentral	0.028	509.0
WP3879	Target_NonCentral	0.024	509.0
WP2371	Target_Hypergeom	0.0	509.0
WP531	Target_Hypergeom	0.094	509.0
WP4224	Target_NonCentral	0.021	509.5
WP4224	Target_Hypergeom	0.019	509.5
WP4533	Target_NonCentral	0.028	510.0
WP3849	Target_NonCentral	0.02	510.0
WP3926	Target_NonCentral	0.056	510.0
WP4923	Target_NonCentral	0.022	510.0
WP4562	Target_NonCentral	0.03	510.0
WP4562	Target_Hypergeom	0.131	510.0
WP3926	Target_Hypergeom	0.081	510.0
WP3849	Target_Hypergeom	0.054	510.0
WP2453	Target_Hypergeom	0.01	510.5
WP3879	Target_Hypergeom	0.043	510.5
WP4577	Target_Hypergeom	0.002	510.5
WP2453	Target_NonCentral	0.01	510.5
WP357	Target_NonCentral	0.051	510.5
WP47	Target_NonCentral	0.071	510.75
WP4533	Target_Hypergeom	0.024	511.0
WP4912	Target_Hypergeom	0.063	511.0
WP3580	Target_NonCentral	0.039	511.0
WP143	Target_NonCentral	0.037	511.25
WP3580	Target_Hypergeom	0.034	511.5
WP357	Target_Hypergeom	0.051	511.5
WP107	Target_Hypergeom	0.022	511.5
WP4846	Target_Hypergeom	0.037	512.0
WP4846	Target_NonCentral	0.018	512.0
WP2359	Target_Hypergeom	0.01	512.0
WP3674	Target_NonCentral	0.011	512.0
WP47	Target_Hypergeom	0.071	512.0
WP3674	Target_Hypergeom	0.026	512.0
WP4923	Target_Hypergeom	0.01	512.25
WP3634	Target_NonCentral	0.05	513.0
WP696	Target_NonCentral	0.075	513.0
WP4883	Target_NonCentral	0.037	513.0
WP288	Target_NonCentral	0.039	513.0
WP3635	Target_NonCentral	0.05	513.0
WP696	Target_Hypergeom	0.104	513.0
WP288	Target_Hypergeom	0.064	513.0
WP4883	Target_Hypergeom	0.064	513.0
WP3635	Target_Hypergeom	0.055	513.0
WP3634	Target_Hypergeom	0.055	513.0
WP1424	Target_NonCentral	0.036	514.25
WP1424	Target_Hypergeom	0.059	514.5
WP4724	Target_NonCentral	0.05	514.5
WP4724	Target_Hypergeom	0.056	514.75
WP5052	Target_NonCentral	0.042	514.75
WP206	Target_NonCentral	0.089	515.0
WP4722	Target_NonCentral	0.033	515.0
WP206	Target_Hypergeom	0.101	515.0
WP143	Target_Hypergeom	0.033	515.0
WP4629	Target_NonCentral	0.084	515.5
WP4629	Target_Hypergeom	0.107	515.5
WP5052	Target_Hypergeom	0.041	516.0
WP698	Target_NonCentral	0.074	516.0
WP4788	Target_NonCentral	0.002	516.0
WP5104	Target_NonCentral	0.013	516.0
WP4788	Target_Hypergeom	0.003	516.0
WP5104	Target_Hypergeom	0.02	516.25
WP698	Target_Hypergeom	0.056	516.75
WP5074	Target_NonCentral	0.012	517.75
WP3930	Target_Hypergeom	0.029	518.0
WP3930	Target_NonCentral	0.031	518.0
WP2369	Target_NonCentral	0.013	518.0
WP5118	Target_NonCentral	0.018	518.0
WP5118	Target_Hypergeom	0.025	518.0
WP4722	Target_Hypergeom	0.024	518.0
WP325	Target_NonCentral	0.018	518.25
WP100	Target_NonCentral	0.035	518.5
WP4225	Target_NonCentral	0.061	518.75
WP3924	Target_NonCentral	0.014	519.0
WP4225	Target_Hypergeom	0.064	519.0
WP5074	Target_Hypergeom	0.006	519.0
WP3924	Target_Hypergeom	0.033	519.0
WP4240	Target_Hypergeom	0.055	519.25
WP4240	Target_NonCentral	0.042	519.25
WP325	Target_Hypergeom	0.014	519.75
WP111	Target_NonCentral	0.003	519.75
WP4190	Target_NonCentral	0.051	520.0
WP4190	Target_Hypergeom	0.05	520.0
WP247	Target_NonCentral	0.007	520.0
WP3938	Target_NonCentral	0.014	520.25
WP3938	Target_Hypergeom	0.08	520.25
WP247	Target_Hypergeom	0.001	520.5
WP3644	Target_Hypergeom	0.012	520.5
WP2916	Target_Hypergeom	0.011	520.5
WP699	Target_Hypergeom	0.052	520.5
WP4584	Target_Hypergeom	0.063	520.5
WP2369	Target_Hypergeom	0.001	520.5
WP699	Target_NonCentral	0.043	520.5
WP3644	Target_NonCentral	0.023	520.5
WP4584	Target_NonCentral	0.061	520.5
WP2916	Target_NonCentral	0.012	520.5
WP528	Target_Hypergeom	0.017	520.75
WP528	Target_NonCentral	0.015	520.75
WP404	Target_NonCentral	0.082	520.75
WP704	Target_NonCentral	0.042	520.75
WP3891	Target_NonCentral	0.013	520.75
WP704	Target_Hypergeom	0.046	520.75
WP3891	Target_Hypergeom	0.038	520.75
WP100	Target_Hypergeom	0.028	520.75
WP3876	Target_Hypergeom	0.062	521.0
WP2007	Target_Hypergeom	0.037	521.0
WP2007	Target_NonCentral	0.046	521.0
WP3876	Target_NonCentral	0.067	521.0
WP2854	Target_NonCentral	0.019	521.0
WP496	Target_NonCentral	0.077	521.0
WP3408	Target_Hypergeom	0.122	521.0
WP2854	Target_Hypergeom	0.018	521.0
WP496	Target_Hypergeom	0.086	521.0
WP2846	Target_Hypergeom	0.122	521.0
WP2846	Target_NonCentral	0.03	521.0
WP3408	Target_NonCentral	0.03	521.0
WP4725	Target_NonCentral	0.019	521.0
WP4726	Target_NonCentral	0.019	521.0
WP550	Target_NonCentral	0.064	521.0
WP4725	Target_Hypergeom	0.007	521.25
WP4726	Target_Hypergeom	0.006	521.25
WP404	Target_Hypergeom	0.063	521.5
WP4504	Target_NonCentral	0.011	521.5
WP4705	Target_NonCentral	0.045	521.5
WP550	Target_Hypergeom	0.041	521.5
WP4259	Target_NonCentral	0.058	521.5
WP3645	Target_NonCentral	0.014	521.5
WP4259	Target_Hypergeom	0.061	521.5
WP4504	Target_Hypergeom	0.009	521.5
WP1589	Target_NonCentral	0.019	521.75
WP3645	Target_Hypergeom	0.004	521.75
WP4705	Target_Hypergeom	0.042	521.75
WP1589	Target_Hypergeom	0.02	521.75
WP5116	Target_Hypergeom	0.021	522.0
WP497	Target_NonCentral	0.025	522.0
WP5116	Target_NonCentral	0.02	522.0
WP111	Target_Hypergeom	0.0	522.5
WP1422	Target_NonCentral	0.024	522.5
WP2333	Target_Hypergeom	0.023	523.75
WP405	Target_NonCentral	0.0	523.75
WP197	Target_NonCentral	0.061	523.75
WP2333	Target_NonCentral	0.023	523.75
WP197	Target_Hypergeom	0.058	524.0
WP477	Target_NonCentral	0.036	524.0
WP4900	Target_NonCentral	0.005	524.25
WP4030	Target_Hypergeom	0.003	524.25
WP497	Target_Hypergeom	0.005	524.25
WP4030	Target_NonCentral	0.002	524.25
WP334	Target_NonCentral	0.014	524.5
WP4723	Target_NonCentral	0.054	524.5
WP2533	Target_NonCentral	0.018	524.5
WP4723	Target_Hypergeom	0.047	524.5
WP1981	Target_Hypergeom	0.071	525.0
WP334	Target_Hypergeom	0.003	525.0
WP3958	Target_Hypergeom	0.029	525.0
WP3958	Target_NonCentral	0.029	525.0
WP1981	Target_NonCentral	0.066	525.0
WP1425	Target_NonCentral	0.026	525.25
WP1422	Target_Hypergeom	0.007	525.25
WP4688	Target_Hypergeom	0.034	525.5
WP4904	Target_Hypergeom	0.01	525.5
WP4900	Target_Hypergeom	0.0	525.5
WP1425	Target_Hypergeom	0.022	525.5
WP4688	Target_NonCentral	0.024	525.5
WP4904	Target_NonCentral	0.01	525.5
WP477	Target_Hypergeom	0.023	525.75
WP678	Target_NonCentral	0.023	526.0
WP2533	Target_Hypergeom	0.007	526.0
WP678	Target_Hypergeom	0.023	526.0
WP2646	Target_NonCentral	0.026	527.0
WP2646	Target_Hypergeom	0.106	527.0
WP733	Target_Hypergeom	0.057	527.0
WP4536	Target_NonCentral	0.003	527.0
WP733	Target_NonCentral	0.017	527.0
WP2366	Target_Hypergeom	0.085	527.25
WP2366	Target_NonCentral	0.012	527.25
WP3963	Target_Hypergeom	0.031	527.75
WP3963	Target_NonCentral	0.035	527.75
WP405	Target_Hypergeom	0.0	528.25
WP1423	Target_Hypergeom	0.009	528.5
WP4299	Target_NonCentral	0.0	528.5
WP2290	Target_NonCentral	0.005	528.5
WP2113	Target_NonCentral	0.05	528.5
WP4792	Target_NonCentral	0.003	528.5
WP4142	Target_NonCentral	0.006	528.5
WP5061	Target_NonCentral	0.036	528.5
WP368	Target_NonCentral	0.028	528.5
WP1423	Target_NonCentral	0.011	528.5
WP1602	Target_NonCentral	0.021	528.5
WP3655	Target_NonCentral	0.024	528.5
WP3934	Target_NonCentral	0.059	528.5
WP5061	Target_Hypergeom	0.034	528.5
WP368	Target_Hypergeom	0.021	528.5
WP3934	Target_Hypergeom	0.037	528.5
WP2113	Target_Hypergeom	0.049	528.5
WP4299	Target_Hypergeom	0.076	528.5
WP3655	Target_Hypergeom	0.017	528.5
WP4536	Target_Hypergeom	0.0	528.5
WP2290	Target_Hypergeom	0.0	528.5
WP4792	Target_Hypergeom	0.001	528.5
WP2816	Target_Hypergeom	0.072	529.0
WP2536	Target_Hypergeom	0.135	529.0
WP2596	Target_Hypergeom	0.031	529.0
WP1602	Target_Hypergeom	0.002	529.0
WP4220	Target_Hypergeom	0.056	529.0
WP2536	Target_NonCentral	0.004	529.0
WP2596	Target_NonCentral	0.031	529.0
WP4220	Target_NonCentral	0.052	529.0
WP4159	Target_NonCentral	0.01	529.0
WP2826	Target_Hypergeom	0.063	529.0
WP4142	Target_Hypergeom	0.003	529.0
WP2826	Target_NonCentral	0.026	529.0
WP4174	Target_Hypergeom	0.081	529.0
WP2816	Target_NonCentral	0.003	529.0
WP4174	Target_NonCentral	0.025	529.0
WP4292	Target_Hypergeom	0.005	529.25
WP4292	Target_NonCentral	0.008	529.25
WP3933	Target_NonCentral	0.016	529.5
WP4301	Target_NonCentral	0.002	529.75
WP3933	Target_Hypergeom	0.016	529.75
WP4297	Target_Hypergeom	0.005	529.75
WP4297	Target_NonCentral	0.031	529.75
WP4301	Target_Hypergeom	0.001	530.0
WP5027	Target_NonCentral	0.004	530.25
WP2942	Target_Hypergeom	0.002	530.5
WP4159	Target_Hypergeom	0.001	530.5
WP4799	Target_Hypergeom	0.006	530.5
WP501	Target_Hypergeom	0.017	530.5
WP4940	Target_Hypergeom	0.0	530.5
WP2942	Target_NonCentral	0.008	530.5
WP501	Target_NonCentral	0.027	530.5
WP5027	Target_Hypergeom	0.003	530.5
WP4940	Target_NonCentral	0.0	530.5
WP4799	Target_NonCentral	0.008	530.5
WP5119	Target_NonCentral	0.011	531.0
WP2291	Target_NonCentral	0.01	531.0
WP4583	Target_NonCentral	0.026	531.0
WP5119	Target_Hypergeom	0.007	531.0
WP4583	Target_Hypergeom	0.0	531.0
WP2291	Target_Hypergeom	0.008	531.0
WP2253	Target_NonCentral	0.018	531.25
WP2253	Target_Hypergeom	0.014	531.25
WP438	Target_NonCentral	0.014	532.0
WP438	Target_Hypergeom	0.001	532.0
WP545	Target_NonCentral	0.003	532.0
WP106	Target_Hypergeom	0.02	532.0
WP5089	Target_Hypergeom	0.002	532.0
WP1603	Target_Hypergeom	0.038	532.0
WP4927	Target_Hypergeom	0.003	532.0
WP4271	Target_NonCentral	0.006	532.0
WP4927	Target_NonCentral	0.01	532.0
WP106	Target_NonCentral	0.024	532.0
WP5089	Target_NonCentral	0.012	532.0
WP1603	Target_NonCentral	0.033	532.0
WP4271	Target_Hypergeom	0.005	532.0
WP545	Target_Hypergeom	0.0	532.25
WP2542	Target_NonCentral	0.02	532.25
WP2542	Target_Hypergeom	0.016	532.25
WP4784	Target_NonCentral	0.01	532.5
WP692	Target_Hypergeom	0.001	532.5
WP692	Target_NonCentral	0.004	532.5
WP4784	Target_Hypergeom	0.001	532.5
WP623	Target_NonCentral	0.001	533.0
WP3871	Target_Hypergeom	0.016	533.0
WP136	Target_Hypergeom	0.002	533.0
WP4818	Target_Hypergeom	0.014	533.0
WP4518	Target_Hypergeom	0.002	533.0
WP1600	Target_Hypergeom	0.026	533.0
WP694	Target_Hypergeom	0.005	533.0
WP1600	Target_NonCentral	0.027	533.0
WP4518	Target_NonCentral	0.003	533.0
WP694	Target_NonCentral	0.017	533.0
WP3871	Target_NonCentral	0.026	533.0
WP136	Target_NonCentral	0.012	533.0
WP2276	Target_NonCentral	0.019	533.0
WP4818	Target_NonCentral	0.017	533.0
WP2276	Target_Hypergeom	0.018	533.0
WP4742	Target_Hypergeom	0.001	533.5
WP4742	Target_NonCentral	0.003	533.5
WP58	Target_NonCentral	0.043	533.75
WP561	Target_Hypergeom	0.039	533.75
WP561	Target_NonCentral	0.046	533.75
WP3595	Target_NonCentral	0.016	533.75
WP58	Target_Hypergeom	0.003	533.75
WP3595	Target_Hypergeom	0.012	533.75
WP4785	Target_Hypergeom	0.004	534.0
WP5031	Target_Hypergeom	0.036	534.0
WP5031	Target_NonCentral	0.041	534.0
WP4785	Target_NonCentral	0.004	534.0
WP3529	Target_NonCentral	0.002	534.25
WP4521	Target_NonCentral	0.001	534.25
WP3585	Target_NonCentral	0.034	534.5
WP4804	Target_Hypergeom	0.003	534.5
WP623	Target_Hypergeom	0.0	534.5
WP5076	Target_Hypergeom	0.041	534.5
WP3585	Target_Hypergeom	0.032	534.5
WP5076	Target_NonCentral	0.046	534.5
WP4804	Target_NonCentral	0.014	534.5
WP3529	Target_Hypergeom	0.0	534.75
WP4922	Target_NonCentral	0.017	534.75
WP4922	Target_Hypergeom	0.001	535.0
WP4571	Target_Hypergeom	0.016	535.0
WP2491	Target_Hypergeom	0.023	535.0
WP4589	Target_Hypergeom	0.003	535.0
WP661	Target_Hypergeom	0.092	535.0
WP4863	Target_Hypergeom	0.006	535.0
WP2597	Target_Hypergeom	0.0	535.0
WP4815	Target_Hypergeom	0.0	535.0
WP4815	Target_NonCentral	0.0	535.0
WP661	Target_NonCentral	0.054	535.0
WP4589	Target_NonCentral	0.003	535.0
WP4863	Target_NonCentral	0.011	535.0
WP2597	Target_NonCentral	0.012	535.0
WP4571	Target_NonCentral	0.02	535.0
WP2491	Target_NonCentral	0.026	535.0
WP690	Target_NonCentral	0.029	535.25
WP690	Target_Hypergeom	0.024	535.25
WP4521	Target_Hypergeom	0.0	535.5
WP3875	Target_NonCentral	0.03	535.5
WP3875	Target_Hypergeom	0.017	535.5
WP4507	Target_NonCentral	0.003	535.75
WP4966	Target_NonCentral	0.035	535.75
WP4507	Target_Hypergeom	0.002	535.75
WP4966	Target_Hypergeom	0.023	535.75
WP5037	Target_Hypergeom	0.001	536.0
WP2943	Target_Hypergeom	0.06	536.0
WP80	Target_Hypergeom	0.0	536.0
WP1941	Target_Hypergeom	0.016	536.0
WP2338	Target_Hypergeom	0.0	536.0
WP3633	Target_Hypergeom	0.009	536.0
WP2805	Target_Hypergeom	0.0	536.0
WP2338	Target_NonCentral	0.002	536.0
WP2805	Target_NonCentral	0.002	536.0
WP3633	Target_NonCentral	0.039	536.0
WP1941	Target_NonCentral	0.036	536.0
WP5037	Target_NonCentral	0.002	536.0
WP2943	Target_NonCentral	0.051	536.0
WP80	Target_NonCentral	0.004	536.0
WP1495	Target_Hypergeom	0.039	536.5
WP2889	Target_NonCentral	0.02	536.5
WP1495	Target_NonCentral	0.057	536.5
WP4189	Target_Hypergeom	0.054	536.5
WP2889	Target_Hypergeom	0.007	536.5
WP4189	Target_NonCentral	0.057	536.5
WP4210	Target_NonCentral	0.003	537.0
WP4210	Target_Hypergeom	0.0	537.0
WP4532	Target_NonCentral	0.001	537.25
WP2645	Target_Hypergeom	0.0	537.25
WP2645	Target_NonCentral	0.012	537.25
WP4853	Target_Hypergeom	0.019	537.5
WP78	Target_NonCentral	0.004	537.5
WP4751	Target_NonCentral	0.045	537.5
WP4751	Target_Hypergeom	0.047	537.5
WP4532	Target_Hypergeom	0.0	537.5
WP4853	Target_NonCentral	0.029	537.5
WP78	Target_Hypergeom	0.0	537.75
WP4157	Target_NonCentral	0.037	538.0
WP4157	Target_Hypergeom	0.026	538.0
WP4324	Target_Hypergeom	0.008	538.5
WP4789	Target_Hypergeom	0.023	538.5
WP2640	Target_Hypergeom	0.032	538.5
WP4397	Target_Hypergeom	0.005	538.5
WP2640	Target_NonCentral	0.039	538.5
WP4789	Target_NonCentral	0.029	538.5
WP4324	Target_NonCentral	0.013	538.5
WP4397	Target_NonCentral	0.023	538.5
WP4317	Target_NonCentral	0.018	538.75
WP4317	Target_Hypergeom	0.002	538.75
WP4153	Target_NonCentral	0.0	539.5
WP4918	Target_NonCentral	0.0	539.5
WP5030	Target_NonCentral	0.016	539.5
WP4506	Target_NonCentral	0.0	539.5
WP4153	Target_Hypergeom	0.0	539.5
WP311	Target_Hypergeom	0.0	539.5
WP5030	Target_Hypergeom	0.0	539.5
WP311	Target_NonCentral	0.018	539.5
WP4661	Target_NonCentral	0.018	539.5
WP4506	Target_Hypergeom	0.0	539.5
WP4918	Target_Hypergeom	0.0	539.5
WP4661	Target_Hypergeom	0.001	539.5
WP4194	Target_NonCentral	0.029	539.75
WP4194	Target_Hypergeom	0.029	539.75
WP4931	Target_NonCentral	0.0	540.0
WP4931	Target_Hypergeom	0.0	540.0
WP4400	Target_Hypergeom	0.01	540.5
WP4400	Target_NonCentral	0.013	540.5
WP521	Target_NonCentral	0.026	540.5
WP4236	Target_NonCentral	0.021	540.5
WP4228	Target_NonCentral	0.014	540.5
WP2485	Target_NonCentral	0.008	540.5
WP4228	Target_Hypergeom	0.0	540.5
WP2485	Target_Hypergeom	0.0	540.5
WP3302	Target_NonCentral	0.012	540.5
WP521	Target_Hypergeom	0.006	540.5
WP3302	Target_Hypergeom	0.002	540.5
WP4236	Target_Hypergeom	0.008	540.5
WP4921	Target_NonCentral	0.0	540.75
WP4921	Target_Hypergeom	0.0	540.75
WP134	Target_NonCentral	0.009	541.0
WP134	Target_Hypergeom	0.0	541.0
WP4920	Target_NonCentral	0.0	541.75
WP4233	Target_NonCentral	0.0	541.75
WP4860	Target_NonCentral	0.0	541.75
WP3666	Target_NonCentral	0.0	541.75
WP688	Target_NonCentral	0.0	541.75
WP4519	Target_NonCentral	0.0	541.75
WP4519	Target_Hypergeom	0.0	541.75
WP3627	Target_Hypergeom	0.0	541.75
WP4920	Target_Hypergeom	0.0	541.75
WP4156	Target_Hypergeom	0.0	541.75
WP4860	Target_Hypergeom	0.0	541.75
WP688	Target_Hypergeom	0.0	541.75
WP3666	Target_Hypergeom	0.0	541.75
WP4233	Target_Hypergeom	0.0	541.75
WP4156	Target_NonCentral	0.0	541.75
WP3627	Target_NonCentral	0.0	541.75
